One “master” query: tables + columns + PK + FK + data types + defaults,,,,,,,,,,,,,,
,,,,,,,,,,,,,,
,,,,,,,,,,,,,,
SchemaName,TableName,ColumnOrder,ColumnName,DataType,IsNullable,IsIdentity,IsComputed,DefaultDefinition,PrimaryKeyOrdinal,FK_Name,RefSchema,RefTable,RefColumn,ColumnDescription
dbo,ADVERTISING_CODES,1,ADV_COMPANY_ID,int,0,0,0,NULL,1,NULL,NULL,NULL,NULL,NULL
dbo,ADVERTISING_CODES,2,ADV_DESCRIPTION,varchar(20),0,0,0,NULL,2,NULL,NULL,NULL,NULL,NULL
dbo,ADVERTISING_CODES,3,ADV_ID,int,0,1,0,NULL,NULL,NULL,NULL,NULL,NULL,NULL
dbo,AGING_INFO,1,AGE_MIN,int,0,0,0,NULL,1,NULL,NULL,NULL,NULL,NULL
dbo,AGING_INFO,2,AGE_MAX,int,0,0,0,NULL,2,NULL,NULL,NULL,NULL,NULL
dbo,AGING_INFO,3,AGE_DESC,varchar(50),0,0,0,NULL,NULL,NULL,NULL,NULL,NULL,NULL
dbo,AgingNames,1,Id,int,0,1,0,NULL,1,NULL,NULL,NULL,NULL,NULL
dbo,AgingNames,2,WarehouseId,int,0,0,0,NULL,NULL,FK_AgingNames_WAREHOUSE_MASTER,dbo,WAREHOUSE_MASTER,WHS_WHSMAS_ID,NULL
dbo,AgingNames,3,Name,varchar(50),0,0,0,NULL,NULL,NULL,NULL,NULL,NULL,NULL
dbo,AgingNames,4,TypeId,int,0,0,0,NULL,NULL,FK_AgingNames_AgingTypes,dbo,AgingTypes,Id,NULL
dbo,AgingPeriods,1,Id,int,0,1,0,NULL,1,NULL,NULL,NULL,NULL,NULL
dbo,AgingPeriods,2,AgingId,int,0,0,0,NULL,NULL,FK_AgingPeriods_AgingNames,dbo,AgingNames,Id,NULL
dbo,AgingPeriods,3,Days,smallint,0,0,0,NULL,NULL,NULL,NULL,NULL,NULL,NULL
dbo,AgingPeriods,4,Description,varchar(50),1,0,0,NULL,NULL,NULL,NULL,NULL,NULL,NULL
dbo,AgingTypes,1,Id,int,0,1,0,NULL,1,NULL,NULL,NULL,NULL,NULL
dbo,AgingTypes,2,Description,nvarchar(50),0,0,0,NULL,NULL,NULL,NULL,NULL,NULL,NULL
dbo,AP_CHECK,1,ACK_COMPANY_ID,int,0,0,0,NULL,NULL,NULL,NULL,NULL,NULL,NULL
dbo,AP_CHECK,2,ACK_WAREHOUSE_NUMBER,int,0,0,0,NULL,NULL,NULL,NULL,NULL,NULL,NULL
dbo,AP_CHECK,3,ACK_CHECK_NUMBER,int,0,0,0,NULL,NULL,NULL,NULL,NULL,NULL,NULL
dbo,AP_CHECK,4,ACK_VOUCHER_NUMBER,int,0,0,0,NULL,NULL,NULL,NULL,NULL,NULL,NULL
dbo,AP_CHECK,5,ACK_VENDOR_NUMBER,varchar(7),1,0,0,NULL,NULL,NULL,NULL,NULL,NULL,NULL
dbo,AP_CHECK,6,ACK_CHECK_TYPE,int,1,0,0,NULL,NULL,NULL,NULL,NULL,NULL,NULL
dbo,AP_CHECK,7,ACK_CHECK_DATE,datetime,1,0,0,NULL,NULL,NULL,NULL,NULL,NULL,NULL
dbo,AP_CHECK,8,ACK_CHECK_AMOUNT,float,1,0,0,NULL,NULL,NULL,NULL,NULL,NULL,NULL
dbo,AP_CHECK,9,ACK_INVOICE_NUMBER,varchar(20),1,0,0,NULL,NULL,NULL,NULL,NULL,NULL,NULL
dbo,AP_CHECK,10,ACK_INVOICE_DATE,datetime,1,0,0,NULL,NULL,NULL,NULL,NULL,NULL,NULL
dbo,AP_CHECK,11,ACK_INVOICE_AMOUNT_PAID,float,1,0,0,NULL,NULL,NULL,NULL,NULL,NULL,NULL
dbo,AP_CHECK,12,ACK_DISCOUNT_AMOUNT_PAID,float,1,0,0,NULL,NULL,NULL,NULL,NULL,NULL,NULL
dbo,AP_CHECK,13,ACK_1099_REPORTED_FLAG,bit,0,0,0,NULL,NULL,NULL,NULL,NULL,NULL,NULL
dbo,AP_CHECK,14,Id,int,0,1,0,NULL,NULL,NULL,NULL,NULL,NULL,NULL
dbo,AP_CHECK,15,ack_account_number,int,0,0,0,NULL,NULL,NULL,NULL,NULL,NULL,NULL
dbo,AP_CHECK,16,ACK_PAY_TO_NAME,varchar(30),1,0,0,NULL,NULL,NULL,NULL,NULL,NULL,NULL
dbo,AP_CHECK,17,ACK_CHECK_WHS_NUMBER,int,1,0,0,NULL,NULL,NULL,NULL,NULL,NULL,NULL
dbo,AP_CONTROL,1,ACT_COMPANY_ID,int,0,0,0,NULL,1,FK_AP_CONTROL_WAREHOUSE_MASTER,dbo,WAREHOUSE_MASTER,WHS_COMPANY_ID,NULL
dbo,AP_CONTROL,2,ACT_WAREHOUSE_NUMBER,int,0,0,0,NULL,2,FK_AP_CONTROL_WAREHOUSE_MASTER,dbo,WAREHOUSE_MASTER,WHS_WAREHOUSE_NUMBER,NULL
dbo,AP_CONTROL,3,ACT_AP_ACCOUNT_NUMBER,int,0,0,0,NULL,NULL,NULL,NULL,NULL,NULL,NULL
dbo,AP_CONTROL,4,ACT_CASH_ACCOUNT_NUMBER,int,0,0,0,NULL,NULL,NULL,NULL,NULL,NULL,NULL
dbo,AP_CONTROL,5,ACT_DISCOUNT_ACCOUNT_NUMBER,int,0,0,0,NULL,NULL,NULL,NULL,NULL,NULL,NULL
dbo,AP_CONTROL,6,ACT_AGING_METHOD,int,1,0,0,NULL,NULL,NULL,NULL,NULL,NULL,NULL
dbo,AP_CONTROL,7,ACT_AGING_DAYS_PERIOD_1,int,1,0,0,NULL,NULL,NULL,NULL,NULL,NULL,NULL
dbo,AP_CONTROL,8,ACT_AGING_DAYS_PERIOD_2,int,1,0,0,NULL,NULL,NULL,NULL,NULL,NULL,NULL
dbo,AP_CONTROL,9,ACT_AGING_DAYS_PERIOD_3,int,1,0,0,NULL,NULL,NULL,NULL,NULL,NULL,NULL
dbo,AP_CONTROL,10,ACT_AGING_DAYS_PERIOD_4,int,1,0,0,NULL,NULL,NULL,NULL,NULL,NULL,NULL
dbo,AP_CONTROL,11,ACT_PERIOD_DESCRIPTION_1,varchar(12),1,0,0,NULL,NULL,NULL,NULL,NULL,NULL,NULL
dbo,AP_CONTROL,12,ACT_PERIOD_DESCRIPTION_2,varchar(12),1,0,0,NULL,NULL,NULL,NULL,NULL,NULL,NULL
dbo,AP_CONTROL,13,ACT_PERIOD_DESCRIPTION_3,varchar(12),1,0,0,NULL,NULL,NULL,NULL,NULL,NULL,NULL
dbo,AP_CONTROL,14,ACT_PERIOD_DESCRIPTION_4,varchar(12),1,0,0,NULL,NULL,NULL,NULL,NULL,NULL,NULL
dbo,AP_CONTROL,15,ACT_LAST_VOUCHER_NUMBER,int,1,0,0,NULL,NULL,NULL,NULL,NULL,NULL,NULL
dbo,AP_CONTROL,16,ACT_LAST_CHECK_NUMBER,int,1,0,0,NULL,NULL,NULL,NULL,NULL,NULL,NULL
dbo,AP_CONTROL,17,ACT_COMPANY_NAME_ON_CHECK_FLAG,bit,0,0,0,NULL,NULL,NULL,NULL,NULL,NULL,NULL
dbo,AP_CONTROL,18,ACT_CHECK_NUMBER_LOC,bit,0,0,0,NULL,NULL,NULL,NULL,NULL,NULL,NULL
dbo,AP_CONTROL,19,ACT_VENDOR_HISTORY_FLAG,bit,0,0,0,NULL,NULL,NULL,NULL,NULL,NULL,NULL
dbo,AP_CONTROL,20,ACT_CUT_OFF_DATE,datetime,1,0,0,NULL,NULL,NULL,NULL,NULL,NULL,NULL
dbo,AP_CONTROL,21,ACT_PAYMENT_DATE,datetime,1,0,0,NULL,NULL,NULL,NULL,NULL,NULL,NULL
dbo,AP_CONTROL,22,ACT_NEXT_PAYMENT_DATE,datetime,1,0,0,NULL,NULL,NULL,NULL,NULL,NULL,NULL
dbo,AP_CONTROL,23,ACT_PRINT_1099_FLAG,bit,0,0,0,NULL,NULL,NULL,NULL,NULL,NULL,NULL
dbo,AP_CONTROL,24,ACT_1099_YEAR_END_DATE,datetime,1,0,0,NULL,NULL,NULL,NULL,NULL,NULL,NULL
dbo,AP_CONTROL,25,ACT_FEDERAL_ID_NUMBER,varchar(9),1,0,0,NULL,NULL,NULL,NULL,NULL,NULL,NULL
dbo,AP_CONTROL,26,ACT_FEDERAL_ID_NUMBER_TYPE,int,1,0,0,NULL,NULL,NULL,NULL,NULL,NULL,NULL
dbo,AP_CONTROL,27,ACT_LAST_INTEGRITY_REPORT_DATE,datetime,1,0,0,NULL,NULL,NULL,NULL,NULL,NULL,NULL
dbo,AP_CONTROL,28,ACT_PREV_NUMBER_VENDOR_RECS,int,1,0,0,NULL,NULL,NULL,NULL,NULL,NULL,NULL
dbo,AP_CONTROL,29,ACT_NUMBER_VENDOR_ADDED,int,1,0,0,NULL,NULL,NULL,NULL,NULL,NULL,NULL
dbo,AP_CONTROL,30,ACT_NUMBER_VENDOR_DELETED,int,1,0,0,NULL,NULL,NULL,NULL,NULL,NULL,NULL
dbo,AP_CONTROL,31,ACT_PREV_OPEN_FILE_TOTAL_BAL,float,1,0,0,NULL,NULL,NULL,NULL,NULL,NULL,NULL
dbo,AP_CONTROL,32,ACT_AP_OPEN_ADDED_AMOUNT,float,1,0,0,NULL,NULL,NULL,NULL,NULL,NULL,NULL
dbo,AP_CONTROL,33,ACT_AP_OPEN_DELETED_AMOUNT,float,1,0,0,NULL,NULL,NULL,NULL,NULL,NULL,NULL
dbo,AP_CONTROL,34,ACT_PREV_DIST_TOTAL_BALANCE,float,1,0,0,NULL,NULL,NULL,NULL,NULL,NULL,NULL
dbo,AP_CONTROL,35,ACT_CHANGE_LOG_PURGE_NUMBER,int,1,0,0,NULL,NULL,NULL,NULL,NULL,NULL,NULL
dbo,AP_DISTRIBUTION,1,APD_COMPANY_ID,int,0,0,0,NULL,NULL,NULL,NULL,NULL,NULL,NULL
dbo,AP_DISTRIBUTION,2,APD_WAREHOUSE_NUMBER,int,0,0,0,NULL,NULL,NULL,NULL,NULL,NULL,NULL
dbo,AP_DISTRIBUTION,3,APD_DISTRIBUTION_TYPE,int,0,0,0,NULL,NULL,NULL,NULL,NULL,NULL,NULL
dbo,AP_DISTRIBUTION,4,APD_ACCOUNT_NUMBER,int,0,0,0,NULL,NULL,NULL,NULL,NULL,NULL,NULL
dbo,AP_DISTRIBUTION,5,APD_DISTRIBUTION_DATE,datetime,0,0,0,NULL,NULL,NULL,NULL,NULL,NULL,NULL
dbo,AP_DISTRIBUTION,6,APD_VOUCHER_NUMBER,int,0,0,0,NULL,NULL,NULL,NULL,NULL,NULL,NULL
dbo,AP_DISTRIBUTION,7,APD_USER_ID,int,0,0,0,NULL,NULL,NULL,NULL,NULL,NULL,NULL
dbo,AP_DISTRIBUTION,8,APD_CORRECTION_FLAG,bit,0,0,0,NULL,NULL,NULL,NULL,NULL,NULL,NULL
dbo,AP_DISTRIBUTION,9,APD_VENDOR_NUMBER,varchar(7),1,0,0,NULL,NULL,NULL,NULL,NULL,NULL,NULL
dbo,AP_DISTRIBUTION,10,APD_DISTRIBUTION_CREDIT_AMOUNT,float,1,0,0,NULL,NULL,NULL,NULL,NULL,NULL,NULL
dbo,AP_DISTRIBUTION,11,APD_DISTRIBUTION_DEBIT_AMOUNT,float,1,0,0,NULL,NULL,NULL,NULL,NULL,NULL,NULL
dbo,AP_DISTRIBUTION,12,APD_INVOICE_NUMBER,varchar(20),1,0,0,NULL,NULL,NULL,NULL,NULL,NULL,NULL
dbo,AP_DISTRIBUTION,13,APD_JOURNAL_NUMBER,int,1,0,0,NULL,NULL,NULL,NULL,NULL,NULL,NULL
dbo,AP_DISTRIBUTION,14,APD_POST_TO_GL_FLAG,bit,0,0,0,NULL,NULL,NULL,NULL,NULL,NULL,NULL
dbo,AP_DISTRIBUTION,15,apd_GL_Entry_Whs,int,1,0,0,NULL,NULL,NULL,NULL,NULL,NULL,NULL
dbo,AP_IRS_1099,1,IRS_COMPANY_ID,int,0,0,0,NULL,NULL,NULL,NULL,NULL,NULL,NULL
dbo,AP_IRS_1099,2,IRS_RECORD_TYPE,int,1,0,0,NULL,NULL,NULL,NULL,NULL,NULL,NULL
dbo,AP_IRS_1099,3,IRS_PAYMENT_YEAR,int,1,0,0,NULL,NULL,NULL,NULL,NULL,NULL,NULL
dbo,AP_IRS_1099,4,IRS_PAYER_FEDERAL_ID_NUMBER,varchar(9),1,0,0,NULL,NULL,NULL,NULL,NULL,NULL,NULL
dbo,AP_IRS_1099,5,IRS_PAYER_FORM_TYPE,int,1,0,0,NULL,NULL,NULL,NULL,NULL,NULL,NULL
dbo,AP_IRS_1099,6,IRS_PAYER_NON_EMP_AMOUNT_7,varchar(1),1,0,0,NULL,NULL,NULL,NULL,NULL,NULL,NULL
dbo,AP_IRS_1099,7,IRS_PAYER_TRANSMIT_CTL_CODE,varchar(5),1,0,0,NULL,NULL,NULL,NULL,NULL,NULL,NULL
dbo,AP_IRS_1099,8,IRS_PAYER_NAME_LINE_1,varchar(30),1,0,0,NULL,NULL,NULL,NULL,NULL,NULL,NULL
dbo,AP_IRS_1099,9,IRS_PAYER_TRANSFER_AGENT_CODE,varchar(1),1,0,0,NULL,NULL,NULL,NULL,NULL,NULL,NULL
dbo,AP_IRS_1099,10,IRS_PAYER_ADDRESS,varchar(30),1,0,0,NULL,NULL,NULL,NULL,NULL,NULL,NULL
dbo,AP_IRS_1099,11,IRS_PAYER_CITY,varchar(20),1,0,0,NULL,NULL,NULL,NULL,NULL,NULL,NULL
dbo,AP_IRS_1099,12,IRS_PAYER_STATE,varchar(2),1,0,0,NULL,NULL,NULL,NULL,NULL,NULL,NULL
dbo,AP_IRS_1099,13,IRS_PAYER_ZIP_CODE,varchar(10),1,0,0,NULL,NULL,NULL,NULL,NULL,NULL,NULL
dbo,AP_IRS_1099,14,IRS_PAYEE_FEDERAL_NUMBER_TYPE,int,1,0,0,NULL,NULL,NULL,NULL,NULL,NULL,NULL
dbo,AP_IRS_1099,15,IRS_PAYEE_FEDERAL_ID_NUMBER,varchar(9),1,0,0,NULL,NULL,NULL,NULL,NULL,NULL,NULL
dbo,AP_IRS_1099,16,IRS_PAYEE_PAYMENT_AMOUNT_1,float,1,0,0,NULL,NULL,NULL,NULL,NULL,NULL,NULL
dbo,AP_IRS_1099,17,IRS_PAYEE_PAYMENT_AMOUNT_2,float,1,0,0,NULL,NULL,NULL,NULL,NULL,NULL,NULL
dbo,AP_IRS_1099,18,IRS_PAYEE_PAYMENT_AMOUNT_3,float,1,0,0,NULL,NULL,NULL,NULL,NULL,NULL,NULL
dbo,AP_IRS_1099,19,IRS_PAYEE_PAYMENT_AMOUNT_4,float,1,0,0,NULL,NULL,NULL,NULL,NULL,NULL,NULL
dbo,AP_IRS_1099,20,IRS_PAYEE_PAYMENT_AMOUNT_5,float,1,0,0,NULL,NULL,NULL,NULL,NULL,NULL,NULL
dbo,AP_IRS_1099,21,IRS_PAYEE_PAYMENT_AMOUNT_6,float,1,0,0,NULL,NULL,NULL,NULL,NULL,NULL,NULL
dbo,AP_IRS_1099,22,IRS_PAYEE_PAYMENT_AMOUNT_7,float,1,0,0,NULL,NULL,NULL,NULL,NULL,NULL,NULL
dbo,AP_IRS_1099,23,IRS_PAYEE_PAYMENT_AMOUNT_8,float,1,0,0,NULL,NULL,NULL,NULL,NULL,NULL,NULL
dbo,AP_IRS_1099,24,IRS_PAYEE_PAYMENT_AMOUNT_9,float,1,0,0,NULL,NULL,NULL,NULL,NULL,NULL,NULL
dbo,AP_IRS_1099,25,IRS_PAYEE_NAME,varchar(30),1,0,0,NULL,NULL,NULL,NULL,NULL,NULL,NULL
dbo,AP_IRS_1099,26,IRS_PAYEE_ADDRESS,varchar(30),1,0,0,NULL,NULL,NULL,NULL,NULL,NULL,NULL
dbo,AP_IRS_1099,27,IRS_PAYEE_CITY,varchar(30),1,0,0,NULL,NULL,NULL,NULL,NULL,NULL,NULL
dbo,AP_IRS_1099,28,IRS_PAYEE_STATE,varchar(2),1,0,0,NULL,NULL,NULL,NULL,NULL,NULL,NULL
dbo,AP_IRS_1099,29,IRS_PAYEE_ZIP_CODE,varchar(10),1,0,0,NULL,NULL,NULL,NULL,NULL,NULL,NULL
dbo,AP_LINK_SALES_ORDER,1,APS_COMPANY_ID,int,0,0,0,NULL,1,NULL,NULL,NULL,NULL,NULL
dbo,AP_LINK_SALES_ORDER,2,APS_WAREHOUSE_NUMBER,int,0,0,0,NULL,2,NULL,NULL,NULL,NULL,NULL
dbo,AP_LINK_SALES_ORDER,3,APS_VOUCHER_NUMBER,int,0,0,0,NULL,3,NULL,NULL,NULL,NULL,NULL
dbo,AP_LINK_SALES_ORDER,4,APS_SALES_ORDER_NUMBER,int,0,0,0,NULL,4,NULL,NULL,NULL,NULL,NULL
dbo,AP_LINK_SALES_ORDER,5,APS_SALES_ORDER_LINE_NO,int,0,0,0,NULL,5,NULL,NULL,NULL,NULL,NULL
dbo,AP_LINK_SALES_ORDER,6,APS_INVOICE_MATERIAL_APPLIED,"numeric(12,2)",1,0,0,NULL,NULL,NULL,NULL,NULL,NULL,NULL
dbo,AP_LINK_SALES_ORDER,7,APS_INVOICE_LABOR_APPLIED,"numeric(12,2)",1,0,0,NULL,NULL,NULL,NULL,NULL,NULL,NULL
dbo,AP_LINK_SALES_ORDER,8,APS_INVOICE_FREIGHT_APPLIED,"numeric(12,2)",1,0,0,NULL,NULL,NULL,NULL,NULL,NULL,NULL
dbo,AP_OPEN_ITEM,1,APO_COMPANY_ID,int,0,0,0,NULL,1,NULL,NULL,NULL,NULL,NULL
dbo,AP_OPEN_ITEM,2,APO_WAREHOUSE_NUMBER,int,0,0,0,NULL,2,NULL,NULL,NULL,NULL,NULL
dbo,AP_OPEN_ITEM,3,APO_VENDOR_NUMBER,varchar(7),0,0,0,NULL,NULL,NULL,NULL,NULL,NULL,NULL
dbo,AP_OPEN_ITEM,4,APO_VOUCHER_NUMBER,int,0,0,0,NULL,3,NULL,NULL,NULL,NULL,NULL
dbo,AP_OPEN_ITEM,5,APO_VOUCHER_TYPE,int,1,0,0,NULL,NULL,NULL,NULL,NULL,NULL,NULL
dbo,AP_OPEN_ITEM,6,APO_PURCHASE_ORDER_NUMBER,int,1,0,0,NULL,NULL,NULL,NULL,NULL,NULL,NULL
dbo,AP_OPEN_ITEM,7,APO_DISTRIBUTION_DATE,datetime,1,0,0,NULL,NULL,NULL,NULL,NULL,NULL,NULL
dbo,AP_OPEN_ITEM,8,APO_INVOICE_NUMBER,varchar(20),1,0,0,NULL,NULL,NULL,NULL,NULL,NULL,NULL
dbo,AP_OPEN_ITEM,9,APO_INVOICE_DATE,datetime,1,0,0,NULL,NULL,NULL,NULL,NULL,NULL,NULL
dbo,AP_OPEN_ITEM,10,APO_DUE_DATE,datetime,1,0,0,NULL,NULL,NULL,NULL,NULL,NULL,NULL
dbo,AP_OPEN_ITEM,11,APO_DUE_DATE_DISCOUNT_2,datetime,1,0,0,NULL,NULL,NULL,NULL,NULL,NULL,NULL
dbo,AP_OPEN_ITEM,12,APO_DUE_DATE_DISCOUNT_3,datetime,1,0,0,NULL,NULL,NULL,NULL,NULL,NULL,NULL
dbo,AP_OPEN_ITEM,13,APO_DUE_DAYS,int,1,0,0,NULL,NULL,NULL,NULL,NULL,NULL,NULL
dbo,AP_OPEN_ITEM,14,APO_DUE_DAYS_DISCOUNT_2,int,1,0,0,NULL,NULL,NULL,NULL,NULL,NULL,NULL
dbo,AP_OPEN_ITEM,15,APO_DUE_DAYS_DISCOUNT_3,int,1,0,0,NULL,NULL,NULL,NULL,NULL,NULL,NULL
dbo,AP_OPEN_ITEM,16,APO_DISCOUNT_DATE,datetime,1,0,0,NULL,NULL,NULL,NULL,NULL,NULL,NULL
dbo,AP_OPEN_ITEM,17,APO_DISCOUNT_DATE_DISCOUNT_2,datetime,1,0,0,NULL,NULL,NULL,NULL,NULL,NULL,NULL
dbo,AP_OPEN_ITEM,18,APO_DISCOUNT_DATE_DISCOUNT_3,datetime,1,0,0,NULL,NULL,NULL,NULL,NULL,NULL,NULL
dbo,AP_OPEN_ITEM,19,APO_DISCOUNT_DAYS,int,1,0,0,NULL,NULL,NULL,NULL,NULL,NULL,NULL
dbo,AP_OPEN_ITEM,20,APO_DISCOUNT_DAYS_DISCOUNT_2,int,1,0,0,NULL,NULL,NULL,NULL,NULL,NULL,NULL
dbo,AP_OPEN_ITEM,21,APO_DISCOUNT_DAYS_DISCOUNT_3,int,1,0,0,NULL,NULL,NULL,NULL,NULL,NULL,NULL
dbo,AP_OPEN_ITEM,22,APO_DISCOUNT_PERCENT,float,1,0,0,NULL,NULL,NULL,NULL,NULL,NULL,NULL
dbo,AP_OPEN_ITEM,23,APO_DISCOUNT_PERCENT_DISCOUNT_2,float,1,0,0,NULL,NULL,NULL,NULL,NULL,NULL,NULL
dbo,AP_OPEN_ITEM,24,APO_DISCOUNT_PERCENT_DISCOUNT_3,float,1,0,0,NULL,NULL,NULL,NULL,NULL,NULL,NULL
dbo,AP_OPEN_ITEM,25,APO_ORIGINAL_INVOICE_AMOUNT,float,1,0,0,NULL,NULL,NULL,NULL,NULL,NULL,NULL
dbo,AP_OPEN_ITEM,26,APO_ORIGINAL_DISCOUNT_AMOUNT,float,1,0,0,NULL,NULL,NULL,NULL,NULL,NULL,NULL
dbo,AP_OPEN_ITEM,27,APO_ORIGINAL_DISCOUNT_AMOUNT_2,float,1,0,0,NULL,NULL,NULL,NULL,NULL,NULL,NULL
dbo,AP_OPEN_ITEM,28,APO_ORIGINAL_DISCOUNT_AMOUNT_3,float,1,0,0,NULL,NULL,NULL,NULL,NULL,NULL,NULL
dbo,AP_OPEN_ITEM,29,APO_ORIGINAL_RETNGE_AMOUNT,float,1,0,0,NULL,NULL,NULL,NULL,NULL,NULL,NULL
dbo,AP_OPEN_ITEM,30,APO_INVOICE_BALANCE,float,1,0,0,NULL,NULL,NULL,NULL,NULL,NULL,NULL
dbo,AP_OPEN_ITEM,31,APO_DISCOUNT_BALANCE,float,1,0,0,NULL,NULL,NULL,NULL,NULL,NULL,NULL
dbo,AP_OPEN_ITEM,32,APO_CURRENT_PARTIAL_PAYMENT,float,1,0,0,NULL,NULL,NULL,NULL,NULL,NULL,NULL
dbo,AP_OPEN_ITEM,33,APO_CURRENT_DISCOUNT_AMOUNT,float,1,0,0,NULL,NULL,NULL,NULL,NULL,NULL,NULL
dbo,AP_OPEN_ITEM,34,APO_DISCOUNT_ACCOUNT_NUMBER,int,1,0,0,NULL,NULL,NULL,NULL,NULL,NULL,NULL
dbo,AP_OPEN_ITEM,35,APO_DISCOUNT_ACCOUNT_NUMBER_2,int,1,0,0,NULL,NULL,NULL,NULL,NULL,NULL,NULL
dbo,AP_OPEN_ITEM,36,APO_DISCOUNT_ACCOUNT_NUMBER_3,int,1,0,0,NULL,NULL,NULL,NULL,NULL,NULL,NULL
dbo,AP_OPEN_ITEM,37,APO_CASH_ACCOUNT_NUMBER,int,1,0,0,NULL,NULL,NULL,NULL,NULL,NULL,NULL
dbo,AP_OPEN_ITEM,38,APO_CHECK_NUMBER,int,1,0,0,NULL,NULL,NULL,NULL,NULL,NULL,NULL
dbo,AP_OPEN_ITEM,39,APO_CHECK_DATE,datetime,1,0,0,NULL,NULL,NULL,NULL,NULL,NULL,NULL
dbo,AP_OPEN_ITEM,40,APO_SELECTION_STATUS,int,1,0,0,NULL,NULL,NULL,NULL,NULL,NULL,NULL
dbo,AP_OPEN_ITEM,41,APO_CHECK_PRINTED_FLAG,bit,0,0,0,NULL,NULL,NULL,NULL,NULL,NULL,NULL
dbo,AP_OPEN_ITEM,42,APO_RETNGE_FLAG,bit,0,0,0,NULL,NULL,NULL,NULL,NULL,NULL,NULL
dbo,AP_OPEN_ITEM,43,APO_1099_VOUCHER_REPORTED_FLAG,bit,0,0,0,NULL,NULL,NULL,NULL,NULL,NULL,NULL
dbo,AP_OPEN_ITEM,44,APO_REFERENCE,varchar(30),1,0,0,NULL,NULL,NULL,NULL,NULL,NULL,NULL
dbo,AP_OPEN_ITEM,45,APO_USER_ID,int,1,0,0,NULL,NULL,NULL,NULL,NULL,NULL,NULL
dbo,AP_OPEN_ITEM,46,APO_NON_DISCOUNT_AMOUNT,float,1,0,0,NULL,NULL,NULL,NULL,NULL,NULL,NULL
dbo,AP_OPEN_ITEM,47,APO_SALES_TAX,float,1,0,0,NULL,NULL,NULL,NULL,NULL,NULL,NULL
dbo,AP_OPEN_ITEM,48,APO_VOUCHER_COMMENT,varchar(60),1,0,0,NULL,NULL,NULL,NULL,NULL,NULL,NULL
dbo,AP_OPEN_ITEM,49,APO_ID,int,0,1,0,NULL,NULL,NULL,NULL,NULL,NULL,NULL
dbo,AP_OPEN_ITEM,50,APO_CN_VOUCHER_NUMBER,int,1,0,0,NULL,NULL,NULL,NULL,NULL,NULL,NULL
dbo,AP_OPEN_ITEM,51,apo_installer_id,int,1,0,0,NULL,NULL,NULL,NULL,NULL,NULL,NULL
dbo,AP_OPEN_ITEM,52,APO_TIME_STAMP,timestamp,1,0,0,NULL,NULL,NULL,NULL,NULL,NULL,NULL
dbo,AP_OPEN_ITEM,53,APO_GST,float,1,0,0,NULL,NULL,NULL,NULL,NULL,NULL,NULL
dbo,AP_OPEN_ITEM,54,APO_CANCEL_DATE,datetime,1,0,0,NULL,NULL,NULL,NULL,NULL,NULL,NULL
dbo,AP_OPEN_ITEM_ADJUSTMENT_TRANS,1,AOT_COMPANY_ID,int,0,0,0,NULL,NULL,NULL,NULL,NULL,NULL,NULL
dbo,AP_OPEN_ITEM_ADJUSTMENT_TRANS,2,AOT_WAREHOUSE_NUMBER,int,0,0,0,NULL,NULL,NULL,NULL,NULL,NULL,NULL
dbo,AP_OPEN_ITEM_ADJUSTMENT_TRANS,3,AOT_USER_ID,int,0,0,0,NULL,NULL,NULL,NULL,NULL,NULL,NULL
dbo,AP_OPEN_ITEM_ADJUSTMENT_TRANS,4,AOT_TRANSACTION_TYPE,int,0,0,0,NULL,NULL,NULL,NULL,NULL,NULL,NULL
dbo,AP_OPEN_ITEM_ADJUSTMENT_TRANS,5,AOT_VENDOR_NUMBER,varchar(7),0,0,0,NULL,NULL,NULL,NULL,NULL,NULL,NULL
dbo,AP_OPEN_ITEM_ADJUSTMENT_TRANS,6,AOT_CHECK_NUMBER,int,1,0,0,NULL,NULL,NULL,NULL,NULL,NULL,NULL
dbo,AP_OPEN_ITEM_ADJUSTMENT_TRANS,7,AOT_VOUCHER_NUMBER,int,0,0,0,NULL,NULL,NULL,NULL,NULL,NULL,NULL
dbo,AP_OPEN_ITEM_ADJUSTMENT_TRANS,8,AOT_INVOICE_NUMBER,varchar(20),1,0,0,NULL,NULL,NULL,NULL,NULL,NULL,NULL
dbo,AP_OPEN_ITEM_ADJUSTMENT_TRANS,9,AOT_INVOICE_DATE,datetime,1,0,0,NULL,NULL,NULL,NULL,NULL,NULL,NULL
dbo,AP_OPEN_ITEM_ADJUSTMENT_TRANS,10,AOT_INVOICE_BALANCE,float,1,0,0,NULL,NULL,NULL,NULL,NULL,NULL,NULL
dbo,AP_OPEN_ITEM_ADJUSTMENT_TRANS,11,AOT_DISCOUNT_BALANCE,float,1,0,0,NULL,NULL,NULL,NULL,NULL,NULL,NULL
dbo,AP_OPEN_ITEM_ADJUSTMENT_TRANS,12,AOT_OLD_DUE_DATE,datetime,1,0,0,NULL,NULL,NULL,NULL,NULL,NULL,NULL
dbo,AP_OPEN_ITEM_ADJUSTMENT_TRANS,13,AOT_NEW_DUE_DATE,datetime,1,0,0,NULL,NULL,NULL,NULL,NULL,NULL,NULL
dbo,AP_OPEN_ITEM_ADJUSTMENT_TRANS,14,AOT_OLD_DISCOUNT_DATE,datetime,1,0,0,NULL,NULL,NULL,NULL,NULL,NULL,NULL
dbo,AP_OPEN_ITEM_ADJUSTMENT_TRANS,15,AOT_NEW_DISCOUNT_DATE,datetime,1,0,0,NULL,NULL,NULL,NULL,NULL,NULL,NULL
dbo,AP_OPEN_ITEM_ADJUSTMENT_TRANS,16,AOT_NEW_DISCOUNT_BALANCE,float,1,0,0,NULL,NULL,NULL,NULL,NULL,NULL,NULL
dbo,AP_OPEN_ITEM_ADJUSTMENT_TRANS,17,AOT_CHECK_DATE,datetime,1,0,0,NULL,NULL,NULL,NULL,NULL,NULL,NULL
dbo,AP_OPEN_ITEM_ADJUSTMENT_TRANS,18,AOT_AMOUNT_PAID,float,1,0,0,NULL,NULL,NULL,NULL,NULL,NULL,NULL
dbo,AP_OPEN_ITEM_ADJUSTMENT_TRANS,19,AOT_DISCOUNT_TAKEN,float,1,0,0,NULL,NULL,NULL,NULL,NULL,NULL,NULL
dbo,AP_OPEN_ITEM_ADJUSTMENT_TRANS,20,AOT_CASH_ACCOUNT_NUMBER,int,1,0,0,NULL,NULL,NULL,NULL,NULL,NULL,NULL
dbo,AP_OPEN_ITEM_ADJUSTMENT_TRANS,21,AOT_RETAINAGE_FLAG,bit,0,0,0,NULL,NULL,NULL,NULL,NULL,NULL,NULL
dbo,AP_OPEN_ITEM_ADJUSTMENT_TRANS,22,AOT_1099_REPORTED_FLAG,bit,0,0,0,NULL,NULL,NULL,NULL,NULL,NULL,NULL
dbo,AP_OPEN_ITEM_ADJUSTMENT_TRANS,23,AOT_CORRECTION_FLAG,bit,0,0,0,NULL,NULL,NULL,NULL,NULL,NULL,NULL
dbo,AP_TRANSACTION,1,APT_COMPANY_ID,int,0,0,0,NULL,NULL,NULL,NULL,NULL,NULL,NULL
dbo,AP_TRANSACTION,2,APT_WAREHOUSE_NUMBER,int,0,0,0,NULL,NULL,NULL,NULL,NULL,NULL,NULL
dbo,AP_TRANSACTION,3,APT_INVOICE_NUMBER,varchar(20),0,0,0,NULL,NULL,NULL,NULL,NULL,NULL,NULL
dbo,AP_TRANSACTION,4,APT_VOUCHER_NUMBER,int,0,0,0,NULL,NULL,NULL,NULL,NULL,NULL,NULL
dbo,AP_TRANSACTION,5,APT_USER_ID,int,1,0,0,NULL,NULL,NULL,NULL,NULL,NULL,NULL
dbo,AP_TRANSACTION,6,APT_VOUCHER_TYPE,int,1,0,0,NULL,NULL,NULL,NULL,NULL,NULL,NULL
dbo,AP_TRANSACTION,7,APT_VENDOR_NUMBER,varchar(7),1,0,0,NULL,NULL,NULL,NULL,NULL,NULL,NULL
dbo,AP_TRANSACTION,8,APT_CN_VOUCHER_NUMBER,int,1,0,0,NULL,NULL,NULL,NULL,NULL,NULL,NULL
dbo,AP_TRANSACTION,9,APT_PURCHASE_ORDER_NUMBER,int,1,0,0,NULL,NULL,NULL,NULL,NULL,NULL,NULL
dbo,AP_TRANSACTION,10,APT_REFERENCE,varchar(30),1,0,0,NULL,NULL,NULL,NULL,NULL,NULL,NULL
dbo,AP_TRANSACTION,11,APT_RECEIVED_NUMBER_1,int,1,0,0,NULL,NULL,NULL,NULL,NULL,NULL,NULL
dbo,AP_TRANSACTION,12,APT_RECEIVED_NUMBER_2,int,1,0,0,NULL,NULL,NULL,NULL,NULL,NULL,NULL
dbo,AP_TRANSACTION,13,APT_RECEIVED_NUMBER_3,int,1,0,0,NULL,NULL,NULL,NULL,NULL,NULL,NULL
dbo,AP_TRANSACTION,14,APT_RECEIVED_NUMBER_4,int,1,0,0,NULL,NULL,NULL,NULL,NULL,NULL,NULL
dbo,AP_TRANSACTION,15,APT_DISTRIBUTION_DATE,datetime,1,0,0,NULL,NULL,NULL,NULL,NULL,NULL,NULL
dbo,AP_TRANSACTION,16,APT_INVOICE_DATE,datetime,1,0,0,NULL,NULL,NULL,NULL,NULL,NULL,NULL
dbo,AP_TRANSACTION,17,APT_INVOICE_AMOUNT,float,1,0,0,NULL,NULL,NULL,NULL,NULL,NULL,NULL
dbo,AP_TRANSACTION,18,APT_NON_DISCOUNT_AMOUNT,float,1,0,0,NULL,NULL,NULL,NULL,NULL,NULL,NULL
dbo,AP_TRANSACTION,19,APT_DUE_DAYS,int,1,0,0,NULL,NULL,NULL,NULL,NULL,NULL,NULL
dbo,AP_TRANSACTION,20,APT_DUE_DAYS_2,int,1,0,0,NULL,NULL,NULL,NULL,NULL,NULL,NULL
dbo,AP_TRANSACTION,21,APT_DUE_DAYS_3,int,1,0,0,NULL,NULL,NULL,NULL,NULL,NULL,NULL
dbo,AP_TRANSACTION,22,APT_DUE_DATE,datetime,1,0,0,NULL,NULL,NULL,NULL,NULL,NULL,NULL
dbo,AP_TRANSACTION,23,APT_DUE_DATE_2,datetime,1,0,0,NULL,NULL,NULL,NULL,NULL,NULL,NULL
dbo,AP_TRANSACTION,24,APT_DUE_DATE_3,datetime,1,0,0,NULL,NULL,NULL,NULL,NULL,NULL,NULL
dbo,AP_TRANSACTION,25,APT_DISCOUNT_DAYS,int,1,0,0,NULL,NULL,NULL,NULL,NULL,NULL,NULL
dbo,AP_TRANSACTION,26,APT_DISCOUNT_DAYS_2,int,1,0,0,NULL,NULL,NULL,NULL,NULL,NULL,NULL
dbo,AP_TRANSACTION,27,APT_DISCOUNT_DAYS_3,int,1,0,0,NULL,NULL,NULL,NULL,NULL,NULL,NULL
dbo,AP_TRANSACTION,28,APT_DISCOUNT_DATE,datetime,1,0,0,NULL,NULL,NULL,NULL,NULL,NULL,NULL
dbo,AP_TRANSACTION,29,APT_DISCOUNT_DATE_2,datetime,1,0,0,NULL,NULL,NULL,NULL,NULL,NULL,NULL
dbo,AP_TRANSACTION,30,APT_DISCOUNT_DATE_3,datetime,1,0,0,NULL,NULL,NULL,NULL,NULL,NULL,NULL
dbo,AP_TRANSACTION,31,APT_DISCOUNT_PERCENT_AMOUNT,float,1,0,0,NULL,NULL,NULL,NULL,NULL,NULL,NULL
dbo,AP_TRANSACTION,32,APT_DISCOUNT_PERCENT_AMOUNT_2,float,1,0,0,NULL,NULL,NULL,NULL,NULL,NULL,NULL
dbo,AP_TRANSACTION,33,APT_DISCOUNT_PERCENT_AMOUNT_3,float,1,0,0,NULL,NULL,NULL,NULL,NULL,NULL,NULL
dbo,AP_TRANSACTION,34,APT_DISCOUNT_AMOUNT,float,1,0,0,NULL,NULL,NULL,NULL,NULL,NULL,NULL
dbo,AP_TRANSACTION,35,APT_DISCOUNT_AMOUNT_2,float,1,0,0,NULL,NULL,NULL,NULL,NULL,NULL,NULL
dbo,AP_TRANSACTION,36,APT_DISCOUNT_AMOUNT_3,float,1,0,0,NULL,NULL,NULL,NULL,NULL,NULL,NULL
dbo,AP_TRANSACTION,37,APT_DISCOUNT_ACCOUNT_NUMBER,int,1,0,0,NULL,NULL,NULL,NULL,NULL,NULL,NULL
dbo,AP_TRANSACTION,38,APT_DISCOUNT_ACCOUNT_NUMBER_2,int,1,0,0,NULL,NULL,NULL,NULL,NULL,NULL,NULL
dbo,AP_TRANSACTION,39,APT_DISCOUNT_ACCOUNT_NUMBER_3,int,1,0,0,NULL,NULL,NULL,NULL,NULL,NULL,NULL
dbo,AP_TRANSACTION,40,APT_CHECK_NUMBER,int,1,0,0,NULL,NULL,NULL,NULL,NULL,NULL,NULL
dbo,AP_TRANSACTION,41,APT_CHECK_DATE,datetime,1,0,0,NULL,NULL,NULL,NULL,NULL,NULL,NULL
dbo,AP_TRANSACTION,42,APT_CASH_ACCOUNT_NUMBER,int,1,0,0,NULL,NULL,NULL,NULL,NULL,NULL,NULL
dbo,AP_TRANSACTION,43,APT_TOTAL_RETAINED,float,1,0,0,NULL,NULL,NULL,NULL,NULL,NULL,NULL
dbo,AP_TRANSACTION,44,APT_RETNGE_FLAG,bit,0,0,0,NULL,NULL,NULL,NULL,NULL,NULL,NULL
dbo,AP_TRANSACTION,45,APT_1099_REPORTED_FLAG,bit,0,0,0,NULL,NULL,NULL,NULL,NULL,NULL,NULL
dbo,AP_TRANSACTION,46,APT_CORRECTION_FLAG,bit,0,0,0,NULL,NULL,NULL,NULL,NULL,NULL,NULL
dbo,AP_TRANSACTION,47,APT_SALES_TAX,float,1,0,0,NULL,NULL,NULL,NULL,NULL,NULL,NULL
dbo,AP_TRANSACTION,48,apt_installer_id,int,1,0,0,NULL,NULL,NULL,NULL,NULL,NULL,NULL
dbo,AP_TRANSACTION,49,APT_GST,float,1,0,0,NULL,NULL,NULL,NULL,NULL,NULL,NULL
dbo,AP_TRANSACTION_DISTRIBUTION,1,ATD_COMPANY_ID,int,0,0,0,NULL,NULL,NULL,NULL,NULL,NULL,NULL
dbo,AP_TRANSACTION_DISTRIBUTION,2,ATD_WAREHOUSE_NUMBER,int,0,0,0,NULL,NULL,NULL,NULL,NULL,NULL,NULL
dbo,AP_TRANSACTION_DISTRIBUTION,3,ATD_VOUCHER_NUMBER,int,0,0,0,NULL,NULL,NULL,NULL,NULL,NULL,NULL
dbo,AP_TRANSACTION_DISTRIBUTION,4,ATD_JOB_NUMBER,varchar(7),1,0,0,NULL,NULL,NULL,NULL,NULL,NULL,NULL
dbo,AP_TRANSACTION_DISTRIBUTION,5,ATD_SUB_JOB_NUMBER,int,1,0,0,NULL,NULL,NULL,NULL,NULL,NULL,NULL
dbo,AP_TRANSACTION_DISTRIBUTION,6,ATD_CHANGE_ORDER_NUMBER,int,1,0,0,NULL,NULL,NULL,NULL,NULL,NULL,NULL
dbo,AP_TRANSACTION_DISTRIBUTION,7,ATD_CAT_NUMBER,int,1,0,0,NULL,NULL,NULL,NULL,NULL,NULL,NULL
dbo,AP_TRANSACTION_DISTRIBUTION,8,ATD_ACCOUNT_NUMBER,int,0,0,0,NULL,NULL,NULL,NULL,NULL,NULL,NULL
dbo,AP_TRANSACTION_DISTRIBUTION,9,ATD_QUANTITY,float,1,0,0,NULL,NULL,NULL,NULL,NULL,NULL,NULL
dbo,AP_TRANSACTION_DISTRIBUTION,10,ATD_CREDIT_AMOUNT,float,1,0,0,NULL,NULL,NULL,NULL,NULL,NULL,NULL
dbo,AP_TRANSACTION_DISTRIBUTION,11,ATD_DEBIT_AMOUNT,float,1,0,0,NULL,NULL,NULL,NULL,NULL,NULL,NULL
dbo,AP_TRANSACTION_DISTRIBUTION,12,ATD_RETAINED_AMOUNT,float,1,0,0,NULL,NULL,NULL,NULL,NULL,NULL,NULL
dbo,AP_TRANSACTION_DISTRIBUTION,13,ATD_REFERENCE,varchar(25),1,0,0,NULL,NULL,NULL,NULL,NULL,NULL,NULL
dbo,AP_TRANSACTION_DISTRIBUTION,14,ATD_JOB_DESCRIPTION,varchar(25),1,0,0,NULL,NULL,NULL,NULL,NULL,NULL,NULL
dbo,AP_TRANSACTION_DISTRIBUTION,15,ATD_SUB_JOB_DESCRIPTION,varchar(25),1,0,0,NULL,NULL,NULL,NULL,NULL,NULL,NULL
dbo,AP_TRANSACTION_DISTRIBUTION,16,ATD_CHANGE_ORDER_DESCRIPTION,varchar(25),1,0,0,NULL,NULL,NULL,NULL,NULL,NULL,NULL
dbo,AP_TRANSACTION_DISTRIBUTION,17,ATD_CAT_DESCRIPTION,varchar(25),1,0,0,NULL,NULL,NULL,NULL,NULL,NULL,NULL
dbo,AP_TRANSACTION_DISTRIBUTION,18,ATD_COST_TYPE,int,1,0,0,NULL,NULL,NULL,NULL,NULL,NULL,NULL
dbo,AP_TRANSACTION_DISTRIBUTION,19,ATD_UNIT,varchar(4),1,0,0,NULL,NULL,NULL,NULL,NULL,NULL,NULL
dbo,AP_TRANSACTION_DISTRIBUTION,20,atd_GL_Entry_Whs,int,1,0,0,NULL,NULL,NULL,NULL,NULL,NULL,NULL
dbo,AP_TRANSACTION_DISTRIBUTION,21,ATD_DIVISION,int,1,0,0,0,NULL,NULL,NULL,NULL,NULL,NULL
dbo,AP_TRANSACTION_DISTRIBUTION,22,ATD_TOW,int,1,0,0,0,NULL,NULL,NULL,NULL,NULL,NULL
dbo,AP_VENDOR_HISTORY,1,AVH_COMPANY_ID,int,0,0,0,NULL,NULL,NULL,NULL,NULL,NULL,NULL
dbo,AP_VENDOR_HISTORY,2,AVH_WAREHOUSE_NUMBER,int,0,0,0,NULL,NULL,NULL,NULL,NULL,NULL,NULL
dbo,AP_VENDOR_HISTORY,3,AVH_VENDOR_NUMBER,varchar(7),0,0,0,NULL,NULL,NULL,NULL,NULL,NULL,NULL
dbo,AP_VENDOR_HISTORY,4,AVH_INVOICE_NUMBER,varchar(20),0,0,0,NULL,NULL,NULL,NULL,NULL,NULL,NULL
dbo,AP_VENDOR_HISTORY,5,AVH_DOCUMENT_TYPE,int,0,0,0,NULL,NULL,NULL,NULL,NULL,NULL,NULL
dbo,AP_VENDOR_HISTORY,6,AVH_DISTRIBUTION_DATE,datetime,0,0,0,NULL,NULL,NULL,NULL,NULL,NULL,NULL
dbo,AP_VENDOR_HISTORY,7,AVH_SEQUENCE_NUMBER,int,0,0,0,NULL,NULL,NULL,NULL,NULL,NULL,NULL
dbo,AP_VENDOR_HISTORY,8,AVH_CHECK_DATE,datetime,1,0,0,NULL,NULL,NULL,NULL,NULL,NULL,NULL
dbo,AP_VENDOR_HISTORY,9,AVH_CHECK_NUMBER,int,1,0,0,NULL,NULL,NULL,NULL,NULL,NULL,NULL
dbo,AP_VENDOR_HISTORY,10,AVH_VOUCHER_NUMBER,int,1,0,0,NULL,NULL,NULL,NULL,NULL,NULL,NULL
dbo,AP_VENDOR_HISTORY,11,AVH_INVOICE_DATE,datetime,1,0,0,NULL,NULL,NULL,NULL,NULL,NULL,NULL
dbo,AP_VENDOR_HISTORY,12,AVH_AMOUNT,float,1,0,0,NULL,NULL,NULL,NULL,NULL,NULL,NULL
dbo,AP_VENDOR_HISTORY,13,AVH_DISCOUNT,float,1,0,0,NULL,NULL,NULL,NULL,NULL,NULL,NULL
dbo,AP_VENDOR_HISTORY,14,AVH_RETNGE,float,1,0,0,NULL,NULL,NULL,NULL,NULL,NULL,NULL
dbo,AP_VENDOR_HISTORY,15,AVH_JOURNAL_NUMBER,int,1,0,0,NULL,NULL,NULL,NULL,NULL,NULL,NULL
dbo,AP_VENDOR_HISTORY,16,AVH_PURCHASE_ORDER_NUMBER,int,1,0,0,NULL,NULL,NULL,NULL,NULL,NULL,NULL
dbo,AP_VENDOR_HISTORY,17,AVH_VOID_CHECK_DATE,datetime,1,0,0,NULL,NULL,NULL,NULL,NULL,NULL,NULL
dbo,AP_VENDOR_HISTORY,18,AVH_TRANSFER_FLAG,bit,0,0,0,NULL,NULL,NULL,NULL,NULL,NULL,NULL
dbo,AP_VENDOR_HISTORY,19,AVH_FISCAL_PERIOD,int,1,0,0,NULL,NULL,NULL,NULL,NULL,NULL,NULL
dbo,AP_VENDOR_HISTORY,20,AVH_USER_ID,int,1,0,0,NULL,NULL,NULL,NULL,NULL,NULL,NULL
dbo,AP_VENDOR_HISTORY,21,AVH_ACCOUNT_NUMBER,int,1,0,0,NULL,NULL,NULL,NULL,NULL,NULL,NULL
dbo,AP_VENDOR_HISTORY,22,avh_fiscal_year,int,0,0,0,NULL,NULL,NULL,NULL,NULL,NULL,NULL
dbo,AP_VENDOR_HISTORY,23,AVH_POST_VOID_CHECK_DATE,datetime,1,0,0,NULL,NULL,NULL,NULL,NULL,NULL,NULL
dbo,AP_VENDOR_HISTORY,24,AVH_CHECK_WHS_NUMBER,int,1,0,0,NULL,NULL,NULL,NULL,NULL,NULL,NULL
dbo,AP_VENDOR_HISTORY,25,AVH_IDENTITYYN,int,0,1,0,NULL,1,NULL,NULL,NULL,NULL,NULL
dbo,ApartmentManagement,1,Id,int,0,1,0,NULL,1,NULL,NULL,NULL,NULL,NULL
dbo,ApartmentManagement,2,Customer_id,int,1,0,0,NULL,NULL,NULL,NULL,NULL,NULL,NULL
dbo,ApartmentManagement,3,Comment,nvarchar(200),1,0,0,NULL,NULL,NULL,NULL,NULL,NULL,NULL
dbo,ApartmentManagement,4,TimeStamp,timestamp,1,0,0,NULL,NULL,NULL,NULL,NULL,NULL,NULL
dbo,ApartmentQuote,1,Id,int,0,1,0,NULL,1,NULL,NULL,NULL,NULL,NULL
dbo,ApartmentQuote,2,ApartmentType_id,int,1,0,0,NULL,NULL,FK_ApartmentQuote_ApartmentType,dbo,ApartmentType,Id,NULL
dbo,ApartmentQuote,3,Item_id,int,1,0,0,NULL,NULL,NULL,NULL,NULL,NULL,NULL
dbo,ApartmentQuote,4,Yards,float,1,0,0,NULL,NULL,NULL,NULL,NULL,NULL,NULL
dbo,ApartmentQuote,5,Width,float,1,0,0,NULL,NULL,NULL,NULL,NULL,NULL,NULL
dbo,ApartmentQuote,6,Length,float,1,0,0,NULL,NULL,NULL,NULL,NULL,NULL,NULL
dbo,ApartmentQuote,7,timeStamp,timestamp,1,0,0,NULL,NULL,NULL,NULL,NULL,NULL,NULL
dbo,ApartmentQuote,8,Allowance,float,1,0,0,NULL,NULL,NULL,NULL,NULL,NULL,NULL
dbo,ApartmentRoomQuote,1,Id,int,0,1,0,NULL,1,NULL,NULL,NULL,NULL,NULL
dbo,ApartmentRoomQuote,2,ApartmentTypeRoom_id,int,1,0,0,NULL,NULL,FK_ApartmentRoomQuote_ApartmentTypeRoom,dbo,ApartmentTypeRoom,Id,NULL
dbo,ApartmentRoomQuote,3,Item_id,int,1,0,0,NULL,NULL,NULL,NULL,NULL,NULL,NULL
dbo,ApartmentRoomQuote,4,Yards,float,1,0,0,NULL,NULL,NULL,NULL,NULL,NULL,NULL
dbo,ApartmentRoomQuote,5,Width,float,1,0,0,NULL,NULL,NULL,NULL,NULL,NULL,NULL
dbo,ApartmentRoomQuote,6,Length,float,1,0,0,NULL,NULL,NULL,NULL,NULL,NULL,NULL
dbo,ApartmentRoomQuote,7,timeStamp,timestamp,1,0,0,NULL,NULL,NULL,NULL,NULL,NULL,NULL
dbo,ApartmentRoomQuote,8,Allowance,float,1,0,0,NULL,NULL,NULL,NULL,NULL,NULL,NULL
dbo,Apartments,1,Id,int,0,1,0,NULL,1,NULL,NULL,NULL,NULL,NULL
dbo,Apartments,2,Building_id,int,1,0,0,NULL,NULL,FK_Apartments_Buildings,dbo,Buildings,Id,NULL
dbo,Apartments,3,ApartmentType_Id,int,1,0,0,NULL,NULL,FK_Apartments_ApartmentType,dbo,ApartmentType,Id,NULL
dbo,Apartments,4,ApartmentNumber,nvarchar(10),1,0,0,NULL,NULL,NULL,NULL,NULL,NULL,NULL
dbo,Apartments,5,Address,nvarchar(50),1,0,0,NULL,NULL,NULL,NULL,NULL,NULL,NULL
dbo,ApartmentType,1,Id,int,0,1,0,NULL,1,NULL,NULL,NULL,NULL,NULL
dbo,ApartmentType,2,Description,nvarchar(50),1,0,0,NULL,NULL,NULL,NULL,NULL,NULL,NULL
dbo,ApartmentType,3,Complex_id,int,1,0,0,NULL,NULL,FK_ApartmentType_Complex,dbo,Complex,Id,NULL
dbo,ApartmentType,4,TimeStamp,timestamp,1,0,0,NULL,NULL,NULL,NULL,NULL,NULL,NULL
dbo,ApartmentType,5,Comments,text,1,0,0,(null),NULL,NULL,NULL,NULL,NULL,NULL
dbo,ApartmentTypeDocument,1,Id,int,0,1,0,NULL,1,NULL,NULL,NULL,NULL,NULL
dbo,ApartmentTypeDocument,2,DateCreated,smalldatetime,1,0,0,NULL,NULL,NULL,NULL,NULL,NULL,NULL
dbo,ApartmentTypeDocument,3,DateModified,smalldatetime,1,0,0,NULL,NULL,NULL,NULL,NULL,NULL,NULL
dbo,ApartmentTypeDocument,4,Subject,varchar(255),1,0,0,NULL,NULL,NULL,NULL,NULL,NULL,NULL
dbo,ApartmentTypeDocument,5,ApartmentType_id,int,1,0,0,NULL,NULL,FK_ApartmentDocument_ApartmentType,dbo,ApartmentType,Id,NULL
dbo,ApartmentTypeDocument,7,TimeStamp,timestamp,0,0,0,NULL,NULL,NULL,NULL,NULL,NULL,NULL
dbo,ApartmentTypeDocument,8,Document,varchar(255),1,0,0,NULL,NULL,NULL,NULL,NULL,NULL,NULL
dbo,ApartmentTypeRoom,1,Id,int,0,1,0,NULL,1,NULL,NULL,NULL,NULL,NULL
dbo,ApartmentTypeRoom,2,ApartmentType_id,int,1,0,0,NULL,NULL,FK_ApartmentTypeRoom_ApartmentType,dbo,ApartmentType,Id,NULL
dbo,ApartmentTypeRoom,3,Description,nvarchar(50),1,0,0,NULL,NULL,NULL,NULL,NULL,NULL,NULL
dbo,ApartmentTypeRoom,4,TimeStamp,timestamp,1,0,0,NULL,NULL,NULL,NULL,NULL,NULL,NULL
dbo,ApartmentTypeRoom,5,Comments,varchar(150),1,0,0,(null),NULL,NULL,NULL,NULL,NULL,NULL
dbo,AR_OPEN_ITEM,1,ARO_COMPANY_ID,int,0,0,0,NULL,1,NULL,NULL,NULL,NULL,NULL
dbo,AR_OPEN_ITEM,2,ARO_WHSMAS_ID,int,0,0,0,NULL,2,NULL,NULL,NULL,NULL,NULL
dbo,AR_OPEN_ITEM,3,ARO_INVOICE_NUMBER,int,0,0,0,NULL,3,NULL,NULL,NULL,NULL,NULL
dbo,AR_OPEN_ITEM,4,ARO_CUSTOMER_NUMBER,varchar(10),0,0,0,NULL,4,NULL,NULL,NULL,NULL,NULL
dbo,AR_OPEN_ITEM,5,ARO_INVOICE_DATE,datetime,1,0,0,NULL,NULL,NULL,NULL,NULL,NULL,NULL
dbo,AR_OPEN_ITEM,6,ARO_INVOICE_AMOUNT,float,1,0,0,NULL,NULL,NULL,NULL,NULL,NULL,NULL
dbo,AR_OPEN_ITEM,7,ARO_INVOICE_BALANCE_DUE,float,1,0,0,NULL,NULL,NULL,NULL,NULL,NULL,NULL
dbo,AR_OPEN_ITEM,8,ARO_INVOICE_TYPE,varchar(1),1,0,0,NULL,NULL,NULL,NULL,NULL,NULL,NULL
dbo,AR_OPEN_ITEM,9,ARO_INVOICE_SOURCE,varchar(1),1,0,0,NULL,NULL,NULL,NULL,NULL,NULL,NULL
dbo,AR_OPEN_ITEM,10,ARO_TRANSACTION_NUMBER,int,1,0,0,NULL,NULL,NULL,NULL,NULL,NULL,NULL
dbo,AR_OPEN_ITEM,11,ARO_SALES_ORDER_NUMBER,int,1,0,0,NULL,NULL,NULL,NULL,NULL,NULL,NULL
dbo,AR_OPEN_ITEM,12,ARO_SALES_ORDER_STORE,int,1,0,0,NULL,NULL,NULL,NULL,NULL,NULL,NULL
dbo,AR_OPEN_ITEM,13,ARO_TAXABLE_AMOUNT,float,1,0,0,NULL,NULL,NULL,NULL,NULL,NULL,NULL
dbo,AR_OPEN_ITEM,14,ARO_NON_TAXABLE_AMOUNT,float,1,0,0,NULL,NULL,NULL,NULL,NULL,NULL,NULL
dbo,AR_OPEN_ITEM,15,ARO_TAX_AMOUNT,float,1,0,0,NULL,NULL,NULL,NULL,NULL,NULL,NULL
dbo,AR_OPEN_ITEM,16,ARO_DISCOUNT_ALLOWED_FLAG,bit,0,0,0,NULL,NULL,NULL,NULL,NULL,NULL,NULL
dbo,AR_OPEN_ITEM,17,ARO_DISCOUNT_DATE,datetime,1,0,0,NULL,NULL,NULL,NULL,NULL,NULL,NULL
dbo,AR_OPEN_ITEM,18,ARO_DISCOUNT_AMOUNT,float,1,0,0,NULL,NULL,NULL,NULL,NULL,NULL,NULL
dbo,AR_OPEN_ITEM,19,ARO_SALESMAN_NUMBER,int,1,0,0,NULL,NULL,NULL,NULL,NULL,NULL,NULL
dbo,AR_OPEN_ITEM,20,ARO_DUE_DATE,datetime,1,0,0,NULL,NULL,NULL,NULL,NULL,NULL,NULL
dbo,AR_OPEN_ITEM,21,ARO_OFF_LINE_AMOUNT,float,1,0,0,NULL,NULL,NULL,NULL,NULL,NULL,NULL
dbo,AR_OPEN_ITEM,22,ARO_HISTORY,bit,0,0,0,NULL,NULL,NULL,NULL,NULL,NULL,NULL
dbo,AR_OPEN_ITEM,23,ARO_DATE_PAID_IN_FULL,varchar(50),1,0,0,NULL,NULL,NULL,NULL,NULL,NULL,NULL
dbo,AR_OPEN_ITEM,24,ARO_TERMS_CODE,int,1,0,0,NULL,NULL,NULL,NULL,NULL,NULL,NULL
dbo,AR_OPEN_ITEM,25,ARO_TAXMAS_ID,int,1,0,0,NULL,NULL,NULL,NULL,NULL,NULL,NULL
dbo,AR_OPEN_ITEM,26,ARO_REFERENCE_NUMBER,varchar(30),1,0,0,NULL,NULL,NULL,NULL,NULL,NULL,NULL
dbo,AR_OPEN_ITEM,27,ARO_RETNGE_AMOUNT,"decimal(9,2)",1,0,0,NULL,NULL,NULL,NULL,NULL,NULL,NULL
dbo,AR_OPEN_ITEM,28,ARO_FINANCE_CHARGE_PERIOD,datetime,1,0,0,NULL,NULL,NULL,NULL,NULL,NULL,NULL
dbo,AR_OPEN_ITEM,29,ARO_TIMBERLINE_FLAG,bit,0,0,0,NULL,NULL,NULL,NULL,NULL,NULL,NULL
dbo,AR_OPEN_ITEM,30,ARO_PAYMENT_STATUS,int,1,0,0,NULL,NULL,NULL,NULL,NULL,NULL,NULL
dbo,AR_OPEN_ITEM,31,ARO_ID,int,0,1,0,NULL,NULL,NULL,NULL,NULL,NULL,NULL
dbo,AR_OPEN_ITEM,32,ARO_PAYMENT_PROCESS,bit,1,0,0,0,NULL,NULL,NULL,NULL,NULL,NULL
dbo,AR_OPEN_ITEM,33,ARO_810_INVOICE_DOCUMENT,bit,1,0,0,NULL,NULL,NULL,NULL,NULL,NULL,NULL
dbo,AR_OPEN_ITEM,34,ARO_QUICKBOOK_TRANSFERED_FLAG,bit,1,0,0,0,NULL,NULL,NULL,NULL,NULL,NULL
dbo,AR_TRANSACTION_FILE,1,ART_COMPANY_ID,int,1,0,0,NULL,NULL,NULL,NULL,NULL,NULL,NULL
dbo,AR_TRANSACTION_FILE,2,ART_WHSMAS_ID,int,1,0,0,NULL,NULL,NULL,NULL,NULL,NULL,NULL
dbo,AR_TRANSACTION_FILE,3,ART_INVOICE_NUMBER,int,1,0,0,NULL,NULL,NULL,NULL,NULL,NULL,NULL
dbo,AR_TRANSACTION_FILE,4,ART_CUSTOMER_NUMBER,varchar(10),1,0,0,NULL,NULL,NULL,NULL,NULL,NULL,NULL
dbo,AR_TRANSACTION_FILE,5,ART_TRANSACTION_TYPE,varchar(50),1,0,0,NULL,NULL,NULL,NULL,NULL,NULL,NULL
dbo,AR_TRANSACTION_FILE,6,ART_TRANSACTION_DATE,datetime,1,0,0,NULL,NULL,NULL,NULL,NULL,NULL,NULL
dbo,AR_TRANSACTION_FILE,7,ART_TRANSACTION_AMOUNT,float,1,0,0,NULL,NULL,NULL,NULL,NULL,NULL,NULL
dbo,AR_TRANSACTION_FILE,8,ART_TRANSACTION_REFERENCE,varchar(50),1,0,0,NULL,NULL,NULL,NULL,NULL,NULL,NULL
dbo,AR_TRANSACTION_FILE,9,ART_PAYMENT_DISCOUNT,float,1,0,0,NULL,NULL,NULL,NULL,NULL,NULL,NULL
dbo,AR_TRANSACTION_FILE,10,ART_HISTORY,bit,0,0,0,NULL,NULL,NULL,NULL,NULL,NULL,NULL
dbo,AR_TRANSACTION_FILE,11,ART_GL_NUMBER,int,1,0,0,NULL,NULL,NULL,NULL,NULL,NULL,NULL
dbo,AR_TRANSACTION_FILE,12,ART_ID,int,0,1,0,NULL,NULL,NULL,NULL,NULL,NULL,NULL
dbo,AR_TRANSACTION_FILE,13,ART_TIMBERLINE_FLAG,bit,0,0,0,NULL,NULL,NULL,NULL,NULL,NULL,NULL
dbo,AR_TRANSACTION_FILE,14,ART_QB_TRANSFERED_FLAG,bit,0,0,0,((0)),NULL,NULL,NULL,NULL,NULL,NULL
dbo,ArchiveControl,1,Id,int,0,1,0,NULL,1,NULL,NULL,NULL,NULL,NULL
dbo,ArchiveControl,2,Company_Id,int,1,0,0,NULL,NULL,NULL,NULL,NULL,NULL,NULL
dbo,ArchiveControl,3,UserName,nvarchar(20),1,0,0,NULL,NULL,NULL,NULL,NULL,NULL,NULL
dbo,ArchiveControl,4,CutoffDate,smalldatetime,1,0,0,NULL,NULL,NULL,NULL,NULL,NULL,NULL
dbo,ArchiveControl,5,Password,nvarchar(20),1,0,0,NULL,NULL,NULL,NULL,NULL,NULL,NULL
dbo,ArchiveControl,6,StartProcess,smalldatetime,1,0,0,NULL,NULL,NULL,NULL,NULL,NULL,NULL
dbo,ArchiveControl,7,EndProcess,smalldatetime,1,0,0,NULL,NULL,NULL,NULL,NULL,NULL,NULL
dbo,BatchInvoiceReportData,1,SONumber,int,1,0,0,NULL,NULL,NULL,NULL,NULL,NULL,NULL
dbo,BatchInvoiceReportData,2,CompanyID,int,1,0,0,NULL,NULL,NULL,NULL,NULL,NULL,NULL
dbo,BatchInvoiceReportData,3,WarehouseID,int,1,0,0,NULL,NULL,NULL,NULL,NULL,NULL,NULL
dbo,BatchInvoiceReportData,4,CustomerNumber,varchar(255),1,0,0,NULL,NULL,NULL,NULL,NULL,NULL,NULL
dbo,BatchInvoiceReportData,5,CustomerName,varchar(255),1,0,0,NULL,NULL,NULL,NULL,NULL,NULL,NULL
dbo,BatchInvoiceReportData,6,DateWanted,datetime,1,0,0,NULL,NULL,NULL,NULL,NULL,NULL,NULL
dbo,BatchInvoiceReportData,7,DateOrdered,datetime,1,0,0,NULL,NULL,NULL,NULL,NULL,NULL,NULL
dbo,BatchInvoiceReportData,8,DateInvoiced,datetime,1,0,0,NULL,NULL,NULL,NULL,NULL,NULL,NULL
dbo,BatchInvoiceReportData,9,Status,varchar(6000),1,0,0,NULL,NULL,NULL,NULL,NULL,NULL,NULL
dbo,BatchInvoiceReportData,10,Result,varchar(255),1,0,0,NULL,NULL,NULL,NULL,NULL,NULL,NULL
dbo,BILL_OF_LADING,1,BL_SALES_ID,int,1,0,0,NULL,NULL,NULL,NULL,NULL,NULL,NULL
dbo,BILL_OF_LADING,2,BL_FREIGHT_CHARGE_ID,int,1,0,0,NULL,NULL,NULL,NULL,NULL,NULL,NULL
dbo,BILL_OF_LADING,3,BL_THIRD_PARTY_NAME,varchar(50),1,0,0,NULL,NULL,NULL,NULL,NULL,NULL,NULL
dbo,BILL_OF_LADING,4,BL_THIRD_PARTY_ADDRESS1,varchar(50),1,0,0,NULL,NULL,NULL,NULL,NULL,NULL,NULL
dbo,BILL_OF_LADING,5,BL_THIRD_PARTY_ADDRESS2,varchar(50),1,0,0,NULL,NULL,NULL,NULL,NULL,NULL,NULL
dbo,BILL_OF_LADING,6,BL_THIRD_PARTY_ADDRESS3,varchar(50),1,0,0,NULL,NULL,NULL,NULL,NULL,NULL,NULL
dbo,BILL_OF_LADING,7,BL_THIRD_PARTY_CITY,varchar(50),1,0,0,NULL,NULL,NULL,NULL,NULL,NULL,NULL
dbo,BILL_OF_LADING,8,BL_THIRD_PARTY_STATE,varchar(2),1,0,0,NULL,NULL,NULL,NULL,NULL,NULL,NULL
dbo,BILL_OF_LADING,9,BL_THIRD_PARTY_ZIP,varchar(10),1,0,0,NULL,NULL,NULL,NULL,NULL,NULL,NULL
dbo,BILL_OF_LADING,10,BL_SLC,varchar(60),1,0,0,NULL,NULL,NULL,NULL,NULL,NULL,NULL
dbo,BILL_OF_LADING_LINES,1,BLL_ID,int,0,1,0,NULL,NULL,NULL,NULL,NULL,NULL,NULL
dbo,BILL_OF_LADING_LINES,2,BLL_SALES_ID,int,0,0,0,NULL,NULL,NULL,NULL,NULL,NULL,NULL
dbo,BILL_OF_LADING_LINES,3,BLL_QUANTITY,int,0,0,0,NULL,NULL,NULL,NULL,NULL,NULL,NULL
dbo,BILL_OF_LADING_LINES,4,BLL_PACKAGING_ID,int,0,0,0,NULL,NULL,NULL,NULL,NULL,NULL,NULL
dbo,BILL_OF_LADING_PACKAGES,1,BOL_ID,"numeric(18,0)",0,1,0,NULL,NULL,NULL,NULL,NULL,NULL,NULL
dbo,BILL_OF_LADING_PACKAGES,2,BOL_CLASS,varchar(20),1,0,0,NULL,NULL,NULL,NULL,NULL,NULL,NULL
dbo,BILL_OF_LADING_PACKAGES,3,BOL_DESCRIPTION,varchar(300),1,0,0,NULL,NULL,NULL,NULL,NULL,NULL,NULL
dbo,BILL_OF_LADING_PACKAGES,4,BOL_COMPANY_ID,int,0,0,0,NULL,NULL,NULL,NULL,NULL,NULL,NULL
dbo,BILL_OF_LADING_PACKAGES,5,BOL_WEIGHT,float,1,0,0,NULL,NULL,NULL,NULL,NULL,NULL,NULL
dbo,Builder,1,Id,uniqueidentifier,0,0,0,NULL,1,BuilderCustomerId_fk,dbo,CUSTOMER_MASTER,Id,NULL
dbo,Builder,2,InactiveDate,smalldatetime,1,0,0,NULL,NULL,NULL,NULL,NULL,NULL,NULL
dbo,Builder,3,TimeStamp,timestamp,0,0,0,NULL,NULL,NULL,NULL,NULL,NULL,NULL
dbo,Buildings,1,Id,int,0,1,0,NULL,1,NULL,NULL,NULL,NULL,NULL
dbo,Buildings,2,Complex_id,int,1,0,0,NULL,NULL,FK_Buildings_Complex,dbo,Complex,Id,NULL
dbo,Buildings,3,BuildingNumber,nvarchar(10),1,0,0,NULL,NULL,NULL,NULL,NULL,NULL,NULL
dbo,CalendarBaseExceptions,1,Id,int,0,1,0,NULL,1,NULL,NULL,NULL,NULL,NULL
dbo,CalendarBaseExceptions,2,Start,smalldatetime,0,0,0,NULL,NULL,NULL,NULL,NULL,NULL,NULL
dbo,CalendarBaseExceptions,3,End,smalldatetime,0,0,0,NULL,NULL,NULL,NULL,NULL,NULL,NULL
dbo,CalendarBaseExceptions,4,Description,varchar(2000),1,0,0,NULL,NULL,NULL,NULL,NULL,NULL,NULL
dbo,CalendarBaseExceptions,5,BaseId,int,0,0,0,NULL,NULL,FK_CalendarBaseExceptions_CalendarBases,dbo,CalendarBases,Id,NULL
dbo,CalendarBaseExceptions,6,CategoryId,int,0,0,0,NULL,NULL,FK_CalendarBaseExceptions_ExceptionCategories,dbo,ExceptionCategories,Id,NULL
dbo,CalendarBases,1,Id,int,0,1,0,NULL,1,NULL,NULL,NULL,NULL,NULL
dbo,CalendarBases,2,Description,varchar(50),1,0,0,NULL,NULL,NULL,NULL,NULL,NULL,NULL
dbo,CanceledPurchaseOrder,1,Id,int,0,1,0,NULL,1,NULL,NULL,NULL,NULL,NULL
dbo,CanceledPurchaseOrder,2,Company_Id,int,0,0,0,NULL,NULL,NULL,NULL,NULL,NULL,NULL
dbo,CanceledPurchaseOrder,3,WareHouse_Id,int,1,0,0,NULL,NULL,NULL,NULL,NULL,NULL,NULL
dbo,CanceledPurchaseOrder,4,PurchaseOrderNumber,int,0,0,0,NULL,NULL,NULL,NULL,NULL,NULL,NULL
dbo,CanceledPurchaseOrder,5,PurchaseOrderDate,smalldatetime,0,0,0,NULL,NULL,NULL,NULL,NULL,NULL,NULL
dbo,CanceledPurchaseOrder,6,Vendor_id,int,1,0,0,NULL,NULL,NULL,NULL,NULL,NULL,NULL
dbo,CanceledPurchaseOrder,7,CanceledDate,smalldatetime,1,0,0,NULL,NULL,NULL,NULL,NULL,NULL,NULL
dbo,CAPACITY_MASTER,1,CAP_COMPANY_ID,int,0,0,0,NULL,1,NULL,NULL,NULL,NULL,NULL
dbo,CAPACITY_MASTER,2,CAP_WHS_NUMBER,int,0,0,0,NULL,2,NULL,NULL,NULL,NULL,NULL
dbo,CAPACITY_MASTER,3,CAP_INSTALL_DATE,datetime,0,0,0,NULL,3,NULL,NULL,NULL,NULL,NULL
dbo,CAPACITY_MASTER,4,CAP_CARPET_CAP,real,1,0,0,NULL,NULL,NULL,NULL,NULL,NULL,NULL
dbo,CAPACITY_MASTER,5,CAP_CARPET_SCHEDULE,real,1,0,0,NULL,NULL,NULL,NULL,NULL,NULL,NULL
dbo,CAPACITY_MASTER,6,CAP_CARPET_STATUS,varchar(1),1,0,0,NULL,NULL,NULL,NULL,NULL,NULL,NULL
dbo,CAPACITY_MASTER,7,CAP_CARPET_CLOSED,bit,0,0,0,NULL,NULL,NULL,NULL,NULL,NULL,NULL
dbo,CAPACITY_MASTER,8,CAP_VINYL_CAP,real,1,0,0,NULL,NULL,NULL,NULL,NULL,NULL,NULL
dbo,CAPACITY_MASTER,9,CAP_VINYL_SCHEDULE,real,1,0,0,NULL,NULL,NULL,NULL,NULL,NULL,NULL
dbo,CAPACITY_MASTER,10,CAP_VINYL_STATUS,varchar(1),1,0,0,NULL,NULL,NULL,NULL,NULL,NULL,NULL
dbo,CAPACITY_MASTER,11,CAP_VINYL_CLOSED,bit,0,0,0,NULL,NULL,NULL,NULL,NULL,NULL,NULL
dbo,CAPACITY_MASTER,12,CAP_TILE_CAP,real,1,0,0,NULL,NULL,NULL,NULL,NULL,NULL,NULL
dbo,CAPACITY_MASTER,13,CAP_TILE_SCHEDULE,real,1,0,0,NULL,NULL,NULL,NULL,NULL,NULL,NULL
dbo,CAPACITY_MASTER,14,CAP_TILE_STATUS,varchar(1),1,0,0,NULL,NULL,NULL,NULL,NULL,NULL,NULL
dbo,CAPACITY_MASTER,15,CAP_TILE_CLOSED,bit,0,0,0,NULL,NULL,NULL,NULL,NULL,NULL,NULL
dbo,CAPACITY_MASTER,16,CAP_WOOD_CAP,real,1,0,0,NULL,NULL,NULL,NULL,NULL,NULL,NULL
dbo,CAPACITY_MASTER,17,CAP_WOOD_SCHEDULE,real,1,0,0,NULL,NULL,NULL,NULL,NULL,NULL,NULL
dbo,CAPACITY_MASTER,18,CAP_WOOD_STATUS,varchar(1),1,0,0,NULL,NULL,NULL,NULL,NULL,NULL,NULL
dbo,CAPACITY_MASTER,19,CAP_WOOD_CLOSED,bit,0,0,0,NULL,NULL,NULL,NULL,NULL,NULL,NULL
dbo,CASH_DRAW_RECONCILIATION,1,CRF_COMPANY_ID,int,0,0,0,NULL,1,NULL,NULL,NULL,NULL,NULL
dbo,CASH_DRAW_RECONCILIATION,2,CRF_STORE_NUMBER,int,0,0,0,NULL,2,NULL,NULL,NULL,NULL,NULL
dbo,CASH_DRAW_RECONCILIATION,3,CRF_LINE_NUMBER,int,0,0,0,NULL,3,NULL,NULL,NULL,NULL,NULL
dbo,CASH_DRAW_RECONCILIATION,4,CRF_RECONCILIATION_DATE,datetime,0,0,0,NULL,4,NULL,NULL,NULL,NULL,NULL
dbo,CASH_DRAW_RECONCILIATION,5,CRF_SALESMAN_NUMBER,varchar(6),1,0,0,NULL,NULL,NULL,NULL,NULL,NULL,NULL
dbo,CASH_DRAW_RECONCILIATION,6,CRF_DESCRIPTION,varchar(40),1,0,0,NULL,NULL,NULL,NULL,NULL,NULL,NULL
dbo,CASH_DRAW_RECONCILIATION,7,CRF_AMOUNT,float,1,0,0,NULL,NULL,NULL,NULL,NULL,NULL,NULL
dbo,CASH_DRAW_RECONCILIATION,8,CRF_COMMENT,varchar(255),1,0,0,NULL,NULL,NULL,NULL,NULL,NULL,NULL
dbo,CASH_DRAW_RECONCILIATION,9,CRF_USER,varchar(20),1,0,0,NULL,NULL,NULL,NULL,NULL,NULL,NULL
dbo,CASH_DRAW_RECONCILIATION,10,CRF_WORKSTATION,varchar(50),1,0,0,NULL,NULL,NULL,NULL,NULL,NULL,NULL
dbo,CASH_DRAW_RECONCILIATION,11,CRF_CUTOFFDATE,datetime,1,0,0,NULL,NULL,NULL,NULL,NULL,NULL,NULL
dbo,CASH_JOURNAL,1,CSH_COMPANY_ID,int,0,0,0,NULL,1,NULL,NULL,NULL,NULL,NULL
dbo,CASH_JOURNAL,2,CSH_WAREHOUSE_NUMBER,int,0,0,0,NULL,2,NULL,NULL,NULL,NULL,NULL
dbo,CASH_JOURNAL,3,CSH_CUSTOMER_NUMBER,varchar(10),0,0,0,NULL,3,NULL,NULL,NULL,NULL,NULL
dbo,CASH_JOURNAL,4,CSH_TRANSACTION_TYPE,varchar(1),0,0,0,NULL,5,NULL,NULL,NULL,NULL,NULL
dbo,CASH_JOURNAL,5,CSH_REFERENCE_NUMBER,varchar(10),1,0,0,NULL,NULL,NULL,NULL,NULL,NULL,NULL
dbo,CASH_JOURNAL,6,CSH_INVOICE_NUMBER,int,0,0,0,NULL,4,NULL,NULL,NULL,NULL,NULL
dbo,CASH_JOURNAL,7,CSH_TRANSACTION_DATE,datetime,0,0,0,NULL,6,NULL,NULL,NULL,NULL,NULL
dbo,CASH_JOURNAL,8,CSH_CUSTOMER_NAME,varchar(30),1,0,0,NULL,NULL,NULL,NULL,NULL,NULL,NULL
dbo,CASH_JOURNAL,9,CSH_INVOICE_BALANCE,float,0,0,0,NULL,NULL,NULL,NULL,NULL,NULL,NULL
dbo,CASH_JOURNAL,10,CSH_AR_AMOUNT,float,1,0,0,NULL,NULL,NULL,NULL,NULL,NULL,NULL
dbo,CASH_JOURNAL,11,CSH_ITEM_TYPE,varchar(1),1,0,0,NULL,NULL,NULL,NULL,NULL,NULL,NULL
dbo,CASH_JOURNAL,12,CSH_CHECK_AMOUNT,float,1,0,0,NULL,NULL,NULL,NULL,NULL,NULL,NULL
dbo,CASH_JOURNAL,13,CSH_CHECK_NUMBER,int,1,0,0,NULL,NULL,NULL,NULL,NULL,NULL,NULL
dbo,CASH_JOURNAL,14,CSH_CASH_AMOUNT,float,1,0,0,NULL,NULL,NULL,NULL,NULL,NULL,NULL
dbo,CASH_JOURNAL,15,CSH_CHARGE_AMOUNT,float,1,0,0,NULL,NULL,NULL,NULL,NULL,NULL,NULL
dbo,CASH_JOURNAL,16,CSH_DISCOUNT_AMOUNT,float,1,0,0,NULL,NULL,NULL,NULL,NULL,NULL,NULL
dbo,CASH_JOURNAL,17,CSH_ACCOUNT_NUMBER,int,0,0,0,NULL,NULL,NULL,NULL,NULL,NULL,NULL
dbo,CASH_JOURNAL,18,CSH_DEBIT_AMOUNT,float,0,0,0,NULL,NULL,NULL,NULL,NULL,NULL,NULL
dbo,CASH_JOURNAL,19,CSH_CREDIT_AMOUNT,float,0,0,0,NULL,NULL,NULL,NULL,NULL,NULL,NULL
dbo,CASH_JOURNAL,20,CSH_PAYMENT_SOURCE,int,0,0,0,NULL,NULL,NULL,NULL,NULL,NULL,NULL
dbo,CASH_JOURNAL,21,CSH_CASH_JOURNAL_NUMBER,int,0,0,0,NULL,NULL,NULL,NULL,NULL,NULL,NULL
dbo,CASH_JOURNAL,22,CSH_GL_JOURNAL_NUMBER,int,0,0,0,NULL,NULL,NULL,NULL,NULL,NULL,NULL
dbo,CASH_JOURNAL,23,CSH_ID,int,0,1,0,NULL,7,NULL,NULL,NULL,NULL,NULL
dbo,CASH_JOURNAL,24,csh_fiscal_year,int,0,0,0,NULL,NULL,NULL,NULL,NULL,NULL,NULL
dbo,CASH_JOURNAL,25,csh_fiscal_period,int,0,0,0,NULL,NULL,NULL,NULL,NULL,NULL,NULL
dbo,CASH_JOURNAL,26,CSH_DEBIT_CARD_AMOUNT,float,1,0,0,NULL,NULL,NULL,NULL,NULL,NULL,NULL
dbo,CASH_JOURNAL,27,CSH_FINANCE_AMOUNT,float,1,0,0,NULL,NULL,NULL,NULL,NULL,NULL,NULL
dbo,CHART_OF_ACCOUNTS,1,COA_COMPANY_ID,int,0,0,0,NULL,1,NULL,NULL,NULL,NULL,NULL
dbo,CHART_OF_ACCOUNTS,2,COA_ACCOUNT_NUMBER,int,0,0,0,NULL,2,NULL,NULL,NULL,NULL,NULL
dbo,CHART_OF_ACCOUNTS,3,COA_DIVISION_NUMBER,int,0,0,0,NULL,3,NULL,NULL,NULL,NULL,NULL
dbo,CHART_OF_ACCOUNTS,4,COA_TYPE_OF_WORK_NUMBER,int,0,0,0,NULL,4,NULL,NULL,NULL,NULL,NULL
dbo,CHART_OF_ACCOUNTS,5,COA_ACCOUNT_DESCRIPTION,varchar(60),1,0,0,NULL,NULL,NULL,NULL,NULL,NULL,NULL
dbo,CHART_OF_ACCOUNTS,6,COA_DEBIT_CREDIT_PAREN,varchar(1),1,0,0,NULL,NULL,NULL,NULL,NULL,NULL,NULL
dbo,CHART_OF_ACCOUNTS,7,COA_FINANCIAL_STATEMENT_TYPE,varchar(1),1,0,0,NULL,NULL,NULL,NULL,NULL,NULL,NULL
dbo,CHART_OF_ACCOUNTS,8,COA_COAMAS_ID,int,0,1,0,NULL,NULL,NULL,NULL,NULL,NULL,NULL
dbo,COMMISSION_GROSS_DOLLAR,1,CGD_COMPANY_ID,int,0,0,0,NULL,1,NULL,NULL,NULL,NULL,NULL
dbo,COMMISSION_GROSS_DOLLAR,2,CGD_FROM_AMOUNT,float,0,0,0,NULL,NULL,NULL,NULL,NULL,NULL,NULL
dbo,COMMISSION_GROSS_DOLLAR,3,CGD_TO_AMOUNT,float,0,0,0,NULL,NULL,NULL,NULL,NULL,NULL,NULL
dbo,COMMISSION_GROSS_DOLLAR,4,CGD_COMMISSION_PERCENT,float,1,0,0,NULL,NULL,NULL,NULL,NULL,NULL,NULL
dbo,COMMISSION_GROSS_DOLLAR,5,CGD_COMMISSION_ID,int,0,1,0,NULL,2,NULL,NULL,NULL,NULL,NULL
dbo,COMMISSION_GROSS_DOLLAR,6,CGD_TABLE_NUMBER,int,0,0,0,NULL,NULL,NULL,NULL,NULL,NULL,NULL
dbo,COMMISSION_GROSS_MARGIN,1,CGM_COMPANY_ID,int,0,0,0,NULL,1,NULL,NULL,NULL,NULL,NULL
dbo,COMMISSION_GROSS_MARGIN,2,CGM_FROM_PERCENT,float,0,0,0,NULL,NULL,NULL,NULL,NULL,NULL,NULL
dbo,COMMISSION_GROSS_MARGIN,3,CGM_TO_PERCENT,float,0,0,0,NULL,NULL,NULL,NULL,NULL,NULL,NULL
dbo,COMMISSION_GROSS_MARGIN,4,CGM_COMMISSION_PERCENT,float,1,0,0,NULL,NULL,NULL,NULL,NULL,NULL,NULL
dbo,COMMISSION_GROSS_MARGIN,5,CGM_ID,int,0,1,0,NULL,2,NULL,NULL,NULL,NULL,NULL
dbo,COMMISSION_GROSS_MARGIN,6,CGM_TABLE_NUMBER,int,0,0,0,NULL,NULL,NULL,NULL,NULL,NULL,NULL
dbo,CommissionDeduction,1,Id,int,0,1,0,NULL,1,NULL,NULL,NULL,NULL,NULL
dbo,CommissionDeduction,2,CompanyId,int,0,0,0,NULL,NULL,NULL,NULL,NULL,NULL,NULL
dbo,CommissionDeduction,3,DiscountFrom,float,1,0,0,0,NULL,NULL,NULL,NULL,NULL,NULL
dbo,CommissionDeduction,4,DiscountTo,float,1,0,0,0,NULL,NULL,NULL,NULL,NULL,NULL
dbo,CommissionDeduction,5,CommissionDeduction,float,1,0,0,0,NULL,NULL,NULL,NULL,NULL,NULL
dbo,COMPANY_INFORMATION,1,COIN_COMPANY_NUMBER,int,0,0,0,NULL,1,NULL,NULL,NULL,NULL,NULL
dbo,COMPANY_INFORMATION,2,COIN_COMPANY_NAME,varchar(30),1,0,0,NULL,NULL,NULL,NULL,NULL,NULL,NULL
dbo,COMPANY_INFORMATION,3,COIN_ADDRESS_1,varchar(30),1,0,0,NULL,NULL,NULL,NULL,NULL,NULL,NULL
dbo,COMPANY_INFORMATION,4,COIN_ADDRESS_2,varchar(30),1,0,0,NULL,NULL,NULL,NULL,NULL,NULL,NULL
dbo,COMPANY_INFORMATION,5,COIN_ADDRESS_3,varchar(30),1,0,0,NULL,NULL,NULL,NULL,NULL,NULL,NULL
dbo,COMPANY_INFORMATION,6,COIN_CITY,varchar(20),1,0,0,NULL,NULL,NULL,NULL,NULL,NULL,NULL
dbo,COMPANY_INFORMATION,7,COIN_STATE,varchar(2),1,0,0,NULL,NULL,NULL,NULL,NULL,NULL,NULL
dbo,COMPANY_INFORMATION,8,COIN_ZIP,varchar(10),1,0,0,NULL,NULL,NULL,NULL,NULL,NULL,NULL
dbo,COMPANY_INFORMATION,9,COIN_PHONE,varchar(10),1,0,0,NULL,NULL,NULL,NULL,NULL,NULL,NULL
dbo,COMPANY_INFORMATION,10,COIN_FEDERAL_ID_NUMBER,varchar(9),1,0,0,NULL,NULL,NULL,NULL,NULL,NULL,NULL
dbo,COMPANY_INFORMATION,11,COIN_SALES_TAX_STATE,varchar(2),1,0,0,NULL,NULL,NULL,NULL,NULL,NULL,NULL
dbo,COMPANY_INFORMATION,12,COIN_SALES_TAX_COUNTY,varchar(4),1,0,0,NULL,NULL,NULL,NULL,NULL,NULL,NULL
dbo,COMPANY_INFORMATION,13,COIN_SALES_TAX_CITY,varchar(4),1,0,0,NULL,NULL,NULL,NULL,NULL,NULL,NULL
dbo,COMPANY_INFORMATION,14,COIN_BUSINESS_DATE,datetime,1,0,0,NULL,NULL,NULL,NULL,NULL,NULL,NULL
dbo,COMPANY_INFORMATION,15,COIN_DEFAULT_WHS_NUMBER,smallint,1,0,0,NULL,NULL,NULL,NULL,NULL,NULL,NULL
dbo,COMPANY_INFORMATION,16,COIN_SF_SM,real,1,0,0,NULL,NULL,NULL,NULL,NULL,NULL,NULL
dbo,COMPANY_INFORMATION,17,COIN_SALES_TAX_DESC,varchar(30),1,0,0,NULL,NULL,NULL,NULL,NULL,NULL,NULL
dbo,COMPANY_INFORMATION,18,COIN_USE_TAX_DESCRIPTION,varchar(30),1,0,0,NULL,NULL,NULL,NULL,NULL,NULL,NULL
dbo,COMPANY_INFORMATION,19,COIN_GL_AR_NUMBER,int,1,0,0,NULL,NULL,NULL,NULL,NULL,NULL,NULL
dbo,COMPANY_INFORMATION,20,COIN_GL_AR_DESCRIPTION,varchar(60),1,0,0,NULL,NULL,NULL,NULL,NULL,NULL,NULL
dbo,COMPANY_INFORMATION,21,COIN_GL_DISCOUNT_NUMBER,int,1,0,0,NULL,NULL,NULL,NULL,NULL,NULL,NULL
dbo,COMPANY_INFORMATION,22,COIN_GL_DISCOUNT_DESC,varchar(60),1,0,0,NULL,NULL,NULL,NULL,NULL,NULL,NULL
dbo,COMPANY_INFORMATION,23,COIN_GL_DEPOSIT_NUMBER,int,1,0,0,NULL,NULL,NULL,NULL,NULL,NULL,NULL
dbo,COMPANY_INFORMATION,24,COIN_GL_DEPOSIT_DESC,varchar(60),1,0,0,NULL,NULL,NULL,NULL,NULL,NULL,NULL
dbo,COMPANY_INFORMATION,25,COIN_GL_FREIGHT_NUMBER,int,1,0,0,NULL,NULL,NULL,NULL,NULL,NULL,NULL
dbo,COMPANY_INFORMATION,26,COIN_GL_FREIGHT_DESC,varchar(60),1,0,0,NULL,NULL,NULL,NULL,NULL,NULL,NULL
dbo,COMPANY_INFORMATION,27,COIN_GL_SALES_TAX_NUMBER,int,1,0,0,NULL,NULL,NULL,NULL,NULL,NULL,NULL
dbo,COMPANY_INFORMATION,28,COIN_GL_SALES_TAX_DESC,varchar(60),1,0,0,NULL,NULL,NULL,NULL,NULL,NULL,NULL
dbo,COMPANY_INFORMATION,29,COIN_GL_USE_NUMBER,int,1,0,0,NULL,NULL,NULL,NULL,NULL,NULL,NULL
dbo,COMPANY_INFORMATION,30,COIN_GL_USE_TAX_DESC,varchar(60),1,0,0,NULL,NULL,NULL,NULL,NULL,NULL,NULL
dbo,COMPANY_INFORMATION,31,COIN_GL_FINANCE_CHARGE_NO,int,1,0,0,NULL,NULL,NULL,NULL,NULL,NULL,NULL
dbo,COMPANY_INFORMATION,32,COIN_GL_FINANCE_CHG_DESC,varchar(60),1,0,0,NULL,NULL,NULL,NULL,NULL,NULL,NULL
dbo,COMPANY_INFORMATION,33,COIN_SERVICE_CHARGE_NUMBER,int,1,0,0,NULL,NULL,NULL,NULL,NULL,NULL,NULL
dbo,COMPANY_INFORMATION,34,COIN_GL_SERVICE_CHG_DESC,varchar(60),1,0,0,NULL,NULL,NULL,NULL,NULL,NULL,NULL
dbo,COMPANY_INFORMATION,35,COIN_GL_AP_MATCHED_NO,int,1,0,0,NULL,NULL,NULL,NULL,NULL,NULL,NULL
dbo,COMPANY_INFORMATION,36,COIN_GL_AP_MATCHED_DESC,varchar(60),1,0,0,NULL,NULL,NULL,NULL,NULL,NULL,NULL
dbo,COMPANY_INFORMATION,37,COIN_GL_AP_UNMATCHED_NO,int,1,0,0,NULL,NULL,NULL,NULL,NULL,NULL,NULL
dbo,COMPANY_INFORMATION,38,COIN_GL_AP_UNMATCHED_DESC,varchar(60),1,0,0,NULL,NULL,NULL,NULL,NULL,NULL,NULL
dbo,COMPANY_INFORMATION,39,COIN_GL_AP_UNRECONCILE_NO,int,1,0,0,NULL,NULL,NULL,NULL,NULL,NULL,NULL
dbo,COMPANY_INFORMATION,40,COIN_GL_AP_UNRECON_DESC,varchar(60),1,0,0,NULL,NULL,NULL,NULL,NULL,NULL,NULL
dbo,COMPANY_INFORMATION,41,COIN_GL_AP_FREIGHT_NO,int,1,0,0,NULL,NULL,NULL,NULL,NULL,NULL,NULL
dbo,COMPANY_INFORMATION,42,COIN_GL_AP_FREIGHT_DESC,varchar(60),1,0,0,NULL,NULL,NULL,NULL,NULL,NULL,NULL
dbo,COMPANY_INFORMATION,43,COIN_GL_AP_TAX_NUMBER,int,1,0,0,NULL,NULL,NULL,NULL,NULL,NULL,NULL
dbo,COMPANY_INFORMATION,44,COIN_GL_AP_TAX_DESC,varchar(60),1,0,0,NULL,NULL,NULL,NULL,NULL,NULL,NULL
dbo,COMPANY_INFORMATION,45,COIN_GL_AP_CHARGES_NUMBER,int,1,0,0,NULL,NULL,NULL,NULL,NULL,NULL,NULL
dbo,COMPANY_INFORMATION,46,COIN_GL_AP_CHARGES_DESC,varchar(60),1,0,0,NULL,NULL,NULL,NULL,NULL,NULL,NULL
dbo,COMPANY_INFORMATION,47,COIN_GL_AP_DISCOUNT_NO,int,1,0,0,NULL,NULL,NULL,NULL,NULL,NULL,NULL
dbo,COMPANY_INFORMATION,48,COIN_GL_AP_DISCOUNT_DESC,varchar(60),1,0,0,NULL,NULL,NULL,NULL,NULL,NULL,NULL
dbo,COMPANY_INFORMATION,49,COIN_GL_AP_REFUND_NUMBER,int,1,0,0,NULL,NULL,NULL,NULL,NULL,NULL,NULL
dbo,COMPANY_INFORMATION,50,COIN_GL_AP_REFUND_DESC,varchar(60),1,0,0,NULL,NULL,NULL,NULL,NULL,NULL,NULL
dbo,COMPANY_INFORMATION,51,COIN_GL_PHYINV_ADJ_NO,int,1,0,0,NULL,NULL,NULL,NULL,NULL,NULL,NULL
dbo,COMPANY_INFORMATION,52,COIN_GL_PHYINV_ADJ_DESC,varchar(60),1,0,0,NULL,NULL,NULL,NULL,NULL,NULL,NULL
dbo,COMPANY_INFORMATION,53,COIN_GL_INV_TRANSFER_NO,int,1,0,0,NULL,NULL,NULL,NULL,NULL,NULL,NULL
dbo,COMPANY_INFORMATION,54,COIN_GL_INV_TRANSFER_DESC,varchar(60),1,0,0,NULL,NULL,NULL,NULL,NULL,NULL,NULL
dbo,COMPANY_INFORMATION,55,COIN_GL_INV_ADJ_NO,int,1,0,0,NULL,NULL,NULL,NULL,NULL,NULL,NULL
dbo,COMPANY_INFORMATION,56,COIN_GL_INV_ADJ_DESC,varchar(60),1,0,0,NULL,NULL,NULL,NULL,NULL,NULL,NULL
dbo,COMPANY_INFORMATION,57,COIN_GL_CASH_NUMBER,int,1,0,0,NULL,NULL,NULL,NULL,NULL,NULL,NULL
dbo,COMPANY_INFORMATION,58,COIN_GL_CASH_DESC,varchar(60),1,0,0,NULL,NULL,NULL,NULL,NULL,NULL,NULL
dbo,COMPANY_INFORMATION,59,COIN_GL_PETTY_CASH_NUMBER,int,1,0,0,NULL,NULL,NULL,NULL,NULL,NULL,NULL
dbo,COMPANY_INFORMATION,60,COIN_GL_PETTY_CASH_DESC,varchar(30),1,0,0,NULL,NULL,NULL,NULL,NULL,NULL,NULL
dbo,COMPANY_INFORMATION,61,COIN_GL_OVER_SHORT_NUMBER,int,1,0,0,NULL,NULL,NULL,NULL,NULL,NULL,NULL
dbo,COMPANY_INFORMATION,62,COIN_GL_OVER_SHORT_DESC,varchar(60),1,0,0,NULL,NULL,NULL,NULL,NULL,NULL,NULL
dbo,COMPANY_INFORMATION,63,COIN_PAST_DUE_DAYS,smallint,1,0,0,NULL,NULL,NULL,NULL,NULL,NULL,NULL
dbo,COMPANY_INFORMATION,64,COIN_PAST_DUE_DAYS_PERCENT,real,1,0,0,NULL,NULL,NULL,NULL,NULL,NULL,NULL
dbo,COMPANY_INFORMATION,65,COIN_AR_PERCENT,real,1,0,0,NULL,NULL,NULL,NULL,NULL,NULL,NULL
dbo,COMPANY_INFORMATION,66,COIN_TOTAL_PERCENT,real,1,0,0,NULL,NULL,NULL,NULL,NULL,NULL,NULL
dbo,COMPANY_INFORMATION,67,COIN_PROD_CLASS_CARPET,varchar(10),1,0,0,NULL,NULL,NULL,NULL,NULL,NULL,NULL
dbo,COMPANY_INFORMATION,68,COIN_PROD_CLASS_PAD,varchar(10),1,0,0,NULL,NULL,NULL,NULL,NULL,NULL,NULL
dbo,COMPANY_INFORMATION,69,COIN_PROD_CLASS_VINYL,varchar(10),1,0,0,NULL,NULL,NULL,NULL,NULL,NULL,NULL
dbo,COMPANY_INFORMATION,70,COIN_PROD_CLASS_TILE,varchar(10),1,0,0,NULL,NULL,NULL,NULL,NULL,NULL,NULL
dbo,COMPANY_INFORMATION,71,COIN_PROD_CLASS_WOOD,varchar(10),1,0,0,NULL,NULL,NULL,NULL,NULL,NULL,NULL
dbo,COMPANY_INFORMATION,72,COIN_PROD_CLASS_LABOR_CARPET,varchar(10),1,0,0,NULL,NULL,NULL,NULL,NULL,NULL,NULL
dbo,COMPANY_INFORMATION,73,COIN_PROD_CLASS_LABOR_VINYL,varchar(10),1,0,0,NULL,NULL,NULL,NULL,NULL,NULL,NULL
dbo,COMPANY_INFORMATION,74,COIN_PROD_CLASS_LABOR_TILE,varchar(10),1,0,0,NULL,NULL,NULL,NULL,NULL,NULL,NULL
dbo,COMPANY_INFORMATION,75,COIN_PROD_CLASS_LABOR_WOOD,varchar(10),1,0,0,NULL,NULL,NULL,NULL,NULL,NULL,NULL
dbo,COMPANY_INFORMATION,76,COIN_COMPANY_ID,int,0,1,0,NULL,NULL,NULL,NULL,NULL,NULL,NULL
dbo,COMPANY_INFORMATION,77,COIN_LICENSE_INFORMATION,varchar(100),1,0,0,NULL,NULL,NULL,NULL,NULL,NULL,NULL
dbo,COMPANY_INFORMATION,78,COIN_GL_GST_NUMBER,int,1,0,0,NULL,NULL,NULL,NULL,NULL,NULL,NULL
dbo,COMPANY_INFORMATION,79,COIN_GL_GST_DESCRIPTION,varchar(60),1,0,0,NULL,NULL,NULL,NULL,NULL,NULL,NULL
dbo,COMPANY_INFORMATION,80,Id,uniqueidentifier,0,0,0,(newid()),NULL,NULL,NULL,NULL,NULL,NULL
dbo,COMPANY_INFORMATION,81,TimeStamp,timestamp,0,0,0,NULL,NULL,NULL,NULL,NULL,NULL,NULL
dbo,COMPANY_INFORMATION,82,COIN_COMPANY_LOGO_FILE,varchar(150),1,0,0,NULL,NULL,NULL,NULL,NULL,NULL,NULL
dbo,COMPANY_INFORMATION,83,COIN_GL_FI_SERVICE_CHARGE_NUMBER,int,1,0,0,NULL,NULL,NULL,NULL,NULL,NULL,NULL
dbo,COMPANY_INFORMATION,84,COIN_GL_FI_SERVICE_CHARGE_DESC,varchar(60),1,0,0,NULL,NULL,NULL,NULL,NULL,NULL,NULL
dbo,COMPANY_INFORMATION,85,COIN_CARPET_REPORT_HEADER,varchar(30),1,0,0,NULL,NULL,NULL,NULL,NULL,NULL,NULL
dbo,COMPANY_INFORMATION,86,COIN_VINYL_REPORT_HEADER,varchar(30),1,0,0,NULL,NULL,NULL,NULL,NULL,NULL,NULL
dbo,COMPANY_INFORMATION,87,COIN_TILE_REPORT_HEADER,varchar(30),1,0,0,NULL,NULL,NULL,NULL,NULL,NULL,NULL
dbo,COMPANY_INFORMATION,88,COIN_WOOD_REPORT_HEADER,varchar(30),1,0,0,NULL,NULL,NULL,NULL,NULL,NULL,NULL
dbo,COMPANY_INFORMATION,89,coin_maintain_slab_inventory_uom,char(3),0,0,0,NULL,NULL,NULL,NULL,NULL,NULL,NULL
dbo,COMPANY_INFORMATION,90,COIN_GL_AP_GST_ACCOUNT,int,1,0,0,NULL,NULL,NULL,NULL,NULL,NULL,NULL
dbo,COMPANY_INFORMATION,91,COIN_GL_AP_GST_DESC,varchar(60),1,0,0,NULL,NULL,NULL,NULL,NULL,NULL,NULL
dbo,COMPANY_INFORMATION,92,coin_advanced_billing_account,int,1,0,0,NULL,NULL,NULL,NULL,NULL,NULL,NULL
dbo,COMPANY_INFORMATION,93,coin_prepaid_labor_account,int,1,0,0,NULL,NULL,NULL,NULL,NULL,NULL,NULL
dbo,COMPANY_INFORMATION,94,COIN_RollCutType,varchar(1),0,0,0,('P'),NULL,NULL,NULL,NULL,NULL,NULL
dbo,COMPANY_INFORMATION,95,COIN_UseAccuCut,bit,1,0,0,((0)),NULL,NULL,NULL,NULL,NULL,NULL
dbo,COMPANY_INFORMATION,96,COIN_Background_Image_File,varchar(1024),1,0,0,NULL,NULL,NULL,NULL,NULL,NULL,NULL
dbo,ComplaintAreas,1,Id,smallint,0,1,0,NULL,1,NULL,NULL,NULL,NULL,NULL
dbo,ComplaintAreas,2,Description,nvarchar(50),1,0,0,NULL,NULL,NULL,NULL,NULL,NULL,NULL
dbo,ComplaintAreaSelected,1,Id,int,0,1,0,NULL,1,NULL,NULL,NULL,NULL,NULL
dbo,ComplaintAreaSelected,2,Complaint_id,int,1,0,0,NULL,NULL,FK_ComplaintAreaSelected_ComplaintHeader,dbo,ComplaintHeader,ID,NULL
dbo,ComplaintAreaSelected,3,ComplaintArea_id,smallint,1,0,0,NULL,NULL,FK_ComplaintAreaSelected_ComplaintAreas,dbo,ComplaintAreas,Id,NULL
dbo,ComplaintDetail,1,Id,int,0,1,0,NULL,1,NULL,NULL,NULL,NULL,NULL
dbo,ComplaintDetail,2,ComplaintHeader_Id,int,1,0,0,NULL,NULL,FK_ComplaintDetail_ComplaintHeader,dbo,ComplaintHeader,ID,NULL
dbo,ComplaintDetail,11,PurchaseOrderNumber,int,1,0,0,NULL,NULL,NULL,NULL,NULL,NULL,NULL
dbo,ComplaintDetail,12,BillofLanding,varchar(10),1,0,0,NULL,NULL,NULL,NULL,NULL,NULL,NULL
dbo,ComplaintDetail,13,VendorInvoice,varchar(50),1,0,0,NULL,NULL,NULL,NULL,NULL,NULL,NULL
dbo,ComplaintDetail,14,Selected,bit,1,0,0,NULL,NULL,NULL,NULL,NULL,NULL,NULL
dbo,ComplaintDetail,17,Vendor_id,int,1,0,0,NULL,NULL,NULL,NULL,NULL,NULL,NULL
dbo,ComplaintDetail,18,SalesDetail_id,int,1,0,0,NULL,NULL,NULL,NULL,NULL,NULL,NULL
dbo,ComplaintHeader,1,ID,int,0,1,0,NULL,1,NULL,NULL,NULL,NULL,NULL
dbo,ComplaintHeader,2,COMPANY_ID,int,1,0,0,NULL,NULL,NULL,NULL,NULL,NULL,NULL
dbo,ComplaintHeader,3,WHSMAS_ID,int,1,0,0,NULL,NULL,NULL,NULL,NULL,NULL,NULL
dbo,ComplaintHeader,4,Employee_Id,int,1,0,0,NULL,NULL,FK_ComplaintHeader_Employees,dbo,Employees,Id,NULL
dbo,ComplaintHeader,5,COMPLAINT_NUMBER,int,1,0,0,NULL,NULL,NULL,NULL,NULL,NULL,NULL
dbo,ComplaintHeader,6,SALESMAN_ID,int,1,0,0,NULL,NULL,NULL,NULL,NULL,NULL,NULL
dbo,ComplaintHeader,7,SALES_ORDER_ID,int,1,0,0,NULL,NULL,NULL,NULL,NULL,NULL,NULL
dbo,ComplaintHeader,8,CUSTOMER_ID,int,1,0,0,NULL,NULL,NULL,NULL,NULL,NULL,NULL
dbo,ComplaintHeader,9,SOLD_TO_NAME,varchar(30),1,0,0,NULL,NULL,NULL,NULL,NULL,NULL,NULL
dbo,ComplaintHeader,10,SOLD_TO_ADDRESS_1,varchar(30),1,0,0,NULL,NULL,NULL,NULL,NULL,NULL,NULL
dbo,ComplaintHeader,11,SOLD_TO_ADDRESS_2,varchar(30),1,0,0,NULL,NULL,NULL,NULL,NULL,NULL,NULL
dbo,ComplaintHeader,12,SOLD_TO_ADDRESS_3,varchar(30),1,0,0,NULL,NULL,NULL,NULL,NULL,NULL,NULL
dbo,ComplaintHeader,13,SOLD_TO_CITY,varchar(20),1,0,0,NULL,NULL,NULL,NULL,NULL,NULL,NULL
dbo,ComplaintHeader,14,SOLD_TO_STATE,varchar(2),1,0,0,NULL,NULL,NULL,NULL,NULL,NULL,NULL
dbo,ComplaintHeader,15,SOLD_TO_ZIP,varchar(10),1,0,0,NULL,NULL,NULL,NULL,NULL,NULL,NULL
dbo,ComplaintHeader,16,SOLD_TO_PHONE,varchar(50),1,0,0,NULL,NULL,NULL,NULL,NULL,NULL,NULL
dbo,ComplaintHeader,17,SOLD_TO_PHONE2,varchar(50),1,0,0,NULL,NULL,NULL,NULL,NULL,NULL,NULL
dbo,ComplaintHeader,18,SOLD_TO_MOBILE_NUMBER,varchar(50),1,0,0,NULL,NULL,NULL,NULL,NULL,NULL,NULL
dbo,ComplaintHeader,19,SHIP_TO_NAME,varchar(30),1,0,0,NULL,NULL,NULL,NULL,NULL,NULL,NULL
dbo,ComplaintHeader,20,SHIP_TO_ADDRESS_1,varchar(30),1,0,0,NULL,NULL,NULL,NULL,NULL,NULL,NULL
dbo,ComplaintHeader,21,SHIP_TO_ADDRESS_2,varchar(30),1,0,0,NULL,NULL,NULL,NULL,NULL,NULL,NULL
dbo,ComplaintHeader,22,SHIP_TO_ADDRESS_3,varchar(30),1,0,0,NULL,NULL,NULL,NULL,NULL,NULL,NULL
dbo,ComplaintHeader,23,SHIP_TO_CITY,varchar(20),1,0,0,NULL,NULL,NULL,NULL,NULL,NULL,NULL
dbo,ComplaintHeader,24,SHIP_TO_STATE,varchar(2),1,0,0,NULL,NULL,NULL,NULL,NULL,NULL,NULL
dbo,ComplaintHeader,25,SHIP_TO_ZIP,varchar(10),1,0,0,NULL,NULL,NULL,NULL,NULL,NULL,NULL
dbo,ComplaintHeader,26,BILLTO_CUMMAS_ID,int,1,0,0,NULL,NULL,NULL,NULL,NULL,NULL,NULL
dbo,ComplaintHeader,27,BILLTO_CUSTOMER_NUMBER,varchar(10),1,0,0,NULL,NULL,NULL,NULL,NULL,NULL,NULL
dbo,ComplaintHeader,28,BILLTO_NAME,varchar(30),1,0,0,NULL,NULL,NULL,NULL,NULL,NULL,NULL
dbo,ComplaintHeader,29,BILLTO_ADDRESS_1,varchar(30),1,0,0,NULL,NULL,NULL,NULL,NULL,NULL,NULL
dbo,ComplaintHeader,30,BILLTO_ADDRESS_2,varchar(30),1,0,0,NULL,NULL,NULL,NULL,NULL,NULL,NULL
dbo,ComplaintHeader,31,BILLTO_ADDRESS_3,varchar(30),1,0,0,NULL,NULL,NULL,NULL,NULL,NULL,NULL
dbo,ComplaintHeader,32,BILLTO_CITY,varchar(20),1,0,0,NULL,NULL,NULL,NULL,NULL,NULL,NULL
dbo,ComplaintHeader,33,BILLTO_STATE,varchar(2),1,0,0,NULL,NULL,NULL,NULL,NULL,NULL,NULL
dbo,ComplaintHeader,34,BILLTO_ZIP,varchar(10),1,0,0,NULL,NULL,NULL,NULL,NULL,NULL,NULL
dbo,ComplaintHeader,35,DIRECTIONJOBSITE,text,1,0,0,NULL,NULL,NULL,NULL,NULL,NULL,NULL
dbo,ComplaintHeader,36,DESCRIPTIONPROBLEM,text,1,0,0,NULL,NULL,NULL,NULL,NULL,NULL,NULL
dbo,ComplaintHeader,37,DateCreated,smalldatetime,1,0,0,NULL,NULL,NULL,NULL,NULL,NULL,NULL
dbo,ComplaintHeader,38,Status,smallint,1,0,0,NULL,NULL,NULL,NULL,NULL,NULL,NULL
dbo,ComplaintInspection,1,Id,int,0,1,0,NULL,1,NULL,NULL,NULL,NULL,NULL
dbo,ComplaintInspection,2,ComplaintHeader_id,int,1,0,0,NULL,NULL,FK_ComplaintInspection_ComplaintHeader,dbo,ComplaintHeader,ID,NULL
dbo,ComplaintInspection,3,Technician_id,int,1,0,0,NULL,NULL,NULL,NULL,NULL,NULL,NULL
dbo,ComplaintInspection,4,InspectionDate,smalldatetime,1,0,0,NULL,NULL,NULL,NULL,NULL,NULL,NULL
dbo,ComplaintInspection,5,Notes,varchar(4000),1,0,0,NULL,NULL,NULL,NULL,NULL,NULL,NULL
dbo,ComplaintInspection,6,ResultofInspection,smallint,1,0,0,NULL,NULL,NULL,NULL,NULL,NULL,NULL
dbo,ComplaintRelated,1,Id,smallint,0,1,0,NULL,1,NULL,NULL,NULL,NULL,NULL
dbo,ComplaintRelated,2,Description,nvarchar(50),1,0,0,NULL,NULL,NULL,NULL,NULL,NULL,NULL
dbo,ComplaintRelateSelected,1,Id,int,0,1,0,NULL,1,NULL,NULL,NULL,NULL,NULL
dbo,ComplaintRelateSelected,2,Complaint_id,int,1,0,0,NULL,NULL,FK_ComplaintRelateSelected_ComplaintHeader,dbo,ComplaintHeader,ID,NULL
dbo,ComplaintRelateSelected,3,ComplaintRelated_id,smallint,1,0,0,NULL,NULL,FK_ComplaintRelateSelected_ComplaintRelated,dbo,ComplaintRelated,Id,NULL
dbo,Complex,1,Id,int,0,1,0,NULL,1,NULL,NULL,NULL,NULL,NULL
dbo,Complex,2,Customer_id,int,1,0,0,NULL,NULL,NULL,NULL,NULL,NULL,NULL
dbo,Complex,3,ApartmentManagement_id,int,1,0,0,NULL,NULL,FK_Building_ApartmentManagement,dbo,ApartmentManagement,Id,NULL
dbo,Complex,4,AddressDescription,nvarchar(50),1,0,0,NULL,NULL,NULL,NULL,NULL,NULL,NULL
dbo,Complex,5,City,nvarchar(50),1,0,0,NULL,NULL,NULL,NULL,NULL,NULL,NULL
dbo,Complex,6,State,nvarchar(30),1,0,0,NULL,NULL,NULL,NULL,NULL,NULL,NULL
dbo,Complex,7,Zip,nvarchar(10),1,0,0,NULL,NULL,NULL,NULL,NULL,NULL,NULL
dbo,Complex,8,ComplexName,nvarchar(50),1,0,0,NULL,NULL,NULL,NULL,NULL,NULL,NULL
dbo,Complex,9,Comment,nvarchar(200),1,0,0,NULL,NULL,NULL,NULL,NULL,NULL,NULL
dbo,Complex,10,timeStamp,timestamp,1,0,0,NULL,NULL,NULL,NULL,NULL,NULL,NULL
dbo,Complex,11,numberofunits,int,1,0,0,-1,NULL,NULL,NULL,NULL,NULL,NULL
dbo,Complex,12,taxable_flag,bit,1,0,0,-1,NULL,NULL,NULL,NULL,NULL,NULL
dbo,Complex,13,taxmas_id,int,1,0,0,-1,NULL,NULL,NULL,NULL,NULL,NULL
dbo,Complex,14,tax_exempt_number,bigint,1,0,0,NULL,NULL,NULL,NULL,NULL,NULL,NULL
dbo,Complex,15,tax_exempt_expiration_date,datetime,1,0,0,NULL,NULL,NULL,NULL,NULL,NULL,NULL
dbo,Complex,16,INACTIVE_FLAG,bit,1,0,0,-1,NULL,NULL,NULL,NULL,NULL,NULL
dbo,CompUFloor_Install_Log,1,IdentityYN,bigint,0,1,0,NULL,NULL,NULL,NULL,NULL,NULL,NULL
dbo,CompUFloor_Install_Log,2,VersionNumber,varchar(50),1,0,0,NULL,NULL,NULL,NULL,NULL,NULL,NULL
dbo,CompUFloor_Install_Log,3,dateinstalled,datetime,1,0,0,(getdate()),NULL,NULL,NULL,NULL,NULL,NULL
dbo,CompuFloorLog,1,Id,int,0,1,0,NULL,1,NULL,NULL,NULL,NULL,NULL
dbo,CompuFloorLog,2,LogDate,smalldatetime,1,0,0,NULL,NULL,NULL,NULL,NULL,NULL,NULL
dbo,CompuFloorLog,3,Program,varchar(50),1,0,0,NULL,NULL,NULL,NULL,NULL,NULL,NULL
dbo,CompuFloorLog,4,Line,varchar(1000),1,0,0,NULL,NULL,NULL,NULL,NULL,NULL,NULL
dbo,ConceptPriority,1,Id,smallint,0,1,0,NULL,1,NULL,NULL,NULL,NULL,NULL
dbo,ConceptPriority,2,Code,smallint,1,0,0,NULL,NULL,NULL,NULL,NULL,NULL,NULL
dbo,ConceptPriority,3,TimeStamp,timestamp,1,0,0,NULL,NULL,NULL,NULL,NULL,NULL,NULL
dbo,ConceptProcess,1,Id,smallint,0,1,0,NULL,1,NULL,NULL,NULL,NULL,NULL
dbo,ConceptProcess,2,Process,nvarchar(20),1,0,0,NULL,NULL,NULL,NULL,NULL,NULL,NULL
dbo,Concepts,1,Id,smallint,0,1,0,NULL,1,NULL,NULL,NULL,NULL,NULL
dbo,Concepts,2,Code,nvarchar(3),1,0,0,NULL,NULL,NULL,NULL,NULL,NULL,NULL
dbo,Concepts,3,Description,nvarchar(30),1,0,0,NULL,NULL,NULL,NULL,NULL,NULL,NULL
dbo,Concepts,4,ConceptType,smallint,1,0,0,NULL,NULL,NULL,NULL,NULL,NULL,NULL
dbo,Concepts,5,GlAccount_id,int,1,0,0,NULL,NULL,NULL,NULL,NULL,NULL,NULL
dbo,Concepts,6,Priority,smallint,1,0,0,NULL,NULL,NULL,NULL,NULL,NULL,NULL
dbo,Concepts,7,TimeStamp,timestamp,1,0,0,NULL,NULL,NULL,NULL,NULL,NULL,NULL
dbo,Concepts,8,ProcessId,smallint,1,0,0,NULL,NULL,FK_Concepts_ConceptProcess,dbo,ConceptProcess,Id,NULL
dbo,Concepts,9,YdtDefinition_Id,smallint,1,0,0,NULL,NULL,FK_Concepts_YDTDEFINITIONS,dbo,YDTDEFINITIONS,Id,NULL
dbo,ConceptTypes,1,Id,smallint,0,1,0,NULL,1,NULL,NULL,NULL,NULL,NULL
dbo,ConceptTypes,2,Code,nvarchar(3),1,0,0,NULL,NULL,NULL,NULL,NULL,NULL,NULL
dbo,ConceptTypes,3,Description,nvarchar(20),1,0,0,NULL,NULL,NULL,NULL,NULL,NULL,NULL
dbo,ConceptTypes,4,Operation,bit,1,0,0,NULL,NULL,NULL,NULL,NULL,NULL,NULL
dbo,ConceptTypes,5,TimeStamp,timestamp,1,0,0,NULL,NULL,NULL,NULL,NULL,NULL,NULL
dbo,Configuration,1,Id,int,0,0,0,NULL,NULL,NULL,NULL,NULL,NULL,NULL
dbo,Configuration,2,Name,varchar(60),0,0,0,NULL,NULL,NULL,NULL,NULL,NULL,NULL
dbo,Configuration,3,Description,varchar(60),0,0,0,NULL,NULL,NULL,NULL,NULL,NULL,NULL
dbo,Configuration,4,Value,varchar(60),1,0,0,NULL,NULL,NULL,NULL,NULL,NULL,NULL
dbo,CONTROL_INFORMATION,1,CI_COMPANY_ID,int,0,0,0,NULL,NULL,NULL,NULL,NULL,NULL,NULL
dbo,CONTROL_INFORMATION,2,CI_CREDIT_LIMIT,varchar(8),1,0,0,NULL,NULL,NULL,NULL,NULL,NULL,NULL
dbo,CONTROL_INFORMATION,3,CI_REPRINT_TICKET,varchar(8),1,0,0,NULL,NULL,NULL,NULL,NULL,NULL,NULL
dbo,CONTROL_INFORMATION,4,CI_COSTING_DISPLAY,varchar(8),1,0,0,NULL,NULL,NULL,NULL,NULL,NULL,NULL
dbo,CONTROL_INFORMATION,5,CI_COSTING_CHANGE,varchar(8),1,0,0,NULL,NULL,NULL,NULL,NULL,NULL,NULL
dbo,CONTROL_INFORMATION,6,CI_SO_TERMS_CHANGE,varchar(8),1,0,0,NULL,NULL,NULL,NULL,NULL,NULL,NULL
dbo,CONTROL_INFORMATION,7,CI_NON_STOCK_ITEM,varchar(8),1,0,0,NULL,NULL,NULL,NULL,NULL,NULL,NULL
dbo,CONTROL_INFORMATION,8,CI_CREATE_ITEM,varchar(8),1,0,0,NULL,NULL,NULL,NULL,NULL,NULL,NULL
dbo,CONTROL_INFORMATION,9,CI_HOLD_ORDER_ENTRY,varchar(8),1,0,0,NULL,NULL,NULL,NULL,NULL,NULL,NULL
dbo,CONTROL_INFORMATION,10,CI_HOLD_CHANGE,varchar(8),1,0,0,NULL,NULL,NULL,NULL,NULL,NULL,NULL
dbo,CONTROL_INFORMATION,11,CI_SALESMAN_CHANGE,varchar(8),1,0,0,NULL,NULL,NULL,NULL,NULL,NULL,NULL
dbo,CONTROL_INFORMATION,12,CI_TRANSFER,varchar(8),1,0,0,NULL,NULL,NULL,NULL,NULL,NULL,NULL
dbo,CONTROL_INFORMATION,13,CI_ORDER_CHANGE,varchar(8),1,0,0,NULL,NULL,NULL,NULL,NULL,NULL,NULL
dbo,CONTROL_INFORMATION,14,CI_ZERO_INVOICE_RELEASE,varchar(8),1,0,0,NULL,NULL,NULL,NULL,NULL,NULL,NULL
dbo,CONTROL_INFORMATION,15,CI_GROSS_PROFIT_LIMIT,varchar(8),1,0,0,NULL,NULL,NULL,NULL,NULL,NULL,NULL
dbo,CONTROL_INFORMATION,16,CI_SMN_COMMISSION_CHANGE,varchar(8),1,0,0,NULL,NULL,NULL,NULL,NULL,NULL,NULL
dbo,CONTROL_INFORMATION,17,CI_STOCK_ADJUSTMENT,varchar(8),1,0,0,NULL,NULL,NULL,NULL,NULL,NULL,NULL
dbo,CONTROL_INFORMATION,18,CI_SO_OTHER_CHARGE,varchar(8),1,0,0,NULL,NULL,NULL,NULL,NULL,NULL,NULL
dbo,CONTROL_INFORMATION,19,CI_AP_PO_UNIT_PRICE_CHANGE,varchar(8),1,0,0,NULL,NULL,NULL,NULL,NULL,NULL,NULL
dbo,CONTROL_INFORMATION,20,CI_DIVISION_TYPE,bit,0,0,0,NULL,NULL,NULL,NULL,NULL,NULL,NULL
dbo,CONTROL_INFORMATION,21,CI_SERVICE_CHARGE,bit,0,0,0,NULL,NULL,NULL,NULL,NULL,NULL,NULL
dbo,CONTROL_INFORMATION,22,CI_SERVICE_CHARGE_AMOUNT,float,1,0,0,NULL,NULL,NULL,NULL,NULL,NULL,NULL
dbo,CONTROL_INFORMATION,23,CI_SPECIAL_COSTING,bit,0,0,0,NULL,NULL,NULL,NULL,NULL,NULL,NULL
dbo,CONTROL_INFORMATION,24,CI_CENTRAL_GL_POSTING,bit,0,0,0,NULL,NULL,NULL,NULL,NULL,NULL,NULL
dbo,CONTROL_INFORMATION,25,CI_INSTALL_COMMENTS,bit,0,0,0,NULL,NULL,NULL,NULL,NULL,NULL,NULL
dbo,CONTROL_INFORMATION,26,CI_INSTALLER_COMMENTS_1,varchar(60),1,0,0,NULL,NULL,NULL,NULL,NULL,NULL,NULL
dbo,CONTROL_INFORMATION,27,CI_INSTALLER_COMMENTS_2,varchar(60),1,0,0,NULL,NULL,NULL,NULL,NULL,NULL,NULL
dbo,CONTROL_INFORMATION,28,CI_INSTALLER_COMMENTS_3,varchar(60),1,0,0,NULL,NULL,NULL,NULL,NULL,NULL,NULL
dbo,CONTROL_INFORMATION,29,CI_USE_TAX_MESSAGE,varchar(50),1,0,0,NULL,NULL,NULL,NULL,NULL,NULL,NULL
dbo,CONTROL_INFORMATION,30,CI_NEXT_ASN_BATCH,int,1,0,0,NULL,NULL,NULL,NULL,NULL,NULL,NULL
dbo,CONTROL_INFORMATION,31,CI_AUTO_ASN_PROCESS,bit,0,0,0,NULL,NULL,NULL,NULL,NULL,NULL,NULL
dbo,CONTROL_INFORMATION,32,CI_PRINT_RUG_TAGS,bit,0,0,0,NULL,NULL,NULL,NULL,NULL,NULL,NULL
dbo,CONTROL_INFORMATION,33,CI_USE_ASN,bit,0,0,0,NULL,NULL,NULL,NULL,NULL,NULL,NULL
dbo,CONTROL_INFORMATION,34,CI_USE_EDI,bit,0,0,0,NULL,NULL,NULL,NULL,NULL,NULL,NULL
dbo,CONTROL_INFORMATION,35,CI_AP_PO_INTERFACE,bit,0,0,0,NULL,NULL,NULL,NULL,NULL,NULL,NULL
dbo,CONTROL_INFORMATION,36,CI_SUPPRESS_DISCOUNT,bit,0,0,0,NULL,NULL,NULL,NULL,NULL,NULL,NULL
dbo,CONTROL_INFORMATION,37,CI_NO_SO_LINK_CHANGES,bit,0,0,0,NULL,NULL,NULL,NULL,NULL,NULL,NULL
dbo,CONTROL_INFORMATION,38,CI_USE_INSTALL_CALENDAR,bit,0,0,0,NULL,NULL,NULL,NULL,NULL,NULL,NULL
dbo,CONTROL_INFORMATION,39,CI_PRINT_LUMP_SUM_PRICES,bit,0,0,0,NULL,NULL,NULL,NULL,NULL,NULL,NULL
dbo,CONTROL_INFORMATION,40,CI_BYPASS_PREPRINTED_FORM,bit,0,0,0,NULL,NULL,NULL,NULL,NULL,NULL,NULL
dbo,CONTROL_INFORMATION,41,CI_ZERO_INVOICE_FLAG,bit,0,0,0,NULL,NULL,NULL,NULL,NULL,NULL,NULL
dbo,CONTROL_INFORMATION,42,CI_AUTO_CONFIRM_MEASURE,bit,0,0,0,NULL,NULL,NULL,NULL,NULL,NULL,NULL
dbo,CONTROL_INFORMATION,43,CI_USE_STANDARD_COST,bit,0,0,0,NULL,NULL,NULL,NULL,NULL,NULL,NULL
dbo,CONTROL_INFORMATION,44,CI_UPDATE_STANDARD_COST,bit,0,0,0,NULL,NULL,NULL,NULL,NULL,NULL,NULL
dbo,CONTROL_INFORMATION,45,CI_ENTER_SO_SALESMAN,bit,0,0,0,NULL,NULL,NULL,NULL,NULL,NULL,NULL
dbo,CONTROL_INFORMATION,46,CI_CASH_DRAWER,bit,0,0,0,NULL,NULL,NULL,NULL,NULL,NULL,NULL
dbo,CONTROL_INFORMATION,47,CI_SO_ESTIMATOR,bit,0,0,0,NULL,NULL,NULL,NULL,NULL,NULL,NULL
dbo,CONTROL_INFORMATION,48,CI_BYPASS_NON_STOK_OPTION,bit,0,0,0,NULL,NULL,NULL,NULL,NULL,NULL,NULL
dbo,CONTROL_INFORMATION,49,CI_POS_INVENTORY_CHANGE,bit,0,0,0,NULL,NULL,NULL,NULL,NULL,NULL,NULL
dbo,CONTROL_INFORMATION,50,CI_POS_PRINT_PRICES_OPTION,bit,0,0,0,NULL,NULL,NULL,NULL,NULL,NULL,NULL
dbo,CONTROL_INFORMATION,51,CI_POS_PRINT_COMMENTS,bit,0,0,0,NULL,NULL,NULL,NULL,NULL,NULL,NULL
dbo,CONTROL_INFORMATION,52,CI_POS_COMMENT_1,text,1,0,0,NULL,NULL,NULL,NULL,NULL,NULL,NULL
dbo,CONTROL_INFORMATION,53,CI_POS_COMMENT_2,varchar(60),1,0,0,NULL,NULL,NULL,NULL,NULL,NULL,NULL
dbo,CONTROL_INFORMATION,54,CI_POS_COMMENT_3,varchar(60),1,0,0,NULL,NULL,NULL,NULL,NULL,NULL,NULL
dbo,CONTROL_INFORMATION,55,CI_PRINT_BAR_CODE,bit,0,0,0,NULL,NULL,NULL,NULL,NULL,NULL,NULL
dbo,CONTROL_INFORMATION,56,CI_POS_BUNDLE_PRINT,bit,0,0,0,NULL,NULL,NULL,NULL,NULL,NULL,NULL
dbo,CONTROL_INFORMATION,57,CI_ONLINE_TRANSFER,bit,0,0,0,NULL,NULL,NULL,NULL,NULL,NULL,NULL
dbo,CONTROL_INFORMATION,58,CI_POS_PRINT_TICKET,bit,0,0,0,NULL,NULL,NULL,NULL,NULL,NULL,NULL
dbo,CONTROL_INFORMATION,59,CI_POS_BYPASS_CHANGE_TERM,bit,0,0,0,NULL,NULL,NULL,NULL,NULL,NULL,NULL
dbo,CONTROL_INFORMATION,60,CI_FREIGHT_INTERFACE,bit,0,0,0,NULL,NULL,NULL,NULL,NULL,NULL,NULL
dbo,CONTROL_INFORMATION,61,CI_BYPASS_CREATE_ITEM,bit,0,0,0,NULL,NULL,NULL,NULL,NULL,NULL,NULL
dbo,CONTROL_INFORMATION,62,CI_CASH_RECONCILE_OPTION,bit,0,0,0,NULL,NULL,NULL,NULL,NULL,NULL,NULL
dbo,CONTROL_INFORMATION,63,CI_POS_PRICE_CODE_CHANGE,bit,0,0,0,NULL,NULL,NULL,NULL,NULL,NULL,NULL
dbo,CONTROL_INFORMATION,64,CI_ALLOW_BO_SCHEDULE,bit,0,0,0,NULL,NULL,NULL,NULL,NULL,NULL,NULL
dbo,CONTROL_INFORMATION,65,CI_POS_LINE_OPTIONS,bit,0,0,0,NULL,NULL,NULL,NULL,NULL,NULL,NULL
dbo,CONTROL_INFORMATION,66,CI_AR_ATTORNEY_OPTION,bit,0,0,0,NULL,NULL,NULL,NULL,NULL,NULL,NULL
dbo,CONTROL_INFORMATION,67,CI_BYPASS_SO_FREIGHT,bit,0,0,0,NULL,NULL,NULL,NULL,NULL,NULL,NULL
dbo,CONTROL_INFORMATION,68,CI_PO_PRICE_CHANGE_OPTION,bit,0,0,0,NULL,NULL,NULL,NULL,NULL,NULL,NULL
dbo,CONTROL_INFORMATION,69,CI_FOUR_DECIMAL_SO_PRICE,bit,0,0,0,NULL,NULL,NULL,NULL,NULL,NULL,NULL
dbo,CONTROL_INFORMATION,70,CI_NO_INVENTORY_QTY_PRINT,bit,0,0,0,NULL,NULL,NULL,NULL,NULL,NULL,NULL
dbo,CONTROL_INFORMATION,71,CI_RECON_BY_PAY_LOCATION,bit,0,0,0,NULL,NULL,NULL,NULL,NULL,NULL,NULL
dbo,CONTROL_INFORMATION,72,CI_AUTO_PO_FROM_SO,bit,0,0,0,NULL,NULL,NULL,NULL,NULL,NULL,NULL
dbo,CONTROL_INFORMATION,73,CI_NO_F2_BUNDLE,bit,0,0,0,NULL,NULL,NULL,NULL,NULL,NULL,NULL
dbo,CONTROL_INFORMATION,74,CI_GP_LIMIT_PERCENT,float,1,0,0,NULL,NULL,NULL,NULL,NULL,NULL,NULL
dbo,CONTROL_INFORMATION,75,CI_GP_LIMIT_SALESPERSON,varchar(6),1,0,0,NULL,NULL,NULL,NULL,NULL,NULL,NULL
dbo,CONTROL_INFORMATION,76,CI_INVENTORY_MU_BY_WHS,bit,0,0,0,NULL,NULL,NULL,NULL,NULL,NULL,NULL
dbo,CONTROL_INFORMATION,77,CI_USE_DEFAULT_WHS_CASH_ACCT,bit,0,0,0,NULL,NULL,NULL,NULL,NULL,NULL,NULL
dbo,CONTROL_INFORMATION,78,CI_USE_CENTRAL_AP,bit,0,0,0,NULL,NULL,NULL,NULL,NULL,NULL,NULL
dbo,CONTROL_INFORMATION,79,CI_USE_DOTMATRIX_AP_CHECKS,bit,0,0,0,NULL,NULL,NULL,NULL,NULL,NULL,NULL
dbo,CONTROL_INFORMATION,80,CI_TAX_STATUS_CHANGE_PASSWORD,varchar(8),1,0,0,NULL,NULL,NULL,NULL,NULL,NULL,NULL
dbo,CONTROL_INFORMATION,81,CI_ALLOW_CARTON_BREAKAGE,bit,0,0,0,NULL,NULL,NULL,NULL,NULL,NULL,NULL
dbo,CONTROL_INFORMATION,82,CI_USE_ITEM_FREIGHT,bit,0,0,0,NULL,NULL,NULL,NULL,NULL,NULL,NULL
dbo,CONTROL_INFORMATION,83,CI_USE_DOTMATRIX_CUST_STMTS,bit,0,0,0,NULL,NULL,NULL,NULL,NULL,NULL,NULL
dbo,CONTROL_INFORMATION,84,CI_USE_DOTMATRIX_SALES_ORDERS,bit,0,0,0,NULL,NULL,NULL,NULL,NULL,NULL,NULL
dbo,CONTROL_INFORMATION,85,CI_ONE_SIDED_GL_PASSWORD,varchar(8),1,0,0,NULL,NULL,NULL,NULL,NULL,NULL,NULL
dbo,CONTROL_INFORMATION,86,CI_REQUIRE_JOB_NUMBER,bit,0,0,0,NULL,NULL,NULL,NULL,NULL,NULL,NULL
dbo,CONTROL_INFORMATION,87,CI_USE_COMMISSION_DOLLARS,bit,0,0,0,NULL,NULL,NULL,NULL,NULL,NULL,NULL
dbo,CONTROL_INFORMATION,88,CI_PRINT_ITEM_PRICE_TAG,int,1,0,0,NULL,NULL,NULL,NULL,NULL,NULL,NULL
dbo,CONTROL_INFORMATION,89,CI_TAG_TOP_MARGIN,"numeric(4,2)",1,0,0,NULL,NULL,NULL,NULL,NULL,NULL,NULL
dbo,CONTROL_INFORMATION,90,CI_TAG_LEFT_MARGIN,"numeric(4,2)",1,0,0,NULL,NULL,NULL,NULL,NULL,NULL,NULL
dbo,CONTROL_INFORMATION,91,CI_REQUIRE_ESTIMATED_COST,"numeric(1,0)",1,0,0,NULL,NULL,NULL,NULL,NULL,NULL,NULL
dbo,CONTROL_INFORMATION,92,CI_REQUIRE_CONTRACT_AMOUNT,"numeric(1,0)",1,0,0,NULL,NULL,NULL,NULL,NULL,NULL,NULL
dbo,CONTROL_INFORMATION,93,CI_PRINT_SALES_STOCK_COMMENT,"numeric(1,0)",1,0,0,NULL,NULL,NULL,NULL,NULL,NULL,NULL
dbo,CONTROL_INFORMATION,94,CI_USE_ITEM_FREIGHT_SELLING,"numeric(1,0)",1,0,0,NULL,NULL,NULL,NULL,NULL,NULL,NULL
dbo,CONTROL_INFORMATION,95,CI_INT,"numeric(1,0)",1,0,0,NULL,NULL,NULL,NULL,NULL,NULL,NULL
dbo,CONTROL_INFORMATION,96,CI_ASK_PRINT_ORD_DETAILS,bit,0,0,0,NULL,NULL,NULL,NULL,NULL,NULL,NULL
dbo,CONTROL_INFORMATION,97,CI_CHANGE_TAX_TYPE_BY_LINE,bit,0,0,0,NULL,NULL,NULL,NULL,NULL,NULL,NULL
dbo,CONTROL_INFORMATION,98,CI_ALLOW_PRICE_SELECTION_SO,bit,0,0,0,NULL,NULL,NULL,NULL,NULL,NULL,NULL
dbo,CONTROL_INFORMATION,99,CI_PRINT_SHIP_TO_ON_INVOICES,bit,0,0,0,NULL,NULL,NULL,NULL,NULL,NULL,NULL
dbo,CONTROL_INFORMATION,100,CI_SO_CHANGE_LINE_PASSWORD,varchar(8),1,0,0,NULL,NULL,NULL,NULL,NULL,NULL,NULL
dbo,CONTROL_INFORMATION,101,CI_SO_DELETE_LINE_PASSWORD,varchar(8),1,0,0,NULL,NULL,NULL,NULL,NULL,NULL,NULL
dbo,CONTROL_INFORMATION,102,ci_use_thermal_bar_code_printer,bit,0,0,0,0,NULL,NULL,NULL,NULL,NULL,NULL
dbo,CONTROL_INFORMATION,103,CI_BYPASS_ZERO_ON_HAND,bit,0,0,0,NULL,NULL,NULL,NULL,NULL,NULL,NULL
dbo,CONTROL_INFORMATION,104,CI_BYPASS_QTY_SIZE_PACK_SO_INVOICES,bit,0,0,0,NULL,NULL,NULL,NULL,NULL,NULL,NULL
dbo,CONTROL_INFORMATION,105,CI_BYPASS_QTY_SIZE_PACK_QUOTES,bit,0,0,0,NULL,NULL,NULL,NULL,NULL,NULL,NULL
dbo,CONTROL_INFORMATION,106,CI_PRINT_BILL_TO_BY_SOLD_TO,bit,0,0,0,NULL,NULL,NULL,NULL,NULL,NULL,NULL
dbo,CONTROL_INFORMATION,107,CI_CANCEL_ORDER_PASSWORD,varchar(8),1,0,0,NULL,NULL,NULL,NULL,NULL,NULL,NULL
dbo,CONTROL_INFORMATION,108,CI_USE_TIMBERLINE_INTERFACE,bit,0,0,0,NULL,NULL,NULL,NULL,NULL,NULL,NULL
dbo,CONTROL_INFORMATION,109,CI_TIMBERLINE_INVOICE_PATH,varchar(150),1,0,0,NULL,NULL,NULL,NULL,NULL,NULL,NULL
dbo,CONTROL_INFORMATION,110,CI_TIMBERLINE_PAYMENT_PATH,varchar(150),1,0,0,NULL,NULL,NULL,NULL,NULL,NULL,NULL
dbo,CONTROL_INFORMATION,111,CI_TIMBERLINE_JOBCOSTING_PATH,varchar(150),1,0,0,NULL,NULL,NULL,NULL,NULL,NULL,NULL
dbo,CONTROL_INFORMATION,112,CI_DISPLAYOPENSALES_ALL_LOCATIONS,bit,0,0,0,NULL,NULL,NULL,NULL,NULL,NULL,NULL
dbo,CONTROL_INFORMATION,113,CI_SETUP_JOBNUMBER_TO_SALESORDERNUMBER,bit,0,0,0,NULL,NULL,NULL,NULL,NULL,NULL,NULL
dbo,CONTROL_INFORMATION,114,CI_BYPASS_SIZE_PACK_QUOTES,bit,0,0,0,NULL,NULL,NULL,NULL,NULL,NULL,NULL
dbo,CONTROL_INFORMATION,115,ci_allow_picking_ticket_for_transfers,bit,0,0,0,NULL,NULL,NULL,NULL,NULL,NULL,NULL
dbo,CONTROL_INFORMATION,116,CI_SO_SHIPPING_OPTIONS,int,1,0,0,NULL,NULL,NULL,NULL,NULL,NULL,NULL
dbo,CONTROL_INFORMATION,117,CI_SALES_COMMISSION_BY_ITEM_FLAG,tinyint,0,0,0,NULL,NULL,NULL,NULL,NULL,NULL,NULL
dbo,CONTROL_INFORMATION,118,CI_BYPASS_SIZE_PACK_SO_INVOICES,bit,0,0,0,NULL,NULL,NULL,NULL,NULL,NULL,NULL
dbo,CONTROL_INFORMATION,119,CI_STOCKINQUIRY_COST_DISPLAY_PASSWORD,varchar(8),1,0,0,NULL,NULL,NULL,NULL,NULL,NULL,NULL
dbo,CONTROL_INFORMATION,120,CI_RELEASE_INVENTORY_WHEN_SHIPPED_FLAG,bit,0,0,0,NULL,NULL,NULL,NULL,NULL,NULL,NULL
dbo,CONTROL_INFORMATION,121,CI_SO_SERVICE_CHARGE_TYPE,int,1,0,0,NULL,NULL,NULL,NULL,NULL,NULL,NULL
dbo,CONTROL_INFORMATION,122,CI_SO_SERVICE_CHARGE_AMOUNT,float,1,0,0,NULL,NULL,NULL,NULL,NULL,NULL,NULL
dbo,CONTROL_INFORMATION,123,CI_SO_SERVICE_CHARGE_DESCRIPTION,varchar(30),1,0,0,NULL,NULL,NULL,NULL,NULL,NULL,NULL
dbo,CONTROL_INFORMATION,124,CI_ALLOW_DUPLICATE_SO_JOB_NUMBER,bit,0,0,0,NULL,NULL,NULL,NULL,NULL,NULL,NULL
dbo,CONTROL_INFORMATION,125,CI_BYPASS_INVOICE_NUMBER_ON_AR_STMT,bit,1,0,0,NULL,NULL,NULL,NULL,NULL,NULL,NULL
dbo,CONTROL_INFORMATION,126,CI_CREATE_NEW_CUSTOMERS_IN_SO_PASSWORD,varchar(8),1,0,0,NULL,NULL,NULL,NULL,NULL,NULL,NULL
dbo,CONTROL_INFORMATION,127,CI_SPECIAL_SO_CHANGE_PASSWORD,varchar(8),1,0,0,NULL,NULL,NULL,NULL,NULL,NULL,NULL
dbo,CONTROL_INFORMATION,128,CI_BYPASS_PRINTING_LABOR_LINES,smallint,0,0,0,NULL,NULL,NULL,NULL,NULL,NULL,NULL
dbo,CONTROL_INFORMATION,129,CI_BYPASS_PRINTING_SO_INVOICE_NUMBER,bit,1,0,0,NULL,NULL,NULL,NULL,NULL,NULL,NULL
dbo,CONTROL_INFORMATION,130,CI_PRINT_SALES_INVOICE_ON_SALES_TICKETS,bit,0,0,0,NULL,NULL,NULL,NULL,NULL,NULL,NULL
dbo,CONTROL_INFORMATION,131,CI_ALLOCATE_INVENTORY_CONVERTING_QUOTES,bit,0,0,0,NULL,NULL,NULL,NULL,NULL,NULL,NULL
dbo,CONTROL_INFORMATION,132,CI_INVOICE_ALL_LINES_ONLY,bit,0,0,0,NULL,NULL,NULL,NULL,NULL,NULL,NULL
dbo,CONTROL_INFORMATION,133,CI_ADD_SO_LINES_AFTER_INVOICE_ALL_LINES,bit,0,0,0,NULL,NULL,NULL,NULL,NULL,NULL,NULL
dbo,CONTROL_INFORMATION,134,CI_UPDATE_INVOICES_TO_AR,bit,0,0,0,NULL,NULL,NULL,NULL,NULL,NULL,NULL
dbo,CONTROL_INFORMATION,136,CI_STYLE_INVENTORY_TAG,int,1,0,0,NULL,NULL,NULL,NULL,NULL,NULL,NULL
dbo,CONTROL_INFORMATION,137,CI_PRINT_INVENTORY_TAG_SY,bit,1,0,0,0,NULL,NULL,NULL,NULL,NULL,NULL
dbo,CONTROL_INFORMATION,138,CI_PRINT_TAG,smallint,1,0,0,0,NULL,NULL,NULL,NULL,NULL,NULL
dbo,CONTROL_INFORMATION,139,CI_BYPASS_SPLIT_MSG_FOR_PC_ITEMS,int,1,0,0,NULL,NULL,NULL,NULL,NULL,NULL,NULL
dbo,CONTROL_INFORMATION,140,CI_BYPASS_PRINTING_PO_DETAIL_WEIGHT,int,1,0,0,NULL,NULL,NULL,NULL,NULL,NULL,NULL
dbo,CONTROL_INFORMATION,141,CI_BYPASS_PRINTING_PO_ZERO_FREIGHT,int,1,0,0,NULL,NULL,NULL,NULL,NULL,NULL,NULL
dbo,CONTROL_INFORMATION,142,CI_SO_CHANGE_CUSTOMER_PASSWORD,varchar(8),1,0,0,NULL,NULL,NULL,NULL,NULL,NULL,NULL
dbo,CONTROL_INFORMATION,143,CI_CHANGE_CUSTOMER_CREDIT_INFO_PASSWORD,varchar(8),1,0,0,NULL,NULL,NULL,NULL,NULL,NULL,NULL
dbo,CONTROL_INFORMATION,144,CI_COMMISSION_CHANGE_PASSWORD,varchar(8),1,0,0,NULL,NULL,NULL,NULL,NULL,NULL,NULL
dbo,CONTROL_INFORMATION,145,CI_PRINT_MARGIN_AND_COST_ON_OPEN_ORDER_REPORT,bit,1,0,0,NULL,NULL,NULL,NULL,NULL,NULL,NULL
dbo,CONTROL_INFORMATION,146,CI_BYPASS_PO_TRANSFER_TICKET,bit,0,0,0,NULL,NULL,NULL,NULL,NULL,NULL,NULL
dbo,CONTROL_INFORMATION,147,CI_ITEM_COMMENTS_DEFAULT_AS_DESELECT_ALL,bit,0,0,0,NULL,NULL,NULL,NULL,NULL,NULL,NULL
dbo,CONTROL_INFORMATION,148,CI_USE_FAX_SERVER,bit,1,0,0,NULL,NULL,NULL,NULL,NULL,NULL,NULL
dbo,CONTROL_INFORMATION,149,CI_FAX_SERVER,nvarchar(50),1,0,0,NULL,NULL,NULL,NULL,NULL,NULL,NULL
dbo,CONTROL_INFORMATION,150,CI_FAX_USER,nvarchar(50),1,0,0,NULL,NULL,NULL,NULL,NULL,NULL,NULL
dbo,CONTROL_INFORMATION,151,CI_FAX_PASSWORD,nvarchar(50),1,0,0,NULL,NULL,NULL,NULL,NULL,NULL,NULL
dbo,CONTROL_INFORMATION,152,CI_USE_BUSINESS_DATE_FOR_SLABS,bit,1,0,0,NULL,NULL,NULL,NULL,NULL,NULL,NULL
dbo,CONTROL_INFORMATION,153,ci_display_multiple_vendor_choices_so,bit,0,0,0,NULL,NULL,NULL,NULL,NULL,NULL,NULL
dbo,CONTROL_INFORMATION,154,ci_change_item_description_in_so,bit,0,0,0,NULL,NULL,NULL,NULL,NULL,NULL,NULL
dbo,CONTROL_INFORMATION,155,ci_distributor_rebate,bit,0,0,0,NULL,NULL,NULL,NULL,NULL,NULL,NULL
dbo,CONTROL_INFORMATION,156,CI_STOCK_ORDER_PASSWORD,varchar(8),1,0,0,NULL,NULL,NULL,NULL,NULL,NULL,NULL
dbo,CONTROL_INFORMATION,157,CI_ALLOW_INITIAL_INVENTORY,bit,1,0,0,NULL,NULL,NULL,NULL,NULL,NULL,NULL
dbo,CONTROL_INFORMATION,158,CI_USE_APARTMENTTYPE_DESCRIPTION_IN_SO,bit,1,0,0,NULL,NULL,NULL,NULL,NULL,NULL,NULL
dbo,CONTROL_INFORMATION,159,ci_slab_processing_options,int,0,0,0,NULL,NULL,NULL,NULL,NULL,NULL,NULL
dbo,CONTROL_INFORMATION,160,CI_SO_AND_INVOICES_FONT_SIZE,int,1,0,0,NULL,NULL,NULL,NULL,NULL,NULL,NULL
dbo,CONTROL_INFORMATION,161,CI_PURCHASE_TO_AP_RECONCILIATION,bit,0,0,0,NULL,NULL,NULL,NULL,NULL,NULL,NULL
dbo,CONTROL_INFORMATION,162,ci_use_so_back_order_cost_for_po,bit,0,0,0,NULL,NULL,NULL,NULL,NULL,NULL,NULL
dbo,CONTROL_INFORMATION,163,ci_require_so_estimator,bit,0,0,0,NULL,NULL,NULL,NULL,NULL,NULL,NULL
dbo,CONTROL_INFORMATION,164,CI_AUTO_CREATE_PO_FROM_SO,smallint,0,0,0,NULL,NULL,NULL,NULL,NULL,NULL,NULL
dbo,CONTROL_INFORMATION,165,CI_PRINT_FOOTER_COMMENTS_ON_SO_TICKETS,bit,1,0,0,NULL,NULL,NULL,NULL,NULL,NULL,NULL
dbo,CONTROL_INFORMATION,166,CI_PRINT_FOOTER_COMMENTS_ON_QUOTES,bit,1,0,0,NULL,NULL,NULL,NULL,NULL,NULL,NULL
dbo,CONTROL_INFORMATION,167,CI_PO_SIDEMARK_OPTION,int,1,0,0,NULL,NULL,NULL,NULL,NULL,NULL,NULL
dbo,CONTROL_INFORMATION,168,CI_INCLUDE_ALL_COSTS_FOR_VIEW_COSTING,bit,1,0,0,NULL,NULL,NULL,NULL,NULL,NULL,NULL
dbo,CONTROL_INFORMATION,169,CI_USE_ITEM_FREIGHT_FOR_DISPLAY_ONLY,bit,1,0,0,NULL,NULL,NULL,NULL,NULL,NULL,NULL
dbo,CONTROL_INFORMATION,170,CI_BYPASS_PRINTING_MATERIAL_LINES_ON_SO_AND_INVOICES,int,1,0,0,NULL,NULL,NULL,NULL,NULL,NULL,NULL
dbo,CONTROL_INFORMATION,171,ci_stock_inquiry_vendor_information_password,varchar(8),1,0,0,NULL,NULL,NULL,NULL,NULL,NULL,NULL
dbo,CONTROL_INFORMATION,172,CI_ARCHIVING_PROCESS_PASSWORD,varchar(8),1,0,0,NULL,NULL,NULL,NULL,NULL,NULL,NULL
dbo,CONTROL_INFORMATION,173,CI_BYPASS_PREPRINTED_BOL,bit,1,0,0,NULL,NULL,NULL,NULL,NULL,NULL,NULL
dbo,CONTROL_INFORMATION,174,CI_RESTRICT_STOCK_INQUIRY_TO_FIRST_PRICE,bit,1,0,0,NULL,NULL,NULL,NULL,NULL,NULL,NULL
dbo,CONTROL_INFORMATION,175,CI_BYPASS_SO_COMMISSION_SPLIT,bit,1,0,0,NULL,NULL,NULL,NULL,NULL,NULL,NULL
dbo,CONTROL_INFORMATION,176,CI_ASSIGN_SO_COST_WHEN_SHIPPED,bit,1,0,0,NULL,NULL,NULL,NULL,NULL,NULL,NULL
dbo,CONTROL_INFORMATION,177,ci_so_price_changes,varchar(8),1,0,0,NULL,NULL,NULL,NULL,NULL,NULL,NULL
dbo,CONTROL_INFORMATION,178,ci_bypass_qty_unitprice_size_pack,int,1,0,0,NULL,NULL,NULL,NULL,NULL,NULL,NULL
dbo,CONTROL_INFORMATION,179,ci_use_business_date_for_Canceled_AP_Vouchers,bit,1,0,0,NULL,NULL,NULL,NULL,NULL,NULL,NULL
dbo,CONTROL_INFORMATION,180,CI_BYPASS_PRICE_FOR_AM,bit,1,0,0,NULL,NULL,NULL,NULL,NULL,NULL,NULL
dbo,CONTROL_INFORMATION,181,CI_AUTHORIZED_TO_RELEASE_BACKORDERS,varchar(8),1,0,0,NULL,NULL,NULL,NULL,NULL,NULL,NULL
dbo,CONTROL_INFORMATION,182,CI_POS_COMMENT_FONT_SIZE,int,1,0,0,NULL,NULL,NULL,NULL,NULL,NULL,NULL
dbo,CONTROL_INFORMATION,183,CI_BIN_TAG_STYLE,int,1,0,0,NULL,NULL,NULL,NULL,NULL,NULL,NULL
dbo,CONTROL_INFORMATION,184,ci_hold_order_days,smallint,1,0,0,NULL,NULL,NULL,NULL,NULL,NULL,NULL
dbo,CONTROL_INFORMATION,185,ci_print_hold_order_expiration_date,bit,1,0,0,NULL,NULL,NULL,NULL,NULL,NULL,NULL
dbo,CONTROL_INFORMATION,186,CI_INVOICING_OPTION,smallint,1,0,0,NULL,NULL,NULL,NULL,NULL,NULL,NULL
dbo,CONTROL_INFORMATION,187,CI_UPDATE_SO_UNIT_PRICE_WITH_COLOR_CHANGE,bit,1,0,0,NULL,NULL,NULL,NULL,NULL,NULL,NULL
dbo,CONTROL_INFORMATION,188,CI_INSTALLATION_CALENDAR_OPTIONS,int,1,0,0,NULL,NULL,NULL,NULL,NULL,NULL,NULL
dbo,CONTROL_INFORMATION,189,CI_CanadianFormat,bit,1,0,0,NULL,NULL,NULL,NULL,NULL,NULL,NULL
dbo,CONTROL_INFORMATION,190,CI_SO_DELETE_REGULAR_LINE_PASSWORD,varchar(8),1,0,0,NULL,NULL,NULL,NULL,NULL,NULL,NULL
dbo,CONTROL_INFORMATION,191,CI_SO_AUTO_TRANSFERS,bit,0,0,0,0,NULL,NULL,NULL,NULL,NULL,NULL
dbo,CONTROL_INFORMATION,192,CI_NOTALLOW_ZERO_DIVTOW,bit,0,0,0,0,NULL,NULL,NULL,NULL,NULL,NULL
dbo,CONTROL_INFORMATION,193,CI_CRM_OPPORTUNITIES_URL,varchar(100),1,0,0,NULL,NULL,NULL,NULL,NULL,NULL,NULL
dbo,CONTROL_INFORMATION,194,CI_CRM_LEADS_URL,varchar(100),1,0,0,NULL,NULL,NULL,NULL,NULL,NULL,NULL
dbo,CONTROL_INFORMATION,195,CI_COMBINE_PST,bit,0,0,0,0,NULL,NULL,NULL,NULL,NULL,NULL
dbo,CONTROL_INFORMATION,196,CI_SPECIAL_FLAG,bit,1,0,0,0,NULL,NULL,NULL,NULL,NULL,NULL
dbo,CONTROL_INFORMATION,197,CI_SHOWBARCODE,bit,1,0,0,0,NULL,NULL,NULL,NULL,NULL,NULL
dbo,CONTROL_INFORMATION,198,CI_REQUIRE_SO_SALES_DIVISION_ENTRY,bit,1,0,0,0,NULL,NULL,NULL,NULL,NULL,NULL
dbo,CONTROL_INFORMATION,199,CI_CENTRAL_TRANSFER,bit,1,0,0,NULL,NULL,NULL,NULL,NULL,NULL,NULL
dbo,CONTROL_INFORMATION,200,CI_Division_commissions_Pass,varchar(20),1,0,0,NULL,NULL,NULL,NULL,NULL,NULL,NULL
dbo,CONTROL_INFORMATION,201,CI_USE_DOTMATRIX_RENDERMODE,bit,0,0,0,((0)),NULL,NULL,NULL,NULL,NULL,NULL
dbo,CONTROL_INFORMATION,202,CI_BackOrder_StockCheck,bit,0,0,0,((0)),NULL,NULL,NULL,NULL,NULL,NULL
dbo,CONTROL_INFORMATION,203,CI_ALLOW_BACKORDER_PASSWORD,varchar(8),1,0,0,NULL,NULL,NULL,NULL,NULL,NULL,NULL
dbo,CONTROL_INFORMATION,204,CI_USE_SO_Assessment,bit,1,0,0,NULL,NULL,NULL,NULL,NULL,NULL,NULL
dbo,CONTROL_INFORMATION,205,CI_SO_Assessment_Description,varchar(255),1,0,0,NULL,NULL,NULL,NULL,NULL,NULL,NULL
dbo,CONTROL_INFORMATION,206,CI_SO_Assessment_PerSY,"decimal(10,2)",1,0,0,NULL,NULL,NULL,NULL,NULL,NULL,NULL
dbo,CONTROL_INFORMATION,207,CI_SO_Assessment_GL_ID,"decimal(12,0)",1,0,0,NULL,NULL,NULL,NULL,NULL,NULL,NULL
dbo,CONTROL_INFORMATION,208,CI_Assessment_ShipTo,bit,0,0,0,((0)),NULL,NULL,NULL,NULL,NULL,NULL
dbo,CONTROL_INFORMATION,209,CI_AllowRevisedTransferPick,bit,0,0,0,((1)),NULL,NULL,NULL,NULL,NULL,NULL
dbo,CONTROL_INFORMATION,210,CI_Use_Progress_Billing,bit,0,0,0,((0)),NULL,NULL,NULL,NULL,NULL,NULL
dbo,CONTROL_INFORMATION,211,CI_InhibitBalanceDueInvoicing,bit,0,0,0,((0)),NULL,NULL,NULL,NULL,NULL,NULL
dbo,CONTROL_INFORMATION,212,CI_OverrideInhibitBalanceDueInvoicePassword,varchar(8),1,0,0,NULL,NULL,NULL,NULL,NULL,NULL,NULL
dbo,CONTROL_INFORMATION,213,CI_USaved_PriceClass_ID,"decimal(8,0)",0,0,0,((0)),NULL,NULL,NULL,NULL,NULL,NULL
dbo,CONTROL_INFORMATION,214,CI_SalesmanOverrideOption,int,0,0,0,((0)),NULL,NULL,NULL,NULL,NULL,NULL
dbo,CONTROL_INFORMATION,215,EnablePaywareSupport,bit,0,0,0,((0)),NULL,NULL,NULL,NULL,NULL,NULL
dbo,CONTROL_INFORMATION,216,CI_CUSTOMER_ALERT_CHANGE,varchar(8),1,0,0,NULL,NULL,NULL,NULL,NULL,NULL,NULL
dbo,CONTROL_INFORMATION,217,CI_CUSTOMER_MASTER_SALESMAN_CHANGE,varchar(8),1,0,0,NULL,NULL,NULL,NULL,NULL,NULL,NULL
dbo,CONTROL_INFORMATION,218,CI_LABOR_COST_CHANGE,varchar(8),1,0,0,NULL,NULL,NULL,NULL,NULL,NULL,NULL
dbo,CONTROL_INFORMATION,219,CI_ALLOW_MINIMUM_TAB_CHANGE,varchar(8),1,0,0,NULL,NULL,NULL,NULL,NULL,NULL,NULL
dbo,CONTROL_INFORMATION,220,CI_RETRIEVE_PAYWARE_CARDS_ON_FILE,varchar(8),1,0,0,NULL,NULL,NULL,NULL,NULL,NULL,NULL
dbo,CONTROL_INFORMATION,221,CI_BYPASS_PAYWARE_TRANSACTION,varchar(8),1,0,0,NULL,NULL,NULL,NULL,NULL,NULL,NULL
dbo,CONTROL_INFORMATION,222,CI_PREVIEW_INVOICE_FLAG,bit,0,0,0,((1)),NULL,NULL,NULL,NULL,NULL,NULL
dbo,CONTROL_INFORMATION,223,CI_SO_PRICE_CODES_RESTRICTED,varchar(8),1,0,0,NULL,NULL,NULL,NULL,NULL,NULL,NULL
dbo,CONTROL_INFORMATION,224,CI_RELEASE_FOR_INVOICING_UPON_FULL_PAYMENT,bit,0,0,0,((0)),NULL,NULL,NULL,NULL,NULL,NULL
dbo,CONTROL_INFORMATION,225,CI_MANUALLY_APPLY_SO_DEPOSIT,bit,0,0,0,((0)),NULL,NULL,NULL,NULL,NULL,NULL
dbo,CONTROL_INFORMATION,226,CI_INHIBIT_PRICE_CHANGE_PASSWORD,varchar(8),1,0,0,NULL,NULL,NULL,NULL,NULL,NULL,NULL
dbo,CONTROL_INFORMATION,227,CI_HIDE_BILL_TO_LABELING_FOR_INVOICES,bit,0,0,0,((0)),NULL,NULL,NULL,NULL,NULL,NULL
dbo,CONTROL_INFORMATION,228,CI_ENABLE_SALES_ORDER_SURCHARGE,bit,1,0,0,NULL,NULL,NULL,NULL,NULL,NULL,NULL
dbo,CONTROL_INFORMATION,229,CI_SALES_ORDER_SURCHARGE_DESCRIPTION,varchar(60),1,0,0,NULL,NULL,NULL,NULL,NULL,NULL,NULL
dbo,CONTROL_INFORMATION,230,CI_SALES_ORDER_SURCHARGE_GL_ACCOUNT_NUMBER,int,1,0,0,NULL,NULL,NULL,NULL,NULL,NULL,NULL
dbo,CONTROL_INFORMATION,231,CI_SALES_ORDER_SURCHARGE_PERCENT,"numeric(18,2)",1,0,0,NULL,NULL,NULL,NULL,NULL,NULL,NULL
dbo,CONTROL_INFORMATION,232,CI_require_customer_email,bit,0,0,0,((0)),NULL,NULL,NULL,NULL,NULL,NULL
dbo,COUNTRY,1,COU_ID,int,0,1,0,NULL,NULL,NULL,NULL,NULL,NULL,NULL
dbo,COUNTRY,2,COU_CODE,varchar(5),0,0,0,NULL,NULL,NULL,NULL,NULL,NULL,NULL
dbo,COUNTRY,3,COU_NAME,varchar(30),0,0,0,NULL,NULL,NULL,NULL,NULL,NULL,NULL
dbo,CSVInventoryLabel,1,LabelID,int,0,1,0,NULL,1,NULL,NULL,NULL,NULL,NULL
dbo,CSVInventoryLabel,2,CompanyID,int,0,0,0,NULL,NULL,NULL,NULL,NULL,NULL,NULL
dbo,CSVInventoryLabel,3,WarehouseID,int,0,0,0,NULL,NULL,NULL,NULL,NULL,NULL,NULL
dbo,CSVInventoryLabel,4,StyleCode,varchar(6),0,0,0,NULL,NULL,NULL,NULL,NULL,NULL,NULL
dbo,CSVInventoryLabel,5,ColorCode,varchar(9),0,0,0,NULL,NULL,NULL,NULL,NULL,NULL,NULL
dbo,CSVInventoryLabel,6,RollLot,varchar(18),0,0,0,NULL,NULL,NULL,NULL,NULL,NULL,NULL
dbo,CSVInventoryLabel,7,Label,ntext,0,0,0,NULL,NULL,NULL,NULL,NULL,NULL,NULL
dbo,CSVInventoryLabel,8,Created,datetime,0,0,0,(getdate()),NULL,NULL,NULL,NULL,NULL,NULL
dbo,CUSTOMER_COMMENTS,1,CC_COMPANY_ID,int,0,0,0,NULL,1,NULL,NULL,NULL,NULL,NULL
dbo,CUSTOMER_COMMENTS,2,CC_CUMMAS_ID,int,0,0,0,NULL,2,NULL,NULL,NULL,NULL,NULL
dbo,CUSTOMER_COMMENTS,3,CC_COMMENT_DATE,datetime,0,0,0,NULL,3,NULL,NULL,NULL,NULL,NULL
dbo,CUSTOMER_COMMENTS,4,CC_COMMENT_TIME,datetime,0,0,0,NULL,4,NULL,NULL,NULL,NULL,NULL
dbo,CUSTOMER_COMMENTS,5,CC_COMMENT_TYPE,varchar(8),1,0,0,NULL,NULL,NULL,NULL,NULL,NULL,NULL
dbo,CUSTOMER_COMMENTS,6,CC_COMMENT_URGENT,bit,0,0,0,NULL,NULL,NULL,NULL,NULL,NULL,NULL
dbo,CUSTOMER_COMMENTS,7,CC_COMMENT,varchar(255),0,0,0,NULL,NULL,NULL,NULL,NULL,NULL,NULL
dbo,CUSTOMER_COMMENTS,8,CC_COMMENT_ID,int,0,1,0,NULL,5,NULL,NULL,NULL,NULL,NULL
dbo,CUSTOMER_MASTER,1,CUM_COMPANY_ID,int,0,0,0,NULL,1,FK__CUSTOMER_MASTER__41648637,dbo,SALES_PAYMENT_TERMS,SPT_COMPANY_ID,NULL
dbo,CUSTOMER_MASTER,2,CUM_CUSTOMER_NUMBER,varchar(10),0,0,0,NULL,2,NULL,NULL,NULL,NULL,NULL
dbo,CUSTOMER_MASTER,3,CUM_CUSTOMER_NAME,varchar(30),1,0,0,NULL,NULL,NULL,NULL,NULL,NULL,NULL
dbo,CUSTOMER_MASTER,4,CUM_ADDRESS_1,varchar(30),1,0,0,NULL,NULL,NULL,NULL,NULL,NULL,NULL
dbo,CUSTOMER_MASTER,5,CUM_ADDRESS_2,varchar(30),1,0,0,NULL,NULL,NULL,NULL,NULL,NULL,NULL
dbo,CUSTOMER_MASTER,6,CUM_ADDRESS_3,varchar(30),1,0,0,NULL,NULL,NULL,NULL,NULL,NULL,NULL
dbo,CUSTOMER_MASTER,7,CUM_CITY,varchar(30),1,0,0,NULL,NULL,NULL,NULL,NULL,NULL,NULL
dbo,CUSTOMER_MASTER,8,CUM_STATE,varchar(2),1,0,0,NULL,NULL,NULL,NULL,NULL,NULL,NULL
dbo,CUSTOMER_MASTER,9,CUM_ZIP,varchar(10),1,0,0,NULL,NULL,NULL,NULL,NULL,NULL,NULL
dbo,CUSTOMER_MASTER,10,CUM_PHONE_NUMBER,varchar(15),1,0,0,NULL,NULL,NULL,NULL,NULL,NULL,NULL
dbo,CUSTOMER_MASTER,11,CUM_FAX_NUMBER,varchar(15),1,0,0,NULL,NULL,NULL,NULL,NULL,NULL,NULL
dbo,CUSTOMER_MASTER,12,CUM_MODEM_NUMBER,varchar(60),1,0,0,NULL,NULL,NULL,NULL,NULL,NULL,NULL
dbo,CUSTOMER_MASTER,13,CUM_EMAIL,varchar(50),1,0,0,NULL,NULL,NULL,NULL,NULL,NULL,NULL
dbo,CUSTOMER_MASTER,14,CUM_INTERNET_ADDRESS,varchar(50),1,0,0,NULL,NULL,NULL,NULL,NULL,NULL,NULL
dbo,CUSTOMER_MASTER,15,CUM_DRIVER_LICENSE,varchar(15),1,0,0,NULL,NULL,NULL,NULL,NULL,NULL,NULL
dbo,CUSTOMER_MASTER,16,CUM_CREDIT_LIMIT,float,1,0,0,NULL,NULL,NULL,NULL,NULL,NULL,NULL
dbo,CUSTOMER_MASTER,17,CUM_STATEMENT_DATE,datetime,1,0,0,NULL,NULL,NULL,NULL,NULL,NULL,NULL
dbo,CUSTOMER_MASTER,18,CUM_ESTABLISHED_DATE,datetime,1,0,0,NULL,NULL,NULL,NULL,NULL,NULL,NULL
dbo,CUSTOMER_MASTER,19,CUM_AR_BALANCE,float,1,0,0,NULL,NULL,NULL,NULL,NULL,NULL,NULL
dbo,CUSTOMER_MASTER,20,CUM_LAST_ACTIVITY_DATE,datetime,1,0,0,NULL,NULL,NULL,NULL,NULL,NULL,NULL
dbo,CUSTOMER_MASTER,21,CUM_PRICE_CODE,int,1,0,0,NULL,NULL,NULL,NULL,NULL,NULL,NULL
dbo,CUSTOMER_MASTER,22,CUM_TERMS_NUMBER,int,1,0,0,NULL,NULL,FK__CUSTOMER_MASTER__41648637,dbo,SALES_PAYMENT_TERMS,SPT_TERMS_NUMBER,NULL
dbo,CUSTOMER_MASTER,23,CUM_TAXABLE_FLAG,bit,0,0,0,NULL,NULL,NULL,NULL,NULL,NULL,NULL
dbo,CUSTOMER_MASTER,24,CUM_TAXMAS_ID,int,1,0,0,NULL,NULL,NULL,NULL,NULL,NULL,NULL
dbo,CUSTOMER_MASTER,25,CUM_TAX_EXEMPT_NUMBER,varchar(20),1,0,0,NULL,NULL,NULL,NULL,NULL,NULL,NULL
dbo,CUSTOMER_MASTER,26,CUM_TAX_EXEMPT_EXPIRATION_DATE,smalldatetime,1,0,0,NULL,NULL,NULL,NULL,NULL,NULL,NULL
dbo,CUSTOMER_MASTER,27,CUM_TYPE,varchar(1),1,0,0,NULL,NULL,NULL,NULL,NULL,NULL,NULL
dbo,CUSTOMER_MASTER,28,CUM_BRANCH,varchar(1),1,0,0,NULL,NULL,NULL,NULL,NULL,NULL,NULL
dbo,CUSTOMER_MASTER,29,CUM_HOLD_FLAG,bit,0,0,0,NULL,NULL,NULL,NULL,NULL,NULL,NULL
dbo,CUSTOMER_MASTER,30,CUM_ATTENTION_TO,varchar(30),1,0,0,NULL,NULL,NULL,NULL,NULL,NULL,NULL
dbo,CUSTOMER_MASTER,31,CUM_DISCOUNT_PERCENT,real,1,0,0,NULL,NULL,NULL,NULL,NULL,NULL,NULL
dbo,CUSTOMER_MASTER,32,CUM_CREDIT_HOLD_FLAG,bit,0,0,0,NULL,NULL,NULL,NULL,NULL,NULL,NULL
dbo,CUSTOMER_MASTER,33,CUM_SPECIAL_PRICE_FLAG,bit,0,0,0,NULL,NULL,NULL,NULL,NULL,NULL,NULL
dbo,CUSTOMER_MASTER,34,CUM_SMNMAS_ID,int,1,0,0,NULL,NULL,NULL,NULL,NULL,NULL,NULL
dbo,CUSTOMER_MASTER,35,CUM_LAST_PAY_DATE,datetime,1,0,0,NULL,NULL,NULL,NULL,NULL,NULL,NULL
dbo,CUSTOMER_MASTER,36,CUM_LAST_PAY_AMOUNT,float,1,0,0,NULL,NULL,NULL,NULL,NULL,NULL,NULL
dbo,CUSTOMER_MASTER,37,CUM_FINANCE_CHARGE_FLAG,bit,0,0,0,NULL,NULL,NULL,NULL,NULL,NULL,NULL
dbo,CUSTOMER_MASTER,38,CUM_ACCOUNT_DATE,datetime,1,0,0,NULL,NULL,NULL,NULL,NULL,NULL,NULL
dbo,CUSTOMER_MASTER,39,CUM_YTD_HIGH_CHARGE,real,1,0,0,NULL,NULL,NULL,NULL,NULL,NULL,NULL
dbo,CUSTOMER_MASTER,40,CUM_LAST_STMT_BALANCE,float,1,0,0,NULL,NULL,NULL,NULL,NULL,NULL,NULL
dbo,CUSTOMER_MASTER,41,CUM_LAST_STMT_OVER_DUE,float,1,0,0,NULL,NULL,NULL,NULL,NULL,NULL,NULL
dbo,CUSTOMER_MASTER,42,CUM_CREDIT_EXPIRATION_DT,datetime,1,0,0,NULL,NULL,NULL,NULL,NULL,NULL,NULL
dbo,CUSTOMER_MASTER,43,CUM_DEFAULT_WHS,int,1,0,0,NULL,NULL,NULL,NULL,NULL,NULL,NULL
dbo,CUSTOMER_MASTER,44,CUM_CUMMAS_ID,int,0,1,0,NULL,NULL,NULL,NULL,NULL,NULL,NULL
dbo,CUSTOMER_MASTER,45,CUM_PHONE_NUMBER_2,varchar(15),1,0,0,NULL,NULL,NULL,NULL,NULL,NULL,NULL
dbo,CUSTOMER_MASTER,46,Id,uniqueidentifier,0,0,0,(newid()),NULL,NULL,NULL,NULL,NULL,NULL
dbo,CUSTOMER_MASTER,47,TimeStamp,timestamp,0,0,0,NULL,NULL,NULL,NULL,NULL,NULL,NULL
dbo,CUSTOMER_MASTER,48,CUM_SALES_DIVISION,int,1,0,0,NULL,NULL,NULL,NULL,NULL,NULL,NULL
dbo,CUSTOMER_MASTER,49,CUM_DEFAULT_SALES_TYPE,int,1,0,0,NULL,NULL,NULL,NULL,NULL,NULL,NULL
dbo,CUSTOMER_MASTER,50,CUM_DEFAULT_CARRIER,varchar(30),1,0,0,NULL,NULL,NULL,NULL,NULL,NULL,NULL
dbo,CUSTOMER_MASTER,51,CUM_USE_INTERNATIONAL_ADDRESS,bit,1,0,0,NULL,NULL,NULL,NULL,NULL,NULL,NULL
dbo,CUSTOMER_MASTER,52,CUM_CUSTOMER_INACTIVE_FLAG,bit,0,0,0,0,NULL,NULL,NULL,NULL,NULL,NULL
dbo,CUSTOMER_MASTER,53,CUM_PO_NUMBER_REQUIRED,bit,1,0,0,0,NULL,NULL,NULL,NULL,NULL,NULL
dbo,CUSTOMER_MASTER,54,CUM_IGNORE_PRINT_BATCH,bit,1,0,0,NULL,NULL,NULL,NULL,NULL,NULL,NULL
dbo,CUSTOMER_MASTER,55,CUM_BYPASS_PRINT_OPTIONS_FOR_INVOICES,bit,1,0,0,NULL,NULL,NULL,NULL,NULL,NULL,NULL
dbo,CUSTOMER_MASTER,56,CUM_Advertising_Code,int,1,0,0,NULL,NULL,NULL,NULL,NULL,NULL,NULL
dbo,CUSTOMER_MASTER,57,CUM_Default_Warehouse,int,1,0,0,NULL,NULL,NULL,NULL,NULL,NULL,NULL
dbo,CUSTOMER_MASTER,58,CUM_SO_ALERT,varchar(30),1,0,0,NULL,NULL,NULL,NULL,NULL,NULL,NULL
dbo,CUSTOMER_MASTER,59,CUM_QBExport_Customer,bit,0,0,0,((0)),NULL,NULL,NULL,NULL,NULL,NULL
dbo,CUSTOMER_MASTER,60,CUM_BILL_TO_CUSTOMER_NUMBER,varchar(10),1,0,0,NULL,NULL,NULL,NULL,NULL,NULL,NULL
dbo,CUSTOMER_SHIP_LOCATION,1,CSL_COMPANY_ID,int,0,0,0,NULL,1,NULL,NULL,NULL,NULL,NULL
dbo,CUSTOMER_SHIP_LOCATION,2,CSL_CUMMAS_ID,int,0,0,0,NULL,2,NULL,NULL,NULL,NULL,NULL
dbo,CUSTOMER_SHIP_LOCATION,3,CSL_LOCATION_CODE,int,0,0,0,NULL,3,NULL,NULL,NULL,NULL,NULL
dbo,CUSTOMER_SHIP_LOCATION,4,CSL_LOCATION_NAME,varchar(30),1,0,0,NULL,NULL,NULL,NULL,NULL,NULL,NULL
dbo,CUSTOMER_SHIP_LOCATION,5,CSL_ADDRESS_1,varchar(30),1,0,0,NULL,NULL,NULL,NULL,NULL,NULL,NULL
dbo,CUSTOMER_SHIP_LOCATION,6,CSL_ADDRESS_2,varchar(30),1,0,0,NULL,NULL,NULL,NULL,NULL,NULL,NULL
dbo,CUSTOMER_SHIP_LOCATION,7,CSL_ADDRESS_3,varchar(30),1,0,0,NULL,NULL,NULL,NULL,NULL,NULL,NULL
dbo,CUSTOMER_SHIP_LOCATION,8,CSL_CITY,varchar(20),1,0,0,NULL,NULL,NULL,NULL,NULL,NULL,NULL
dbo,CUSTOMER_SHIP_LOCATION,9,CSL_STATE,varchar(2),1,0,0,NULL,NULL,NULL,NULL,NULL,NULL,NULL
dbo,CUSTOMER_SHIP_LOCATION,10,CSL_ZIP,varchar(10),1,0,0,NULL,NULL,NULL,NULL,NULL,NULL,NULL
dbo,CUSTOMER_SHIP_LOCATION,11,CSL_TAXABLE_FLAG,bit,0,0,0,NULL,NULL,NULL,NULL,NULL,NULL,NULL
dbo,CUSTOMER_SHIP_LOCATION,12,CSL_TAXMAS_ID,int,1,0,0,NULL,NULL,NULL,NULL,NULL,NULL,NULL
dbo,CUSTOMER_SHIP_LOCATION,13,CSL_TAX_EXEMPT_NUMBER,varchar(20),1,0,0,NULL,NULL,NULL,NULL,NULL,NULL,NULL
dbo,CUSTOMER_SHIP_LOCATION,14,CSL_TAX_EXEMPT_EXPIRATION_DATE,datetime,1,0,0,NULL,NULL,NULL,NULL,NULL,NULL,NULL
dbo,CUSTOMER_SHIP_LOCATION,15,CSL_CARRIER,varchar(30),1,0,0,NULL,NULL,NULL,NULL,NULL,NULL,NULL
dbo,CUSTOMER_SHIP_LOCATION,16,CSL_DEFAULT,int,1,0,0,NULL,NULL,NULL,NULL,NULL,NULL,NULL
dbo,CUSTOMER_SHIP_LOCATION,17,CSL_Phone,varchar(50),1,0,0,(''),NULL,NULL,NULL,NULL,NULL,NULL
dbo,CutHistory,1,Id,int,0,1,0,NULL,1,NULL,NULL,NULL,NULL,NULL
dbo,CutHistory,2,CompanyNumber,int,0,0,0,NULL,NULL,NULL,NULL,NULL,NULL,NULL
dbo,CutHistory,3,WarehouseNumber,int,0,0,0,NULL,NULL,NULL,NULL,NULL,NULL,NULL
dbo,CutHistory,4,VendorItem,varchar(25),0,0,0,NULL,NULL,NULL,NULL,NULL,NULL,NULL
dbo,CutHistory,5,ItemStyle,varchar(6),0,0,0,NULL,NULL,NULL,NULL,NULL,NULL,NULL
dbo,CutHistory,6,ItemColor,varchar(9),0,0,0,NULL,NULL,NULL,NULL,NULL,NULL,NULL
dbo,CutHistory,7,RollNumber,varchar(18),1,0,0,NULL,NULL,NULL,NULL,NULL,NULL,NULL
dbo,CutHistory,8,DyeLot,varchar(18),1,0,0,NULL,NULL,NULL,NULL,NULL,NULL,NULL
dbo,CutHistory,9,Quantity,float,0,0,0,NULL,NULL,NULL,NULL,NULL,NULL,NULL
dbo,CutHistory,10,ActualQuantity,float,0,0,0,NULL,NULL,NULL,NULL,NULL,NULL,NULL
dbo,CutHistory,11,Width,float,0,0,0,NULL,NULL,NULL,NULL,NULL,NULL,NULL
dbo,CutHistory,12,RollNumberAssignedToCut,varchar(18),1,0,0,NULL,NULL,NULL,NULL,NULL,NULL,NULL
dbo,CutHistory,13,RollNumberAssignedByCutSoftware,varchar(18),1,0,0,NULL,NULL,NULL,NULL,NULL,NULL,NULL
dbo,CutHistory,14,SalesOrderId,int,1,0,0,NULL,NULL,NULL,NULL,NULL,NULL,NULL
dbo,CutHistory,15,CutStatus,int,0,0,0,NULL,NULL,NULL,NULL,NULL,NULL,NULL
dbo,CutHistory,16,RecordStatus,int,0,0,0,NULL,NULL,NULL,NULL,NULL,NULL,NULL
dbo,CutHistory,17,Canceled,bit,0,0,0,NULL,NULL,NULL,NULL,NULL,NULL,NULL
dbo,CutHistory,18,Manual,bit,0,0,0,NULL,NULL,NULL,NULL,NULL,NULL,NULL
dbo,CutHistory,19,CutDateMade,datetime,1,0,0,NULL,NULL,NULL,NULL,NULL,NULL,NULL
dbo,CutHistory,20,Message,text,1,0,0,NULL,NULL,NULL,NULL,NULL,NULL,NULL
dbo,CutHistory,21,CutDateReleased,datetime,1,0,0,NULL,NULL,NULL,NULL,NULL,NULL,NULL
dbo,CutHistory,22,BIN,varchar(6),1,0,0,NULL,NULL,NULL,NULL,NULL,NULL,NULL
dbo,CutHistory,23,Vendor,varchar(9),1,0,0,NULL,NULL,NULL,NULL,NULL,NULL,NULL
dbo,CutHistory,24,RollBalance,float,1,0,0,NULL,NULL,NULL,NULL,NULL,NULL,NULL
dbo,CutMachineInterfaceConfiguration,1,CutMachineInterfacePath,varchar(150),1,0,0,NULL,NULL,NULL,NULL,NULL,NULL,NULL
dbo,DAILY_SALES_SUMMARY,1,DSE_COMPANY_ID,int,1,0,0,NULL,NULL,NULL,NULL,NULL,NULL,NULL
dbo,DAILY_SALES_SUMMARY,2,DSE_WAREHOUSE_NUMBER,int,1,0,0,NULL,NULL,NULL,NULL,NULL,NULL,NULL
dbo,DAILY_SALES_SUMMARY,3,DSE_SALES_ORDER_NUMBER,int,1,0,0,NULL,NULL,NULL,NULL,NULL,NULL,NULL
dbo,DAILY_SALES_SUMMARY,4,DSE_TRANSACTION_DATE,datetime,1,0,0,NULL,NULL,NULL,NULL,NULL,NULL,NULL
dbo,DAILY_SALES_SUMMARY,5,DSE_TRANSACTION_TIME,datetime,1,0,0,NULL,NULL,NULL,NULL,NULL,NULL,NULL
dbo,DAILY_SALES_SUMMARY,6,DSE_STATUS,varchar(50),1,0,0,NULL,NULL,NULL,NULL,NULL,NULL,NULL
dbo,DAILY_SALES_SUMMARY,7,DSE_SALESMAN_NUMBER,int,1,0,0,NULL,NULL,NULL,NULL,NULL,NULL,NULL
dbo,DAILY_SALES_SUMMARY,8,DSE_TRANSACTION_AMOUNT,float,1,0,0,NULL,NULL,NULL,NULL,NULL,NULL,NULL
dbo,DAILY_SALES_SUMMARY,9,DSE_DEPOSIT_AMOUNT,float,1,0,0,NULL,NULL,NULL,NULL,NULL,NULL,NULL
dbo,DAILY_SALES_SUMMARY,10,DSE_CASH_AMOUNT,float,1,0,0,NULL,NULL,NULL,NULL,NULL,NULL,NULL
dbo,DAILY_SALES_SUMMARY,11,DSE_CHECK_AMOUNT,float,1,0,0,NULL,NULL,NULL,NULL,NULL,NULL,NULL
dbo,DAILY_SALES_SUMMARY,12,DSE_CHARGE_AMOUNT,float,1,0,0,NULL,NULL,NULL,NULL,NULL,NULL,NULL
dbo,DAILY_SALES_SUMMARY,13,DSE_CHARGE_ACCOUNT,int,1,0,0,NULL,NULL,NULL,NULL,NULL,NULL,NULL
dbo,DAILY_SALES_SUMMARY,14,DSE_CREDIT_AMOUNT,float,1,0,0,NULL,NULL,NULL,NULL,NULL,NULL,NULL
dbo,DAILY_SALES_SUMMARY,15,DSE_CREDIT_NUMBER,int,1,0,0,NULL,NULL,NULL,NULL,NULL,NULL,NULL
dbo,DAILY_SALES_SUMMARY,16,DSE_CREDIT_TYPE,varchar(6),1,0,0,NULL,NULL,NULL,NULL,NULL,NULL,NULL
dbo,DAILY_SALES_SUMMARY,17,DSE_TAX_AMOUNT,float,1,0,0,NULL,NULL,NULL,NULL,NULL,NULL,NULL
dbo,DAILY_SALES_SUMMARY,18,DSE_GST_AMOUNT,smallmoney,1,0,0,NULL,NULL,NULL,NULL,NULL,NULL,NULL
dbo,DAILY_SALES_SUMMARY,19,DSE_GST_TAXABLE_FLAG,bit,0,0,0,NULL,NULL,NULL,NULL,NULL,NULL,NULL
dbo,DAILY_SALES_SUMMARY,20,DSE_CUSTOMER_NUMBER,varchar(10),1,0,0,NULL,NULL,NULL,NULL,NULL,NULL,NULL
dbo,DAILY_SALES_SUMMARY,21,DSE_CUSTOMER_NAME,varchar(30),1,0,0,NULL,NULL,NULL,NULL,NULL,NULL,NULL
dbo,DAILY_SALES_SUMMARY,22,DSE_TRANSACTION_COST,float,0,0,0,((0)),NULL,NULL,NULL,NULL,NULL,NULL
dbo,DAILY_SALES_SUMMARY,23,DSE_DEBIT_CARD_ACCOUNT,int,1,0,0,NULL,NULL,NULL,NULL,NULL,NULL,NULL
dbo,DAILY_SALES_SUMMARY,24,DSE_DEBIT_CARD_AMOUNT,float,1,0,0,NULL,NULL,NULL,NULL,NULL,NULL,NULL
dbo,DAILY_SALES_SUMMARY,25,DSE_FINANCE_ACCOUNT,int,1,0,0,NULL,NULL,NULL,NULL,NULL,NULL,NULL
dbo,DAILY_SALES_SUMMARY,26,DSE_FINANCE_AMOUNT,float,1,0,0,NULL,NULL,NULL,NULL,NULL,NULL,NULL
dbo,DB_Errors,1,ErrorID,int,0,1,0,NULL,NULL,NULL,NULL,NULL,NULL,NULL
dbo,DB_Errors,2,UserName,varchar(100),1,0,0,NULL,NULL,NULL,NULL,NULL,NULL,NULL
dbo,DB_Errors,3,ErrorNumber,int,1,0,0,NULL,NULL,NULL,NULL,NULL,NULL,NULL
dbo,DB_Errors,4,ErrorState,int,1,0,0,NULL,NULL,NULL,NULL,NULL,NULL,NULL
dbo,DB_Errors,5,ErrorSeverity,int,1,0,0,NULL,NULL,NULL,NULL,NULL,NULL,NULL
dbo,DB_Errors,6,ErrorLine,int,1,0,0,NULL,NULL,NULL,NULL,NULL,NULL,NULL
dbo,DB_Errors,7,ErrorProcedure,varchar(max),1,0,0,NULL,NULL,NULL,NULL,NULL,NULL,NULL
dbo,DB_Errors,8,ErrorMessage,varchar(max),1,0,0,NULL,NULL,NULL,NULL,NULL,NULL,NULL
dbo,DB_Errors,9,ErrorDateTime,datetime,1,0,0,NULL,NULL,NULL,NULL,NULL,NULL,NULL
dbo,DB_VERSION,1,CURRENT_VERSION_NUMBER,real,1,0,0,NULL,NULL,NULL,NULL,NULL,NULL,NULL
dbo,DB_VERSION,2,UPDATE_VERSION,real,1,0,0,NULL,NULL,NULL,NULL,NULL,NULL,NULL
dbo,DB_VERSION,3,UPDATE_TASK_NUMBER,real,1,0,0,NULL,NULL,NULL,NULL,NULL,NULL,NULL
dbo,DEPOSIT_HISTORY,1,DH_DEPOSIT_NUMBER,uniqueidentifier,0,0,0,NULL,NULL,NULL,NULL,NULL,NULL,NULL
dbo,DEPOSIT_HISTORY,2,DH_COMPANY_ID,int,1,0,0,NULL,NULL,NULL,NULL,NULL,NULL,NULL
dbo,DEPOSIT_HISTORY,3,DH_DEPOSIT_DATE,datetime,1,0,0,NULL,NULL,NULL,NULL,NULL,NULL,NULL
dbo,DEPOSIT_HISTORY,4,DH_GL_ACCOUNT_NUMBER,int,1,0,0,NULL,NULL,NULL,NULL,NULL,NULL,NULL
dbo,DEPOSIT_HISTORY,5,DH_DEPOSIT_AMOUNT,money,1,0,0,NULL,NULL,NULL,NULL,NULL,NULL,NULL
dbo,DEPOSIT_HISTORY,6,DH_DEPOSIT_STATUS,bit,0,0,0,NULL,NULL,NULL,NULL,NULL,NULL,NULL
dbo,DEPOSIT_HISTORY,7,DH_RECONCILED_ID,uniqueidentifier,1,0,0,NULL,NULL,NULL,NULL,NULL,NULL,NULL
dbo,DEPOSIT_HISTORY,8,DH_CASH_ID,int,1,0,0,NULL,NULL,NULL,NULL,NULL,NULL,NULL
dbo,DEPOSIT_HISTORY,9,DH_CASH_AMOUNT,money,1,0,0,NULL,NULL,NULL,NULL,NULL,NULL,NULL
dbo,DEPOSIT_HISTORY,10,DH_CLEARED,bit,0,0,0,NULL,NULL,NULL,NULL,NULL,NULL,NULL
dbo,DEPOSIT_HISTORY,11,DH_DESCRIPTION,varchar(50),1,0,0,NULL,NULL,NULL,NULL,NULL,NULL,NULL
dbo,DEPOSIT_HISTORY,12,DH_IDENTITYYN,int,0,1,0,NULL,1,NULL,NULL,NULL,NULL,NULL
dbo,DEPOSIT_PAYMENTS,1,DPF_ID,uniqueidentifier,0,0,0,(newid()),1,NULL,NULL,NULL,NULL,NULL
dbo,DEPOSIT_PAYMENTS,2,DPF_COMPANY_ID,int,0,0,0,NULL,NULL,NULL,NULL,NULL,NULL,NULL
dbo,DEPOSIT_PAYMENTS,3,DPF_PAY_STORE_NUMBER,int,0,0,0,NULL,NULL,NULL,NULL,NULL,NULL,NULL
dbo,DEPOSIT_PAYMENTS,4,DPF_TYPE,int,0,0,0,NULL,NULL,NULL,NULL,NULL,NULL,NULL
dbo,DEPOSIT_PAYMENTS,5,DPF_ORDER_STORE_NUMBER,int,0,0,0,NULL,NULL,NULL,NULL,NULL,NULL,NULL
dbo,DEPOSIT_PAYMENTS,6,DPF_SALES_ORDER_NUMBER,int,0,0,0,NULL,NULL,NULL,NULL,NULL,NULL,NULL
dbo,DEPOSIT_PAYMENTS,7,DPF_TRANSACTION_DATE,datetime,0,0,0,NULL,NULL,NULL,NULL,NULL,NULL,NULL
dbo,DEPOSIT_PAYMENTS,8,DPF_PAYMENT_AMOUNT,float,1,0,0,NULL,NULL,NULL,NULL,NULL,NULL,NULL
dbo,DEPOSIT_PAYMENTS,9,DPF_CASH_AMOUNT,float,1,0,0,NULL,NULL,NULL,NULL,NULL,NULL,NULL
dbo,DEPOSIT_PAYMENTS,10,DPF_CHECK_NUMBER,varchar(50),1,0,0,NULL,NULL,NULL,NULL,NULL,NULL,NULL
dbo,DEPOSIT_PAYMENTS,11,DPF_CHECK_AMOUNT,float,1,0,0,NULL,NULL,NULL,NULL,NULL,NULL,NULL
dbo,DEPOSIT_PAYMENTS,12,DPF_CHARGE_AMOUNT,float,1,0,0,NULL,NULL,NULL,NULL,NULL,NULL,NULL
dbo,DEPOSIT_PAYMENTS,13,DPF_CHARGE_ACCOUNT,int,1,0,0,NULL,NULL,NULL,NULL,NULL,NULL,NULL
dbo,DEPOSIT_PAYMENTS,14,DPF_CHARGE_AUTH_CODE,varchar(10),1,0,0,NULL,NULL,NULL,NULL,NULL,NULL,NULL
dbo,DEPOSIT_PAYMENTS,15,DPF_CREDIT_AMOUNT,float,1,0,0,NULL,NULL,NULL,NULL,NULL,NULL,NULL
dbo,DEPOSIT_PAYMENTS,16,DPF_CREDIT_GIFT_TYPE,varchar(1),1,0,0,NULL,NULL,NULL,NULL,NULL,NULL,NULL
dbo,DEPOSIT_PAYMENTS,17,DPF_CREDIT_NUMBER,int,1,0,0,NULL,NULL,NULL,NULL,NULL,NULL,NULL
dbo,DEPOSIT_PAYMENTS,18,DPF_CASH_RECONCILED_FLAG,bit,0,0,0,NULL,NULL,NULL,NULL,NULL,NULL,NULL
dbo,DEPOSIT_PAYMENTS,19,DPF_DEPOSIT_NUMBER,uniqueidentifier,1,0,0,NULL,NULL,NULL,NULL,NULL,NULL,NULL
dbo,DEPOSIT_PAYMENTS,20,DPF_DISALLOWED_FLAG,bit,0,0,0,NULL,NULL,NULL,NULL,NULL,NULL,NULL
dbo,DEPOSIT_PAYMENTS,21,DPF_CASH_ID,int,0,0,0,NULL,NULL,NULL,NULL,NULL,NULL,NULL
dbo,DEPOSIT_PAYMENTS,22,DPF_ACCOUNT_FROM,varchar(5),1,0,0,NULL,NULL,NULL,NULL,NULL,NULL,NULL
dbo,DEPOSIT_PAYMENTS,23,DPF_CUSTOMER_NUMBER,varchar(10),1,0,0,NULL,NULL,NULL,NULL,NULL,NULL,NULL
dbo,DEPOSIT_PAYMENTS,24,DPF_USER_ID,int,1,0,0,NULL,NULL,NULL,NULL,NULL,NULL,NULL
dbo,DEPOSIT_PAYMENTS,25,DPF_STATION_ID,int,1,0,0,NULL,NULL,NULL,NULL,NULL,NULL,NULL
dbo,DEPOSIT_PAYMENTS,26,DPF_DEBIT_CARD_AMOUNT,float,1,0,0,NULL,NULL,NULL,NULL,NULL,NULL,NULL
dbo,DEPOSIT_PAYMENTS,27,DPF_FINANCE_AMOUNT,float,1,0,0,NULL,NULL,NULL,NULL,NULL,NULL,NULL
dbo,DEPOSIT_PAYMENTS,28,DPF_DEBIT_CARD_ACCOUNT,int,1,0,0,NULL,NULL,NULL,NULL,NULL,NULL,NULL
dbo,DEPOSIT_PAYMENTS,29,DPF_FINANCE_ACCOUNT,int,1,0,0,NULL,NULL,NULL,NULL,NULL,NULL,NULL
dbo,Document,1,Id,uniqueidentifier,0,0,0,NULL,1,NULL,NULL,NULL,NULL,NULL
dbo,Document,2,DateCreated,smalldatetime,1,0,0,NULL,NULL,NULL,NULL,NULL,NULL,NULL
dbo,Document,3,DateModified,smalldatetime,1,0,0,NULL,NULL,NULL,NULL,NULL,NULL,NULL
dbo,Document,4,Subject,varchar(255),1,0,0,NULL,NULL,NULL,NULL,NULL,NULL,NULL
dbo,Document,5,ModelRoomSurface_Id,uniqueidentifier,1,0,0,NULL,NULL,DocumentModelRoomSurfaceId_fk,dbo,ModelRoomSurface,Id,NULL
dbo,Document,6,Document,image,1,0,0,NULL,NULL,NULL,NULL,NULL,NULL,NULL
dbo,Document,7,TimeStamp,timestamp,0,0,0,NULL,NULL,NULL,NULL,NULL,NULL,NULL
dbo,DOS_GL_ACCT_CONVERSION,1,CDA_COMPANY_ID,int,1,0,0,NULL,NULL,NULL,NULL,NULL,NULL,NULL
dbo,DOS_GL_ACCT_CONVERSION,2,CDA_DOS_GL_NUMBER,int,1,0,0,NULL,NULL,NULL,NULL,NULL,NULL,NULL
dbo,DOS_GL_ACCT_CONVERSION,3,CDA_DOS_GL_DESCRIPTION,varchar(30),1,0,0,NULL,NULL,NULL,NULL,NULL,NULL,NULL
dbo,DOS_GL_ACCT_CONVERSION,4,CDA_WIN_GL_NUMBER,int,1,0,0,NULL,NULL,NULL,NULL,NULL,NULL,NULL
dbo,DOS_GL_ACCT_CONVERSION,5,CDA_WIN_GL_DESCRIPTION,varchar(60),1,0,0,NULL,NULL,NULL,NULL,NULL,NULL,NULL
dbo,DOS_TERMS_CONVERSION,1,CDT_COMPANY_ID,int,1,0,0,NULL,NULL,NULL,NULL,NULL,NULL,NULL
dbo,DOS_TERMS_CONVERSION,2,CDT_DOS_TERMS_NUMBER,int,1,0,0,NULL,NULL,NULL,NULL,NULL,NULL,NULL
dbo,DOS_TERMS_CONVERSION,3,CDT_DOS_TERMS_DESCRIPTION,varchar(30),1,0,0,NULL,NULL,NULL,NULL,NULL,NULL,NULL
dbo,DOS_TERMS_CONVERSION,4,CDT_WIN_TERMS_NUMBER,int,1,0,0,NULL,NULL,NULL,NULL,NULL,NULL,NULL
dbo,DOS_TERMS_CONVERSION,5,CDT_WIN_TERMS_DESCRIPTION,varchar(30),1,0,0,NULL,NULL,NULL,NULL,NULL,NULL,NULL
dbo,dtproperties,1,id,int,0,1,0,NULL,1,NULL,NULL,NULL,NULL,NULL
dbo,dtproperties,2,objectid,int,1,0,0,NULL,NULL,NULL,NULL,NULL,NULL,NULL
dbo,dtproperties,3,property,varchar(64),0,0,0,NULL,2,NULL,NULL,NULL,NULL,NULL
dbo,dtproperties,4,value,varchar(255),1,0,0,NULL,NULL,NULL,NULL,NULL,NULL,NULL
dbo,dtproperties,5,lvalue,image,1,0,0,NULL,NULL,NULL,NULL,NULL,NULL,NULL
dbo,dtproperties,6,version,int,0,0,0,0,NULL,NULL,NULL,NULL,NULL,NULL
dbo,EmailActivation,1,Sno,int,0,1,0,NULL,1,NULL,NULL,NULL,NULL,NULL
dbo,EmailActivation,2,DatabaseName,nvarchar(50),0,0,0,NULL,NULL,NULL,NULL,NULL,NULL,NULL
dbo,EmailActivation,3,Flag,bit,0,0,0,((0)),NULL,NULL,NULL,NULL,NULL,NULL
dbo,EmailActivation,4,ModifiedBy,nvarchar(50),1,0,0,NULL,NULL,NULL,NULL,NULL,NULL,NULL
dbo,EmailActivation,5,ModifiedDate,datetime,1,0,0,NULL,NULL,NULL,NULL,NULL,NULL,NULL
dbo,Employees,1,Id,int,0,1,0,NULL,1,NULL,NULL,NULL,NULL,NULL
dbo,Employees,2,Name,varchar(50),1,0,0,NULL,NULL,NULL,NULL,NULL,NULL,NULL
dbo,ExceptionCategories,1,Id,int,0,1,0,NULL,1,NULL,NULL,NULL,NULL,NULL
dbo,ExceptionCategories,2,Description,varchar(50),0,0,0,NULL,NULL,NULL,NULL,NULL,NULL,NULL
dbo,FCSubRptData,1,SRD_WHSMAS_ID,int,0,0,0,NULL,NULL,NULL,NULL,NULL,NULL,NULL
dbo,FCSubRptData,2,SRD_FC_TOTAL,"numeric(18,2)",0,0,0,NULL,NULL,NULL,NULL,NULL,NULL,NULL
dbo,FISCAL_YEAR,1,FYP_FISCAL_YEAR,int,0,0,0,NULL,1,NULL,NULL,NULL,NULL,NULL
dbo,FISCAL_YEAR,2,FYP_FISCAL_PERIOD,int,1,0,0,NULL,NULL,NULL,NULL,NULL,NULL,NULL
dbo,FISCAL_YEAR,3,FYP_FROM_DATE,datetime,0,0,0,NULL,2,NULL,NULL,NULL,NULL,NULL
dbo,FISCAL_YEAR,4,FYP_TO_DATE,datetime,0,0,0,NULL,3,NULL,NULL,NULL,NULL,NULL
dbo,FISCAL_YEAR,5,FYP_PERIOD_CLOSED,bit,0,0,0,NULL,NULL,NULL,NULL,NULL,NULL,NULL
dbo,FISCAL_YEAR,6,FYP_NEXT_JRNL_NUM,int,0,0,0,NULL,NULL,NULL,NULL,NULL,NULL,NULL
dbo,FISCAL_YEAR,7,FYP_NEXT_CASH_JRNL_NUM,int,0,0,0,NULL,NULL,NULL,NULL,NULL,NULL,NULL
dbo,FISCAL_YEAR,8,FYP_TIMESTAMP,timestamp,0,0,0,NULL,NULL,NULL,NULL,NULL,NULL,NULL
dbo,FloorRepairDetailsForAssessor,1,ID,int,0,1,0,NULL,1,NULL,NULL,NULL,NULL,NULL
dbo,FloorRepairDetailsForAssessor,2,Floor_Repair,int,1,0,0,NULL,NULL,NULL,NULL,NULL,NULL,NULL
dbo,FloorRepairDetailsForAssessor,3,TakeUp_Demo,int,1,0,0,NULL,NULL,NULL,NULL,NULL,NULL,NULL
dbo,FloorRepairDetailsForAssessor,4,Sub_Floor_Repair,int,1,0,0,NULL,NULL,NULL,NULL,NULL,NULL,NULL
dbo,FloorRepairDetailsForAssessor,5,Other,int,1,0,0,NULL,NULL,NULL,NULL,NULL,NULL,NULL
dbo,FloorRepairDetailsForAssessor,6,FLR_RPR_QTY,float,1,0,0,NULL,NULL,NULL,NULL,NULL,NULL,NULL
dbo,FloorRepairDetailsForAssessor,7,FLR_RPR_NOTES,nvarchar(max),1,0,0,NULL,NULL,NULL,NULL,NULL,NULL,NULL
dbo,FloorRepairDetailsForAssessor,8,FLR_RPR_STATUS,int,1,0,0,NULL,NULL,NULL,NULL,NULL,NULL,NULL
dbo,FloorRepairDetailsForAssessor,9,FLR_RPR_COMMENTS,nvarchar(max),1,0,0,NULL,NULL,NULL,NULL,NULL,NULL,NULL
dbo,FloorRepairDetailsForAssessor,10,FLR_RPR_SIGN_LINK,nvarchar(max),1,0,0,NULL,NULL,NULL,NULL,NULL,NULL,NULL
dbo,FloorRepairDetailsForAssessor,11,FLR_RPR_SIGN_CONTENT,nvarchar(max),1,0,0,NULL,NULL,NULL,NULL,NULL,NULL,NULL
dbo,FloorRepairDetailsForAssessor,12,FLR_RPR_CUST_EMAIL,nvarchar(max),1,0,0,NULL,NULL,NULL,NULL,NULL,NULL,NULL
dbo,FloorRepairDetailsForAssessor,13,FLR_SIGN_NAME,nvarchar(max),1,0,0,NULL,NULL,NULL,NULL,NULL,NULL,NULL
dbo,FloorRepairDetailsForAssessor,14,APPROVE_FLG,bit,1,0,0,NULL,NULL,NULL,NULL,NULL,NULL,NULL
dbo,FloorRepairDetailsForAssessor,15,FLR_RPR_EDIT_NOTES,nvarchar(max),1,0,0,NULL,NULL,NULL,NULL,NULL,NULL,NULL
dbo,FloorRepairDetailsForAssessor,16,FLR_RPR_EDIT_BY,nvarchar(max),1,0,0,NULL,NULL,NULL,NULL,NULL,NULL,NULL
dbo,FloorRepairDetailsForAssessor,17,FLR_RPR_OLD_QTY,nvarchar(max),1,0,0,NULL,NULL,NULL,NULL,NULL,NULL,NULL
dbo,FloorRepairDetailsForAssessor,18,FLR_Unit,nvarchar(max),1,0,0,NULL,NULL,NULL,NULL,NULL,NULL,NULL
dbo,FloorRepairDetailsForAssessor,19,Self_Leveling,int,1,0,0,NULL,NULL,NULL,NULL,NULL,NULL,NULL
dbo,FloorRepairDetailsForAssessor,20,Bags_Qty,nvarchar(max),1,0,0,NULL,NULL,NULL,NULL,NULL,NULL,NULL
dbo,FloorRepairDetailsForAssessor,21,Primer_Qty,nvarchar(max),1,0,0,NULL,NULL,NULL,NULL,NULL,NULL,NULL
dbo,FloorRepairDetailsForAssessor,22,Plywood,int,1,0,0,NULL,NULL,NULL,NULL,NULL,NULL,NULL
dbo,FloorRepairDetailsForAssessor,23,Sheets_Qty,nvarchar(max),1,0,0,NULL,NULL,NULL,NULL,NULL,NULL,NULL
dbo,FloorRepairDetailsForAssessor,24,Sheet_Size,nvarchar(max),1,0,0,NULL,NULL,NULL,NULL,NULL,NULL,NULL
dbo,FloorRepairDetailsForAssessor,25,Grinding,int,1,0,0,NULL,NULL,NULL,NULL,NULL,NULL,NULL
dbo,FloorRepairDetailsForAssessor,26,Quantity_by_Hours,nvarchar(max),1,0,0,NULL,NULL,NULL,NULL,NULL,NULL,NULL
dbo,FloorRepairDetailsForAssessor,27,FLR_RPR_STATUS_UpdatedBy,int,1,0,0,NULL,NULL,NULL,NULL,NULL,NULL,NULL
dbo,FloorRepairDetailsForAssessor,28,FLR_RPR_STATUS_UpdatedDate,datetime,1,0,0,NULL,NULL,NULL,NULL,NULL,NULL,NULL
dbo,FloorRepairDetailsForAssessor,29,Material,nvarchar(max),1,0,0,NULL,NULL,NULL,NULL,NULL,NULL,NULL
dbo,FloorRepairDetailsForAssessor,30,OrderId,int,1,0,0,NULL,NULL,NULL,NULL,NULL,NULL,NULL
dbo,FloorRequestPictureForAssessor,1,SYS_ID,int,0,1,0,NULL,1,NULL,NULL,NULL,NULL,NULL
dbo,FloorRequestPictureForAssessor,2,SOH_NUMBER,int,1,0,0,NULL,NULL,NULL,NULL,NULL,NULL,NULL
dbo,FloorRequestPictureForAssessor,3,PICTURE_LINK,nvarchar(max),1,0,0,NULL,NULL,NULL,NULL,NULL,NULL,NULL
dbo,FloorRequestPictureForAssessor,4,PICTURE_CONTENT,nvarchar(max),1,0,0,NULL,NULL,NULL,NULL,NULL,NULL,NULL
dbo,FloorRequestPictureForAssessor,5,PICTURE_DESC,nvarchar(500),1,0,0,NULL,NULL,NULL,NULL,NULL,NULL,NULL
dbo,FloorRequestPictureForAssessor,6,FloorRepairs,int,1,0,0,NULL,NULL,NULL,NULL,NULL,NULL,NULL
dbo,FloorRequestPictureForAssessor,7,SubFloorRepair,int,1,0,0,NULL,NULL,NULL,NULL,NULL,NULL,NULL
dbo,FloorRequestPictureForAssessor,8,TakeUpDemo,int,1,0,0,NULL,NULL,NULL,NULL,NULL,NULL,NULL
dbo,FloorRequestPictureForAssessor,9,Other,int,1,0,0,NULL,NULL,NULL,NULL,NULL,NULL,NULL
dbo,FOB,1,FOB_COMPANY_ID,int,0,0,0,NULL,NULL,NULL,NULL,NULL,NULL,NULL
dbo,FOB,2,FOB_LOCATION,varchar(15),0,0,0,NULL,NULL,NULL,NULL,NULL,NULL,NULL
dbo,FOB,3,FOB_DEFAULT,bit,0,0,0,NULL,NULL,NULL,NULL,NULL,NULL,NULL
dbo,FOB,4,FOB_ID,int,0,1,0,NULL,NULL,NULL,NULL,NULL,NULL,NULL
dbo,FOB_FACTORS,1,FFA_COMPANY_ID,int,0,0,0,NULL,NULL,NULL,NULL,NULL,NULL,NULL
dbo,FOB_FACTORS,2,FFA_FOB_ID,int,0,0,0,NULL,NULL,NULL,NULL,NULL,NULL,NULL
dbo,FOB_FACTORS,3,FFA_FROM_WEIGHT,"numeric(11,2)",1,0,0,NULL,NULL,NULL,NULL,NULL,NULL,NULL
dbo,FOB_FACTORS,4,FFA_TO_WEIGHT,"numeric(11,2)",1,0,0,NULL,NULL,NULL,NULL,NULL,NULL,NULL
dbo,FOB_FACTORS,5,FFA_FACTOR,"numeric(11,2)",1,0,0,NULL,NULL,NULL,NULL,NULL,NULL,NULL
dbo,FORMULA_HISTORY,1,FH_IDENTITY,int,0,1,0,NULL,NULL,NULL,NULL,NULL,NULL,NULL
dbo,FORMULA_HISTORY,2,FH_DATE,datetime,0,0,0,NULL,NULL,NULL,NULL,NULL,NULL,NULL
dbo,FORMULA_HISTORY,3,FH_FORMULA,varchar(255),1,0,0,NULL,NULL,NULL,NULL,NULL,NULL,NULL
dbo,FORMULA_HISTORY,4,FH_FORMULACUT,varchar(255),1,0,0,NULL,NULL,NULL,NULL,NULL,NULL,NULL
dbo,FORMULA_HISTORY,5,FH_UNIT_PRICE_TYPE,tinyint,0,0,0,NULL,NULL,NULL,NULL,NULL,NULL,NULL
dbo,FORMULA_HISTORY,6,FH_FUTURE_PRICE_TYPE,tinyint,0,0,0,NULL,NULL,NULL,NULL,NULL,NULL,NULL
dbo,FORMULA_HISTORY,7,FH_SIGNIFICANT_DIGITS,varchar(3),1,0,0,NULL,NULL,NULL,NULL,NULL,NULL,NULL
dbo,FORMULA_HISTORY,8,FH_NEXT_PENNY,bit,0,0,0,NULL,NULL,NULL,NULL,NULL,NULL,NULL
dbo,FORMULA_HISTORY,9,FH_RANGE,varchar(255),0,0,0,NULL,NULL,NULL,NULL,NULL,NULL,NULL
dbo,FORMULA_HISTORY,10,FH_ITEM_SQL,varchar(255),1,0,0,NULL,NULL,NULL,NULL,NULL,NULL,NULL
dbo,FORMULA_HISTORY,11,FH_FUTURE_SQL,varchar(255),1,0,0,NULL,NULL,NULL,NULL,NULL,NULL,NULL
dbo,FREIGHT_CHARGE_TYPES,1,FCT_ID,"numeric(18,0)",0,1,0,NULL,NULL,NULL,NULL,NULL,NULL,NULL
dbo,FREIGHT_CHARGE_TYPES,2,FCT_DESCRIPTION,varchar(20),1,0,0,NULL,NULL,NULL,NULL,NULL,NULL,NULL
dbo,FREIGHT_CHARGE_TYPES,3,FCT_FLAG,bit,0,0,0,NULL,NULL,NULL,NULL,NULL,NULL,NULL
dbo,FreightAllowance,1,Id,int,0,1,0,NULL,1,NULL,NULL,NULL,NULL,NULL
dbo,FreightAllowance,2,Company_Id,int,1,0,0,NULL,NULL,NULL,NULL,NULL,NULL,NULL
dbo,FreightAllowance,3,SaleAmount,money,1,0,0,NULL,NULL,NULL,NULL,NULL,NULL,NULL
dbo,FreightAllowance,4,FreightAllowance,float,1,0,0,NULL,NULL,NULL,NULL,NULL,NULL,NULL
dbo,FreightAllowance,5,CommissionDeduction,float,1,0,0,NULL,NULL,NULL,NULL,NULL,NULL,NULL
dbo,FreightAllowance,6,GlAccount,int,1,0,0,NULL,NULL,NULL,NULL,NULL,NULL,NULL
dbo,FUTURE_PRICE,1,FPR_COMPANY_ID,int,0,0,0,NULL,1,NULL,NULL,NULL,NULL,NULL
dbo,FUTURE_PRICE,2,FPR_ITEM_ID_FIRST,varchar(6),0,0,0,NULL,2,NULL,NULL,NULL,NULL,NULL
dbo,FUTURE_PRICE,3,FPR_ITEM_ID_LAST,varchar(9),0,0,0,NULL,3,NULL,NULL,NULL,NULL,NULL
dbo,FUTURE_PRICE,4,FPR_PRICE_CODE,smallint,0,0,0,NULL,4,NULL,NULL,NULL,NULL,NULL
dbo,FUTURE_PRICE,5,FPR_UNIT_PRICE,money,1,0,0,NULL,NULL,NULL,NULL,NULL,NULL,NULL
dbo,FUTURE_PRICE,6,FPR_UNIT_PRICE_CUT,money,1,0,0,NULL,NULL,NULL,NULL,NULL,NULL,NULL
dbo,FUTURE_PRICE,7,FPR_PRICE_UOM,varchar(3),1,0,0,NULL,NULL,NULL,NULL,NULL,NULL,NULL
dbo,FUTURE_PRICE,8,FPR_FORMULA,varchar(255),1,0,0,NULL,NULL,NULL,NULL,NULL,NULL,NULL
dbo,FUTURE_PRICE,9,FPR_FORMULACUT,varchar(255),1,0,0,NULL,NULL,NULL,NULL,NULL,NULL,NULL
dbo,FUTURE_PRICE,10,FPR_PRICE_TYPE,tinyint,1,0,0,NULL,NULL,NULL,NULL,NULL,NULL,NULL
dbo,FUTURE_PRICE,11,FPR_SIGNIFICANT_DIGITS,varchar(3),1,0,0,NULL,NULL,NULL,NULL,NULL,NULL,NULL
dbo,FUTURE_PRICE,12,FPR_NEXT_PENNY,bit,0,0,0,0,NULL,NULL,NULL,NULL,NULL,NULL
dbo,GL_CASH_ACCOUNTS,1,GCH_COMPANY_ID,int,0,0,0,NULL,1,NULL,NULL,NULL,NULL,NULL
dbo,GL_CASH_ACCOUNTS,2,GCH_ACCOUNT_NUMBER,int,0,0,0,NULL,2,NULL,NULL,NULL,NULL,NULL
dbo,GL_CASH_ACCOUNTS,3,GCH_DIVISION_NUMBER,int,0,0,0,NULL,3,NULL,NULL,NULL,NULL,NULL
dbo,GL_CASH_ACCOUNTS,4,GCH_TYPE_OF_WORK_NUMBER,int,0,0,0,NULL,4,NULL,NULL,NULL,NULL,NULL
dbo,GL_CASH_ACCOUNTS,5,GCH_ACCOUNT_DESCRIPTION,varchar(60),1,0,0,NULL,NULL,NULL,NULL,NULL,NULL,NULL
dbo,GL_CASH_ACCOUNTS,6,GCH_DEBIT_CREDIT_PAREN,varchar(1),1,0,0,NULL,NULL,NULL,NULL,NULL,NULL,NULL
dbo,GL_CASH_ACCOUNTS,7,GCH_ACCOUNT_TYPE,varchar(4),1,0,0,NULL,NULL,NULL,NULL,NULL,NULL,NULL
dbo,GL_CASH_ACCOUNTS,8,GCH_Location,int,1,0,0,NULL,NULL,NULL,NULL,NULL,NULL,NULL
dbo,GL_CREDIT_CARD_ACCOUNTS,1,GCC_COMPANY_ID,int,0,0,0,NULL,1,NULL,NULL,NULL,NULL,NULL
dbo,GL_CREDIT_CARD_ACCOUNTS,2,GCC_ACCOUNT_NUMBER,int,0,0,0,NULL,2,NULL,NULL,NULL,NULL,NULL
dbo,GL_CREDIT_CARD_ACCOUNTS,3,GCC_DIVISION_NUMBER,int,0,0,0,NULL,3,NULL,NULL,NULL,NULL,NULL
dbo,GL_CREDIT_CARD_ACCOUNTS,4,GCC_TYPE_OF_WORK_NUMBER,int,0,0,0,NULL,4,NULL,NULL,NULL,NULL,NULL
dbo,GL_CREDIT_CARD_ACCOUNTS,5,GCC_ACCOUNT_DESCRIPTION,varchar(60),1,0,0,NULL,NULL,NULL,NULL,NULL,NULL,NULL
dbo,GL_CREDIT_CARD_ACCOUNTS,6,GCC_DEBIT_CREDIT_PAREN,varchar(1),1,0,0,NULL,NULL,NULL,NULL,NULL,NULL,NULL
dbo,GL_CREDIT_CARD_ACCOUNTS,7,GCC_ACCOUNT_TYPE,varchar(4),1,0,0,NULL,NULL,NULL,NULL,NULL,NULL,NULL
dbo,GL_EXPENSE_ACCOUNTS,1,GEX_COMPANY_ID,int,0,0,0,NULL,1,NULL,NULL,NULL,NULL,NULL
dbo,GL_EXPENSE_ACCOUNTS,2,GEX_ACCOUNT_NUMBER,int,0,0,0,NULL,2,NULL,NULL,NULL,NULL,NULL
dbo,GL_EXPENSE_ACCOUNTS,3,GEX_DIVISION_NUMBER,int,0,0,0,NULL,3,NULL,NULL,NULL,NULL,NULL
dbo,GL_EXPENSE_ACCOUNTS,4,GEX_TYPE_OF_WORK_NUMBER,int,0,0,0,NULL,4,NULL,NULL,NULL,NULL,NULL
dbo,GL_EXPENSE_ACCOUNTS,5,GEX_ACCOUNT_DESCRIPTION,varchar(60),1,0,0,NULL,NULL,NULL,NULL,NULL,NULL,NULL
dbo,GL_EXPENSE_ACCOUNTS,6,GEX_DEBIT_CREDIT_PAREN,varchar(1),1,0,0,NULL,NULL,NULL,NULL,NULL,NULL,NULL
dbo,GL_EXPENSE_ACCOUNTS,7,GEX_ACCOUNT_TYPE,varchar(4),1,0,0,NULL,NULL,NULL,NULL,NULL,NULL,NULL
dbo,GL_JOURNAL,1,GLJ_COMPANY_ID,int,1,0,0,NULL,NULL,NULL,NULL,NULL,NULL,NULL
dbo,GL_JOURNAL,2,GLJ_WAREHOUSE_NUMBER,int,0,0,0,NULL,NULL,NULL,NULL,NULL,NULL,NULL
dbo,GL_JOURNAL,3,GLJ_FISCAL_PERIOD,int,0,0,0,NULL,NULL,NULL,NULL,NULL,NULL,NULL
dbo,GL_JOURNAL,4,GLJ_JOURNAL_NUMBER,int,0,0,0,NULL,NULL,NULL,NULL,NULL,NULL,NULL
dbo,GL_JOURNAL,5,GLJ_TRANSACTION_DATE,datetime,0,0,0,NULL,NULL,NULL,NULL,NULL,NULL,NULL
dbo,GL_JOURNAL,6,GLJ_ACCOUNT_NUMBER,int,0,0,0,NULL,NULL,NULL,NULL,NULL,NULL,NULL
dbo,GL_JOURNAL,7,GLJ_DIVISION,int,1,0,0,NULL,NULL,NULL,NULL,NULL,NULL,NULL
dbo,GL_JOURNAL,8,GLJ_TYPE_OF_WORK,int,1,0,0,NULL,NULL,NULL,NULL,NULL,NULL,NULL
dbo,GL_JOURNAL,9,GLJ_DEBIT_AMOUNT,float,1,0,0,NULL,NULL,NULL,NULL,NULL,NULL,NULL
dbo,GL_JOURNAL,10,GLJ_CREDIT_AMOUNT,float,1,0,0,NULL,NULL,NULL,NULL,NULL,NULL,NULL
dbo,GL_JOURNAL,11,GLJ_SYSTEM_DATE,datetime,0,0,0,NULL,NULL,NULL,NULL,NULL,NULL,NULL
dbo,GL_JOURNAL,12,GLJ_SOURCE_CODE,int,0,0,0,NULL,NULL,NULL,NULL,NULL,NULL,NULL
dbo,GL_JOURNAL,13,GLJ_SOURCE_TYPE,int,0,0,0,NULL,NULL,NULL,NULL,NULL,NULL,NULL
dbo,GL_JOURNAL,14,GLJ_CUSTOMER_NUMBER,varchar(10),1,0,0,NULL,NULL,NULL,NULL,NULL,NULL,NULL
dbo,GL_JOURNAL,15,GLJ_INVOICE_NUMBER,varchar(20),1,0,0,NULL,NULL,NULL,NULL,NULL,NULL,NULL
dbo,GL_JOURNAL,16,GLJ_SALES_ORDER_NUMBER,int,1,0,0,NULL,NULL,NULL,NULL,NULL,NULL,NULL
dbo,GL_JOURNAL,17,GLJ_REFERENCE_NUMBER,varchar(60),1,0,0,NULL,NULL,NULL,NULL,NULL,NULL,NULL
dbo,GL_JOURNAL,18,GLJ_GROSS_AMOUNT,float,1,0,0,NULL,NULL,NULL,NULL,NULL,NULL,NULL
dbo,GL_JOURNAL,19,GLJ_DISCOUNT_AMOUNT,float,1,0,0,NULL,NULL,NULL,NULL,NULL,NULL,NULL
dbo,GL_JOURNAL,20,GLJ_NET_AMOUNT,float,1,0,0,NULL,NULL,NULL,NULL,NULL,NULL,NULL
dbo,GL_JOURNAL,21,GLJ_TAXABLE_FLAG,bit,0,0,0,0,NULL,NULL,NULL,NULL,NULL,NULL
dbo,GL_JOURNAL,22,GLJ_TAXABLE_AMOUNT,float,1,0,0,NULL,NULL,NULL,NULL,NULL,NULL,NULL
dbo,GL_JOURNAL,23,GLJ_NON_TAXABLE_AMNT,float,1,0,0,NULL,NULL,NULL,NULL,NULL,NULL,NULL
dbo,GL_JOURNAL,24,GLJ_USE_TAXABLE_AMNT,float,1,0,0,NULL,NULL,NULL,NULL,NULL,NULL,NULL
dbo,GL_JOURNAL,25,GLJ_TAXMAS_ID,int,1,0,0,NULL,NULL,NULL,NULL,NULL,NULL,NULL
dbo,GL_JOURNAL,26,GLJ_INTERFACED_FLAG,bit,0,0,0,0,NULL,NULL,NULL,NULL,NULL,NULL
dbo,GL_JOURNAL,27,GLJ_ID,int,0,1,0,NULL,1,NULL,NULL,NULL,NULL,NULL
dbo,GL_JOURNAL,29,GLJ_CLEARED,bit,0,0,0,0,NULL,NULL,NULL,NULL,NULL,NULL
dbo,GL_JOURNAL,30,GLJ_VOUCHER_NUMBER,int,1,0,0,NULL,NULL,NULL,NULL,NULL,NULL,NULL
dbo,GL_JOURNAL,31,glj_fiscal_year,int,0,0,0,NULL,NULL,NULL,NULL,NULL,NULL,NULL
dbo,GL_JOURNAL,32,glj_reconciled_id,uniqueidentifier,1,0,0,NULL,NULL,NULL,NULL,NULL,NULL,NULL
dbo,GL_JOURNAL,33,glj_reference_id,int,1,0,0,NULL,NULL,NULL,NULL,NULL,NULL,NULL
dbo,GL_JOURNAL,34,glj_check_number,int,1,0,0,NULL,NULL,NULL,NULL,NULL,NULL,NULL
dbo,GL_JOURNAL,35,GLJ_EmployeeID,varchar(10),1,0,0,NULL,NULL,NULL,NULL,NULL,NULL,NULL
dbo,GL_JOURNAL,36,GLJ_EmployeeCheckNumber,varchar(10),1,0,0,NULL,NULL,NULL,NULL,NULL,NULL,NULL
dbo,GL_OTHER_CHARGES_ACCOUNTS,1,GOC_COMPANY_ID,int,0,0,0,NULL,1,NULL,NULL,NULL,NULL,NULL
dbo,GL_OTHER_CHARGES_ACCOUNTS,2,GOC_ACCOUNT_NUMBER,int,0,0,0,NULL,2,NULL,NULL,NULL,NULL,NULL
dbo,GL_OTHER_CHARGES_ACCOUNTS,3,GOC_DIVISION_NUMBER,int,0,0,0,NULL,3,NULL,NULL,NULL,NULL,NULL
dbo,GL_OTHER_CHARGES_ACCOUNTS,4,GOC_TYPE_OF_WORK_NUMBER,int,0,0,0,NULL,4,NULL,NULL,NULL,NULL,NULL
dbo,GL_OTHER_CHARGES_ACCOUNTS,5,GOC_ACCOUNT_DESCRIPTION,varchar(60),1,0,0,NULL,NULL,NULL,NULL,NULL,NULL,NULL
dbo,GL_OTHER_CHARGES_ACCOUNTS,6,GOC_DEBIT_CREDIT_PAREN,varchar(1),1,0,0,NULL,NULL,NULL,NULL,NULL,NULL,NULL
dbo,GL_OTHER_CHARGES_ACCOUNTS,7,GOC_ACCOUNT_TYPE,varchar(4),1,0,0,NULL,NULL,NULL,NULL,NULL,NULL,NULL
dbo,GL_SALES_ACCOUNTS,1,GSL_COMPANY_ID,int,0,0,0,NULL,1,NULL,NULL,NULL,NULL,NULL
dbo,GL_SALES_ACCOUNTS,2,GSL_SALES_ACCOUNT_NUMBER,int,0,0,0,NULL,2,NULL,NULL,NULL,NULL,NULL
dbo,GL_SALES_ACCOUNTS,3,GSL_DIVISION_NUMBER,int,0,0,0,NULL,3,NULL,NULL,NULL,NULL,NULL
dbo,GL_SALES_ACCOUNTS,4,GSL_TYPE_OF_WORK_NUMBER,int,0,0,0,NULL,4,NULL,NULL,NULL,NULL,NULL
dbo,GL_SALES_ACCOUNTS,5,GSL_SALES_ACCOUNT_DESC,varchar(60),1,0,0,NULL,NULL,NULL,NULL,NULL,NULL,NULL
dbo,GL_SALES_ACCOUNTS,6,GSL_DEBIT_CREDIT_PAREN,varchar(1),1,0,0,NULL,NULL,NULL,NULL,NULL,NULL,NULL
dbo,GL_SALES_ACCOUNTS,7,GSL_ACCOUNT_TYPE,varchar(4),1,0,0,NULL,NULL,NULL,NULL,NULL,NULL,NULL
dbo,GL_SALES_ACCOUNTS,8,GSL_INV_ACCOUNT_NUMBER,int,1,0,0,NULL,NULL,NULL,NULL,NULL,NULL,NULL
dbo,GL_SALES_ACCOUNTS,9,GSL_INV_ACCOUNT_DESC,varchar(60),1,0,0,NULL,NULL,NULL,NULL,NULL,NULL,NULL
dbo,GL_SALES_ACCOUNTS,10,GSL_COGS_ACCOUNT_NUMBER,int,1,0,0,NULL,NULL,NULL,NULL,NULL,NULL,NULL
dbo,GL_SALES_ACCOUNTS,11,GSL_COGS_ACCOUNT_DESC,varchar(60),1,0,0,NULL,NULL,NULL,NULL,NULL,NULL,NULL
dbo,GL_SALES_ACCOUNTS,12,GSL_PUR_ACCOUNT_NUMBER,int,1,0,0,NULL,NULL,NULL,NULL,NULL,NULL,NULL
dbo,GL_SALES_ACCOUNTS,13,GSL_PUR_ACCOUNT_DESC,varchar(60),1,0,0,NULL,NULL,NULL,NULL,NULL,NULL,NULL
dbo,INSTALLER_CHECKED_LIST,1,SYS_ID,int,0,1,0,NULL,1,NULL,NULL,NULL,NULL,NULL
dbo,INSTALLER_CHECKED_LIST,2,ORDER_ID,int,0,0,0,NULL,NULL,NULL,NULL,NULL,NULL,NULL
dbo,INSTALLER_CHECKED_LIST,3,CHECK_LIST_ID,int,0,0,0,NULL,NULL,NULL,NULL,NULL,NULL,NULL
dbo,INSTALLER_CHECKED_LIST,4,SUB_CHECK_LIST_ITEM_ID,int,1,0,0,NULL,NULL,NULL,NULL,NULL,NULL,NULL
dbo,INSTALLER_CHECKED_LIST,5,PRE_POST_FLG,bit,0,0,0,NULL,NULL,NULL,NULL,NULL,NULL,NULL
dbo,INSTALLER_CHECKED_LIST,6,SUB_QUESTION_SYS_ID,int,1,0,0,NULL,NULL,NULL,NULL,NULL,NULL,NULL
dbo,INSTALLER_CHECKED_LIST,7,INSTALLER_CODE,int,0,0,0,NULL,NULL,NULL,NULL,NULL,NULL,NULL
dbo,INSTALLER_COMMENTS,1,IC_COMPANY_ID,int,0,0,0,NULL,1,NULL,NULL,NULL,NULL,NULL
dbo,INSTALLER_COMMENTS,2,IC_INSMAS_ID,int,0,0,0,NULL,2,NULL,NULL,NULL,NULL,NULL
dbo,INSTALLER_COMMENTS,3,IC_COMMENT_DATE,datetime,0,0,0,NULL,3,NULL,NULL,NULL,NULL,NULL
dbo,INSTALLER_COMMENTS,4,IC_COMMENT_TIME,datetime,0,0,0,NULL,4,NULL,NULL,NULL,NULL,NULL
dbo,INSTALLER_COMMENTS,5,IC_COMMENT_TYPE,varchar(8),1,0,0,NULL,NULL,NULL,NULL,NULL,NULL,NULL
dbo,INSTALLER_COMMENTS,6,IC_COMMENT_URGENT,bit,0,0,0,NULL,NULL,NULL,NULL,NULL,NULL,NULL
dbo,INSTALLER_COMMENTS,7,IC_COMMENT,text,1,0,0,NULL,NULL,NULL,NULL,NULL,NULL,NULL
dbo,INSTALLER_LABOR,1,ILB_COMPANY_ID,int,0,0,0,NULL,1,NULL,NULL,NULL,NULL,NULL
dbo,INSTALLER_LABOR,2,ILB_WHSMAS_ID,int,0,0,0,NULL,2,NULL,NULL,NULL,NULL,NULL
dbo,INSTALLER_LABOR,3,ILB_INSLBR_ID,int,0,0,0,NULL,3,NULL,NULL,NULL,NULL,NULL
dbo,INSTALLER_LABOR,4,ILB_ITEM_FIRST_ID,varchar(6),0,0,0,NULL,4,NULL,NULL,NULL,NULL,NULL
dbo,INSTALLER_LABOR,5,ILB_ITEM_LAST_ID,varchar(9),0,0,0,NULL,5,NULL,NULL,NULL,NULL,NULL
dbo,INSTALLER_LABOR,6,ILB_LABOR_RATE,float,1,0,0,NULL,NULL,NULL,NULL,NULL,NULL,NULL
dbo,INSTALLER_LABOR,7,ILB_UM,varchar(3),1,0,0,NULL,NULL,NULL,NULL,NULL,NULL,NULL
dbo,INSTALLER_LABOR,8,DailyCapacity,"decimal(18,0)",1,0,0,NULL,NULL,NULL,NULL,NULL,NULL,NULL
dbo,INSTALLER_LABOR,9,CapacityUOM,varchar(3),1,0,0,NULL,NULL,NULL,NULL,NULL,NULL,NULL
dbo,INSTALLER_LABOR,10,Id,int,0,1,0,NULL,NULL,NULL,NULL,NULL,NULL,NULL
dbo,INSTALLER_MASTER,1,INS_COMPANY_ID,int,0,0,0,NULL,1,NULL,NULL,NULL,NULL,NULL
dbo,INSTALLER_MASTER,2,INS_WHSMAS_ID,int,0,0,0,NULL,2,NULL,NULL,NULL,NULL,NULL
dbo,INSTALLER_MASTER,3,INS_INSTALLER_NUMBER,varchar(8),0,0,0,NULL,3,NULL,NULL,NULL,NULL,NULL
dbo,INSTALLER_MASTER,4,INS_INSTALLER_NAME,varchar(30),1,0,0,NULL,NULL,NULL,NULL,NULL,NULL,NULL
dbo,INSTALLER_MASTER,5,INS_ADDRESS_1,varchar(30),1,0,0,NULL,NULL,NULL,NULL,NULL,NULL,NULL
dbo,INSTALLER_MASTER,6,INS_ADDRESS_2,varchar(30),1,0,0,NULL,NULL,NULL,NULL,NULL,NULL,NULL
dbo,INSTALLER_MASTER,7,INS_ADDRESS_3,varchar(30),1,0,0,NULL,NULL,NULL,NULL,NULL,NULL,NULL
dbo,INSTALLER_MASTER,8,INS_CITY,varchar(30),1,0,0,NULL,NULL,NULL,NULL,NULL,NULL,NULL
dbo,INSTALLER_MASTER,9,INS_STATE,varchar(2),1,0,0,NULL,NULL,NULL,NULL,NULL,NULL,NULL
dbo,INSTALLER_MASTER,10,INS_ZIP,varchar(10),1,0,0,NULL,NULL,NULL,NULL,NULL,NULL,NULL
dbo,INSTALLER_MASTER,11,INS_PHONE,varchar(14),1,0,0,NULL,NULL,NULL,NULL,NULL,NULL,NULL
dbo,INSTALLER_MASTER,12,INS_COMPANY_NAME,varchar(30),1,0,0,NULL,NULL,NULL,NULL,NULL,NULL,NULL
dbo,INSTALLER_MASTER,13,INS_SSN_NUMBER,varchar(11),1,0,0,NULL,NULL,NULL,NULL,NULL,NULL,NULL
dbo,INSTALLER_MASTER,14,INS_CORPORATE_NUMBER,varchar(10),1,0,0,NULL,NULL,NULL,NULL,NULL,NULL,NULL
dbo,INSTALLER_MASTER,15,INS_RATE_SY,float,1,0,0,NULL,NULL,NULL,NULL,NULL,NULL,NULL
dbo,INSTALLER_MASTER,16,INS_RATE_SF,float,1,0,0,NULL,NULL,NULL,NULL,NULL,NULL,NULL
dbo,INSTALLER_MASTER,17,INS_INSTALLER_TYPE,int,1,0,0,NULL,NULL,NULL,NULL,NULL,NULL,NULL
dbo,INSTALLER_MASTER,18,INS_GL_LABOR_COGS_ACCOUNT,int,1,0,0,NULL,NULL,NULL,NULL,NULL,NULL,NULL
dbo,INSTALLER_MASTER,19,INS_INSMAS_ID,int,0,1,0,NULL,NULL,NULL,NULL,NULL,NULL,NULL
dbo,INSTALLER_MASTER,20,Id,uniqueidentifier,0,0,0,(newid()),NULL,NULL,NULL,NULL,NULL,NULL
dbo,INSTALLER_MASTER,21,TimeStamp,timestamp,0,0,0,NULL,NULL,NULL,NULL,NULL,NULL,NULL
dbo,INSTALLER_MASTER,22,INS_LAST_PAYMENT_DATE,smalldatetime,1,0,0,NULL,NULL,NULL,NULL,NULL,NULL,NULL
dbo,INSTALLER_MASTER,23,INS_ACTIVE_FLAG,bit,0,0,0,-1,NULL,NULL,NULL,NULL,NULL,NULL
dbo,INSTALLER_MASTER,24,ins_customer_id,int,1,0,0,NULL,NULL,NULL,NULL,NULL,NULL,NULL
dbo,INSTALLER_MASTER,25,INS_VENDOR_NUMBER,varchar(7),1,0,0,NULL,NULL,NULL,NULL,NULL,NULL,NULL
dbo,INSTALLER_MASTER,26,INS_CUT_OFF_DATE,smalldatetime,1,0,0,NULL,NULL,NULL,NULL,NULL,NULL,NULL
dbo,INSTALLER_MASTER,27,DefaultDailyCapacityQty,"decimal(18,0)",1,0,0,NULL,NULL,NULL,NULL,NULL,NULL,NULL
dbo,INSTALLER_MASTER,28,DefaultDailyCapacityUOM,varchar(3),1,0,0,NULL,NULL,NULL,NULL,NULL,NULL,NULL
dbo,INSTALLER_MASTER,29,HoursPerDay,int,1,0,0,NULL,NULL,NULL,NULL,NULL,NULL,NULL
dbo,InstallerConceptHistory,1,id,int,0,1,0,NULL,1,NULL,NULL,NULL,NULL,NULL
dbo,InstallerConceptHistory,2,Concept_id,smallint,1,0,0,NULL,NULL,FK_InstallerConceptHistory_Concepts,dbo,Concepts,Id,NULL
dbo,InstallerConceptHistory,3,Installer_id,int,1,0,0,NULL,NULL,FK_InstallerConceptHistory_INSTALLER_MASTER,dbo,INSTALLER_MASTER,INS_INSMAS_ID,NULL
dbo,InstallerConceptHistory,4,Amount,money,1,0,0,NULL,NULL,NULL,NULL,NULL,NULL,NULL
dbo,InstallerConceptHistory,5,Date,datetime,1,0,0,NULL,NULL,NULL,NULL,NULL,NULL,NULL
dbo,InstallerConceptHistory,6,glAccount_id,int,1,0,0,NULL,NULL,NULL,NULL,NULL,NULL,NULL
dbo,InstallerConceptHistory,7,Operation,bit,1,0,0,NULL,NULL,NULL,NULL,NULL,NULL,NULL
dbo,InstallerConceptHistory,8,Voucher,int,1,0,0,NULL,NULL,NULL,NULL,NULL,NULL,NULL
dbo,InstallerConceptHistory,9,Process,nvarchar(50),1,0,0,NULL,NULL,NULL,NULL,NULL,NULL,NULL
dbo,InstallerConceptHistory,10,Description,nvarchar(50),1,0,0,NULL,NULL,NULL,NULL,NULL,NULL,NULL
dbo,InstallerConceptHistory,11,SalesDetail_Id,int,1,0,0,NULL,NULL,NULL,NULL,NULL,NULL,NULL
dbo,InstallerConcepts,1,Id,int,0,1,0,NULL,1,NULL,NULL,NULL,NULL,NULL
dbo,InstallerConcepts,2,Concept_id,smallint,1,0,0,NULL,NULL,FK_InstallerConcepts_Concepts,dbo,Concepts,Id,NULL
dbo,InstallerConcepts,3,Installer_id,int,1,0,0,NULL,NULL,FK_InstallerConcepts_INSTALLER_MASTER,dbo,INSTALLER_MASTER,INS_INSMAS_ID,NULL
dbo,InstallerConcepts,4,Amount,money,1,0,0,NULL,NULL,NULL,NULL,NULL,NULL,NULL
dbo,InstallerConcepts,5,TransactionDate,datetime,1,0,0,NULL,NULL,NULL,NULL,NULL,NULL,NULL
dbo,InstallerConcepts,6,TimeStamp,timestamp,1,0,0,NULL,NULL,NULL,NULL,NULL,NULL,NULL
dbo,InstallerConcepts,7,SalesDetail_Id,int,1,0,0,NULL,NULL,NULL,NULL,NULL,NULL,NULL
dbo,InstallerSchedule,1,Id,int,0,1,0,NULL,1,NULL,NULL,NULL,NULL,NULL
dbo,InstallerSchedule,2,Installer_id,int,1,0,0,NULL,NULL,FK_InstallerPayment_INSTALLER_MASTER,dbo,INSTALLER_MASTER,INS_INSMAS_ID,NULL
dbo,InstallerSchedule,3,Concept_id,smallint,1,0,0,NULL,NULL,FK_InstallerPayment_Concepts,dbo,Concepts,Id,NULL
dbo,InstallerSchedule,4,OriginalAmount,money,1,0,0,NULL,NULL,NULL,NULL,NULL,NULL,NULL
dbo,InstallerSchedule,5,CurrentBalance,money,1,0,0,NULL,NULL,NULL,NULL,NULL,NULL,NULL
dbo,InstallerSchedule,6,EscrowAmount,money,1,0,0,NULL,NULL,NULL,NULL,NULL,NULL,NULL
dbo,InstallerSchedule,7,EarningRateDeduction,real,1,0,0,NULL,NULL,NULL,NULL,NULL,NULL,NULL
dbo,InstallerSchedule,8,InitDate,datetime,1,0,0,NULL,NULL,NULL,NULL,NULL,NULL,NULL
dbo,InstallerSchedule,9,EndDate,datetime,1,0,0,NULL,NULL,NULL,NULL,NULL,NULL,NULL
dbo,InstallerSchedule,10,TimeStamp,timestamp,1,0,0,NULL,NULL,NULL,NULL,NULL,NULL,NULL
dbo,InstallerSchedule,11,OnlyJobs,bit,1,0,0,NULL,NULL,NULL,NULL,NULL,NULL,NULL
dbo,InstallerYTD,1,Id,smallint,0,1,0,NULL,1,NULL,NULL,NULL,NULL,NULL
dbo,InstallerYTD,2,Installer_Id,int,1,0,0,NULL,NULL,FK_InstallerYTD_INSTALLER_MASTER,dbo,INSTALLER_MASTER,INS_INSMAS_ID,NULL
dbo,InstallerYTD,3,YdtDefinition_Id,smallint,1,0,0,NULL,NULL,FK_InstallerYTD_YDTDEFINITIONS,dbo,YDTDEFINITIONS,Id,NULL
dbo,InstallerYTD,4,YTDTotal,money,1,0,0,NULL,NULL,NULL,NULL,NULL,NULL,NULL
dbo,InstallerYTD,5,LastBalance,money,1,0,0,NULL,NULL,NULL,NULL,NULL,NULL,NULL
dbo,InstallerYTD,6,DateTransaction,smalldatetime,1,0,0,NULL,NULL,NULL,NULL,NULL,NULL,NULL
dbo,InstallerYTD,7,TimeStamp,timestamp,1,0,0,NULL,NULL,NULL,NULL,NULL,NULL,NULL
dbo,INVENTORY_CLASSIFICATION,1,INC_CompanyID,int,0,0,0,NULL,1,NULL,NULL,NULL,NULL,NULL
dbo,INVENTORY_CLASSIFICATION,2,INC_Code,varchar(2),0,0,0,NULL,2,NULL,NULL,NULL,NULL,NULL
dbo,INVENTORY_CLASSIFICATION,3,INC_ID,"decimal(18,0)",0,1,0,NULL,NULL,NULL,NULL,NULL,NULL,NULL
dbo,INVENTORY_CLASSIFICATION,4,INC_Description,varchar(50),1,0,0,NULL,NULL,NULL,NULL,NULL,NULL,NULL
dbo,INVENTORY_FREEZE,1,INF_COMPANY_ID,int,0,0,0,NULL,1,NULL,NULL,NULL,NULL,NULL
dbo,INVENTORY_FREEZE,2,INF_WHSMAS_ID,int,0,0,0,NULL,2,NULL,NULL,NULL,NULL,NULL
dbo,INVENTORY_FREEZE,3,INF_ITMMAS_ID_FIRST,varchar(6),0,0,0,NULL,3,NULL,NULL,NULL,NULL,NULL
dbo,INVENTORY_FREEZE,4,INF_ITMMAS_ID_LAST,varchar(9),0,0,0,NULL,4,NULL,NULL,NULL,NULL,NULL
dbo,INVENTORY_FREEZE,5,INF_ROLL_LOT,varchar(15),0,0,0,NULL,5,NULL,NULL,NULL,NULL,NULL
dbo,INVENTORY_FREEZE,6,INF_BIN_LOCATION,varchar(6),1,0,0,NULL,NULL,NULL,NULL,NULL,NULL,NULL
dbo,INVENTORY_FREEZE,7,INF_ITM_DESCRIPTION_1,varchar(30),1,0,0,NULL,NULL,NULL,NULL,NULL,NULL,NULL
dbo,INVENTORY_FREEZE,8,INF_ITM_DESCRIPTION_2,varchar(30),1,0,0,NULL,NULL,NULL,NULL,NULL,NULL,NULL
dbo,INVENTORY_FREEZE,9,INF_ITM_PRIVATE_LABEL,varchar(30),1,0,0,NULL,NULL,NULL,NULL,NULL,NULL,NULL
dbo,INVENTORY_FREEZE,10,INF_ITM_PRIVATE_LABEL_2,varchar(30),1,0,0,NULL,NULL,NULL,NULL,NULL,NULL,NULL
dbo,INVENTORY_FREEZE,11,INF_QUANTITY_ON_HAND,float,1,0,0,NULL,NULL,NULL,NULL,NULL,NULL,NULL
dbo,INVENTORY_FREEZE,12,INF_QUANTITY_ALLOCATED,float,1,0,0,NULL,NULL,NULL,NULL,NULL,NULL,NULL
dbo,INVENTORY_FREEZE,13,INF_QUANTITY_ON_HOLD,float,1,0,0,NULL,NULL,NULL,NULL,NULL,NULL,NULL
dbo,INVENTORY_FREEZE,14,INF_QUANTITY_ON_ORDER,float,1,0,0,NULL,NULL,NULL,NULL,NULL,NULL,NULL
dbo,INVENTORY_FREEZE,15,INF_QUANTITY_BACKORDER,float,1,0,0,NULL,NULL,NULL,NULL,NULL,NULL,NULL
dbo,INVENTORY_FREEZE,16,INF_QUANTITY_IN_TRANSIT,float,1,0,0,NULL,NULL,NULL,NULL,NULL,NULL,NULL
dbo,INVENTORY_FREEZE,17,INF_QTY_ON_CONSIGNMENT,float,1,0,0,NULL,NULL,NULL,NULL,NULL,NULL,NULL
dbo,INVENTORY_FREEZE,18,INF_QTY_TRANSFER_FROM,float,1,0,0,NULL,NULL,NULL,NULL,NULL,NULL,NULL
dbo,INVENTORY_FREEZE,19,INF_AVERAGE_COST,float,1,0,0,NULL,NULL,NULL,NULL,NULL,NULL,NULL
dbo,INVENTORY_FREEZE,20,INF_AVERAGE_VENDOR_COST,float,1,0,0,NULL,NULL,NULL,NULL,NULL,NULL,NULL
dbo,INVENTORY_FREEZE,21,INF_AVERAGE_LANDED_CHARGES,float,1,0,0,NULL,NULL,NULL,NULL,NULL,NULL,NULL
dbo,INVENTORY_FREEZE,22,INF_LAST_COST,float,1,0,0,NULL,NULL,NULL,NULL,NULL,NULL,NULL
dbo,INVENTORY_FREEZE,23,INF_TRANSFER_COST,float,1,0,0,NULL,NULL,NULL,NULL,NULL,NULL,NULL
dbo,INVENTORY_FREEZE,24,INF_BEGINNING_MONTH_BAL,float,1,0,0,NULL,NULL,NULL,NULL,NULL,NULL,NULL
dbo,INVENTORY_FREEZE,25,INF_BEGINNING_YEAR_BALANCE,float,1,0,0,NULL,NULL,NULL,NULL,NULL,NULL,NULL
dbo,INVENTORY_FREEZE,26,INF_LAST_SALE_DATE,datetime,1,0,0,NULL,NULL,NULL,NULL,NULL,NULL,NULL
dbo,INVENTORY_FREEZE,27,INF_LAST_ACTIVITY_DATE,datetime,1,0,0,NULL,NULL,NULL,NULL,NULL,NULL,NULL
dbo,INVENTORY_FREEZE,28,INF_LAST_RECEIPT_DATE,datetime,1,0,0,NULL,NULL,NULL,NULL,NULL,NULL,NULL
dbo,INVENTORY_FREEZE,29,INF_NEXT_DATE_WANTED,datetime,1,0,0,NULL,NULL,NULL,NULL,NULL,NULL,NULL
dbo,INVENTORY_FREEZE,30,INF_MTD_RECEIPTS,float,1,0,0,NULL,NULL,NULL,NULL,NULL,NULL,NULL
dbo,INVENTORY_FREEZE,31,INF_MTD_SALES,float,1,0,0,NULL,NULL,NULL,NULL,NULL,NULL,NULL
dbo,INVENTORY_FREEZE,32,INF_MTD_ADJUSTMENTS,float,1,0,0,NULL,NULL,NULL,NULL,NULL,NULL,NULL
dbo,INVENTORY_FREEZE,33,INF_MTD_TRANSFERS,float,1,0,0,NULL,NULL,NULL,NULL,NULL,NULL,NULL
dbo,INVENTORY_FREEZE,34,INF_MTD_ON_ORDER,float,1,0,0,NULL,NULL,NULL,NULL,NULL,NULL,NULL
dbo,INVENTORY_FREEZE,35,INF_MTD_BACK_ORDER,float,1,0,0,NULL,NULL,NULL,NULL,NULL,NULL,NULL
dbo,INVENTORY_FREEZE,36,INF_MILL_ROLL_NUMBER,varchar(15),1,0,0,NULL,NULL,NULL,NULL,NULL,NULL,NULL
dbo,INVENTORY_FREEZE,37,INF_MILL_DYE_LOT,varchar(15),1,0,0,NULL,NULL,NULL,NULL,NULL,NULL,NULL
dbo,INVENTORY_FREEZE,38,INF_REMNANT_WIDTH,float,1,0,0,NULL,NULL,NULL,NULL,NULL,NULL,NULL
dbo,INVENTORY_FREEZE,39,INF_REMNANT_LENGTH,float,1,0,0,NULL,NULL,NULL,NULL,NULL,NULL,NULL
dbo,INVENTORY_FREEZE,40,INF_REMNANT_PRICE,float,1,0,0,NULL,NULL,NULL,NULL,NULL,NULL,NULL
dbo,INVENTORY_FREEZE,41,INF_FREIGHT_COST,float,1,0,0,NULL,NULL,NULL,NULL,NULL,NULL,NULL
dbo,INVENTORY_FREEZE,42,INF_DEMO_COUNT,int,1,0,0,NULL,NULL,NULL,NULL,NULL,NULL,NULL
dbo,INVENTORY_FREEZE,43,INF_IGC_CODE,varchar(2),1,0,0,NULL,NULL,NULL,NULL,NULL,NULL,NULL
dbo,INVENTORY_FREEZE,44,INF_TYPE,varchar(1),1,0,0,NULL,NULL,NULL,NULL,NULL,NULL,NULL
dbo,INVENTORY_FREEZE,45,INF_LENGTH,float,1,0,0,NULL,NULL,NULL,NULL,NULL,NULL,NULL
dbo,INVENTORY_FREEZE,46,INF_WIDTH,float,1,0,0,NULL,NULL,NULL,NULL,NULL,NULL,NULL
dbo,INVENTORY_FREEZE,47,INF_DEPTH,float,1,0,0,NULL,NULL,NULL,NULL,NULL,NULL,NULL
dbo,INVENTORY_FREEZE,48,INF_WEIGHT,float,1,0,0,NULL,NULL,NULL,NULL,NULL,NULL,NULL
dbo,INVENTORY_FREEZE,49,INF_VENDOR_UM,varchar(3),1,0,0,NULL,NULL,NULL,NULL,NULL,NULL,NULL
dbo,INVENTORY_FREEZE,50,INF_CARTON_PALLET,int,1,0,0,NULL,NULL,NULL,NULL,NULL,NULL,NULL
dbo,INVENTORY_FREEZE,51,INF_UNITS_PER_CARTON,float,1,0,0,NULL,NULL,NULL,NULL,NULL,NULL,NULL
dbo,INVENTORY_FREEZE,52,INF_PIECES_PER_CARTON,int,1,0,0,NULL,NULL,NULL,NULL,NULL,NULL,NULL
dbo,INVENTORY_FREEZE,53,INF_FREEZE_DATE,datetime,1,0,0,NULL,NULL,NULL,NULL,NULL,NULL,NULL
dbo,INVENTORY_FREEZE,54,INF_DAMAGED_FLAG,bit,0,0,0,NULL,NULL,NULL,NULL,NULL,NULL,NULL
dbo,InventoryTransfer,1,Id,int,0,1,0,NULL,1,NULL,NULL,NULL,NULL,NULL
dbo,InventoryTransfer,2,CompanyId,int,1,0,0,NULL,NULL,NULL,NULL,NULL,NULL,NULL
dbo,InventoryTransfer,3,SendingWarehouse,int,1,0,0,NULL,NULL,NULL,NULL,NULL,NULL,NULL
dbo,InventoryTransfer,4,Style,varchar(6),1,0,0,NULL,NULL,NULL,NULL,NULL,NULL,NULL
dbo,InventoryTransfer,5,Color,varchar(9),1,0,0,NULL,NULL,NULL,NULL,NULL,NULL,NULL
dbo,InventoryTransfer,6,RollLot,varchar(18),1,0,0,NULL,NULL,NULL,NULL,NULL,NULL,NULL
dbo,InventoryTransfer,7,Quantity,float,1,0,0,NULL,NULL,NULL,NULL,NULL,NULL,NULL
dbo,InventoryTransfer,8,ReceivingWarehouse,int,1,0,0,NULL,NULL,NULL,NULL,NULL,NULL,NULL
dbo,InventoryTransfer,9,Status,smallint,1,0,0,NULL,NULL,NULL,NULL,NULL,NULL,NULL
dbo,InventoryTransfer,10,UoM,varchar(3),1,0,0,NULL,NULL,NULL,NULL,NULL,NULL,NULL
dbo,InventoryTransfer,11,OrderDetailId,int,1,0,0,NULL,NULL,NULL,NULL,NULL,NULL,NULL
dbo,InventoryTransfer,12,StockQuantity,float,1,0,0,NULL,NULL,NULL,NULL,NULL,NULL,NULL
dbo,InventoryTransfer,13,Comments,varchar(100),1,0,0,NULL,NULL,NULL,NULL,NULL,NULL,NULL
dbo,InventoryTransfer,14,PICK_TICKET_PRINTED,bit,0,0,0,0,NULL,NULL,NULL,NULL,NULL,NULL
dbo,InventoryTransfer,15,PICK_TICKET_PRINTED_DATE,datetime,1,0,0,NULL,NULL,NULL,NULL,NULL,NULL,NULL
dbo,InventoryTransfer,16,PICK_TICKET_BY_USERID,int,1,0,0,NULL,NULL,NULL,NULL,NULL,NULL,NULL
dbo,InventoryTransfer,17,RECEIVED_BY_USERID,int,1,0,0,NULL,NULL,NULL,NULL,NULL,NULL,NULL
dbo,INVOICE,1,INV_COMPANY_ID,int,0,0,0,NULL,1,NULL,NULL,NULL,NULL,NULL
dbo,INVOICE,2,INV_WAREHOUSE_NUMBER,int,0,0,0,NULL,2,NULL,NULL,NULL,NULL,NULL
dbo,INVOICE,3,INV_INVOICE_NUMBER,int,0,0,0,NULL,3,NULL,NULL,NULL,NULL,NULL
dbo,INVOICE,4,INV_CUSTOMER_NUMBER,varchar(10),1,0,0,NULL,NULL,NULL,NULL,NULL,NULL,NULL
dbo,INVOICE,5,INV_INVOICE_DATE,datetime,1,0,0,NULL,NULL,NULL,NULL,NULL,NULL,NULL
dbo,INVOICE,6,INV_TAXABLE_AMOUNT,float,1,0,0,NULL,NULL,NULL,NULL,NULL,NULL,NULL
dbo,INVOICE,7,INV_NON_TAXABLE_AMOUNT,float,1,0,0,NULL,NULL,NULL,NULL,NULL,NULL,NULL
dbo,INVOICE,8,INV_TAX_AMOUNT,float,1,0,0,NULL,NULL,NULL,NULL,NULL,NULL,NULL
dbo,INVOICE,9,INV_GOOD_SERVICE_TAX_AMOUNT,float,1,0,0,NULL,NULL,NULL,NULL,NULL,NULL,NULL
dbo,INVOICE,10,INV_FREIGHT_AMOUNT,float,1,0,0,NULL,NULL,NULL,NULL,NULL,NULL,NULL
dbo,INVOICE,11,INV_SALES_ORDER_NUMBER,int,1,0,0,NULL,NULL,NULL,NULL,NULL,NULL,NULL
dbo,INVOICE,12,INV_TAX_AUTHORITY,int,1,0,0,NULL,NULL,NULL,NULL,NULL,NULL,NULL
dbo,INVOICE,13,INV_TAX_RATE,float,1,0,0,NULL,NULL,NULL,NULL,NULL,NULL,NULL
dbo,INVOICE,14,INV_TAX_FLAG,bit,0,0,0,NULL,NULL,NULL,NULL,NULL,NULL,NULL
dbo,INVOICE,15,INV_GOOD_SERVICE_TAX_FLAG,bit,0,0,0,NULL,NULL,NULL,NULL,NULL,NULL,NULL
dbo,INVOICE,16,INV_DISCOUNT_DATE,datetime,1,0,0,NULL,NULL,NULL,NULL,NULL,NULL,NULL
dbo,INVOICE,17,INV_DISCOUNT_AMOUNT,float,1,0,0,NULL,NULL,NULL,NULL,NULL,NULL,NULL
dbo,INVOICE,18,INV_CUSTOMER_PO,varchar(30),1,0,0,NULL,NULL,NULL,NULL,NULL,NULL,NULL
dbo,INVOICE,19,INV_DEPOSIT_AMOUNT,float,1,0,0,NULL,NULL,NULL,NULL,NULL,NULL,NULL
dbo,INVOICE,20,INV_CASH_AMOUNT,float,1,0,0,NULL,NULL,NULL,NULL,NULL,NULL,NULL
dbo,INVOICE,21,INV_CHECK_AMOUNT,float,1,0,0,NULL,NULL,NULL,NULL,NULL,NULL,NULL
dbo,INVOICE,22,INV_CHARGE_AMOUNT,float,1,0,0,NULL,NULL,NULL,NULL,NULL,NULL,NULL
dbo,INVOICE,23,INV_CREDIT_AMOUNT,float,1,0,0,NULL,NULL,NULL,NULL,NULL,NULL,NULL
dbo,INVOICE,24,INV_FREIGHT_TAXABLE_FLAG,bit,0,0,0,NULL,NULL,NULL,NULL,NULL,NULL,NULL
dbo,INVOICE,25,INV_CLOSING_INVOICE,bit,0,0,0,NULL,NULL,NULL,NULL,NULL,NULL,NULL
dbo,INVOICE,26,INV_STATE_SALES_TAX_RATE,smallmoney,1,0,0,NULL,NULL,NULL,NULL,NULL,NULL,NULL
dbo,INVOICE,27,INV_COUNTY_SALES_TAX_RATE,smallmoney,1,0,0,NULL,NULL,NULL,NULL,NULL,NULL,NULL
dbo,INVOICE,28,INV_CITY_SALES_TAX_RATE,smallmoney,1,0,0,NULL,NULL,NULL,NULL,NULL,NULL,NULL
dbo,INVOICE,29,INV_STATE_GST_RATE,smallmoney,1,0,0,NULL,NULL,NULL,NULL,NULL,NULL,NULL
dbo,INVOICE,30,INV_COUNTY_GST_RATE,smallmoney,1,0,0,NULL,NULL,NULL,NULL,NULL,NULL,NULL
dbo,INVOICE,31,INV_CITY_GST_RATE,smallmoney,1,0,0,NULL,NULL,NULL,NULL,NULL,NULL,NULL
dbo,INVOICE,32,inv_state_sales_tax_amount,money,1,0,0,NULL,NULL,NULL,NULL,NULL,NULL,NULL
dbo,INVOICE,33,inv_county_sales_tax_amount,money,1,0,0,NULL,NULL,NULL,NULL,NULL,NULL,NULL
dbo,INVOICE,34,inv_city_sales_tax_amount,money,1,0,0,NULL,NULL,NULL,NULL,NULL,NULL,NULL
dbo,INVOICE,35,inv_state_gst_amount,money,1,0,0,NULL,NULL,NULL,NULL,NULL,NULL,NULL
dbo,INVOICE,36,inv_county_gst_amount,money,1,0,0,NULL,NULL,NULL,NULL,NULL,NULL,NULL
dbo,INVOICE,37,inv_city_gst_amount,money,1,0,0,NULL,NULL,NULL,NULL,NULL,NULL,NULL
dbo,INVOICE,38,inv_use_tax_amount,money,1,0,0,NULL,NULL,NULL,NULL,NULL,NULL,NULL
dbo,INVOICE,39,inv_taxable_cost_amount,money,1,0,0,NULL,NULL,NULL,NULL,NULL,NULL,NULL
dbo,INVOICE,40,inv_add_use_tax_to_invoice_total_flag,bit,0,0,0,NULL,NULL,NULL,NULL,NULL,NULL,NULL
dbo,INVOICE,41,INV_DEBIT_CARD_ACCOUNT,int,1,0,0,NULL,NULL,NULL,NULL,NULL,NULL,NULL
dbo,INVOICE,42,INV_DEBIT_CARD_AMOUNT,float,1,0,0,NULL,NULL,NULL,NULL,NULL,NULL,NULL
dbo,INVOICE,43,INV_FINANCE_ACCOUNT,int,1,0,0,NULL,NULL,NULL,NULL,NULL,NULL,NULL
dbo,INVOICE,44,INV_FINANCE_AMOUNT,float,1,0,0,NULL,NULL,NULL,NULL,NULL,NULL,NULL
dbo,INVOICE_DEPOSIT,1,IND_COMPANY_ID,int,0,0,0,NULL,1,NULL,NULL,NULL,NULL,NULL
dbo,INVOICE_DEPOSIT,2,IND_WAREHOUSE_NUMBER,int,0,0,0,NULL,2,NULL,NULL,NULL,NULL,NULL
dbo,INVOICE_DEPOSIT,3,IND_INVOICE_NUMBER,int,0,0,0,NULL,3,NULL,NULL,NULL,NULL,NULL
dbo,INVOICE_DEPOSIT,4,IND_DATE,datetime,0,0,0,NULL,4,NULL,NULL,NULL,NULL,NULL
dbo,INVOICE_DEPOSIT,5,IND_DEPOSIT,float,1,0,0,NULL,NULL,NULL,NULL,NULL,NULL,NULL
dbo,INVOICE_DEPOSIT,6,IND_CASH,float,1,0,0,NULL,NULL,NULL,NULL,NULL,NULL,NULL
dbo,INVOICE_DEPOSIT,7,IND_CHECK,float,1,0,0,NULL,NULL,NULL,NULL,NULL,NULL,NULL
dbo,INVOICE_DEPOSIT,8,IND_CHARGE,float,1,0,0,NULL,NULL,NULL,NULL,NULL,NULL,NULL
dbo,INVOICE_DEPOSIT,9,IND_CREDIT,float,1,0,0,NULL,NULL,NULL,NULL,NULL,NULL,NULL
dbo,INVOICE_DEPOSIT,10,IND_CHECK_NUMBER,int,1,0,0,NULL,NULL,NULL,NULL,NULL,NULL,NULL
dbo,INVOICE_DEPOSIT,11,IND_CHECK_ID,int,1,0,0,NULL,NULL,NULL,NULL,NULL,NULL,NULL
dbo,INVOICE_DEPOSIT,12,IND_CHECK_AUTHORIZATION_CODE,int,1,0,0,NULL,NULL,NULL,NULL,NULL,NULL,NULL
dbo,INVOICE_DEPOSIT,13,IND_CHARGE_ACCOUNT,int,1,0,0,NULL,NULL,NULL,NULL,NULL,NULL,NULL
dbo,INVOICE_DEPOSIT,14,IND_CARD_NUMBER,int,1,0,0,NULL,NULL,NULL,NULL,NULL,NULL,NULL
dbo,INVOICE_DEPOSIT,15,IND_CARD_EXPIRATION_DATE,datetime,1,0,0,NULL,NULL,NULL,NULL,NULL,NULL,NULL
dbo,INVOICE_DEPOSIT,16,IND_CARD_AUTHORIZATION_CODE,int,1,0,0,NULL,NULL,NULL,NULL,NULL,NULL,NULL
dbo,INVOICE_DEPOSIT,17,IND_CREDIT_INDICATOR,varbinary(1),1,0,0,NULL,NULL,NULL,NULL,NULL,NULL,NULL
dbo,INVOICE_DEPOSIT,18,IND_CREDIT_NUMBER,int,1,0,0,NULL,NULL,NULL,NULL,NULL,NULL,NULL
dbo,INVOICE_DEPOSIT,19,IND_ORIGINAL_SALES_NUMBER,int,1,0,0,NULL,NULL,NULL,NULL,NULL,NULL,NULL
dbo,INVOICE_DEPOSIT,20,IND_DEBIT_CARD_ACCOUNT,int,1,0,0,NULL,NULL,NULL,NULL,NULL,NULL,NULL
dbo,INVOICE_DEPOSIT,21,IND_DEBIT_CARD_AMOUNT,float,1,0,0,NULL,NULL,NULL,NULL,NULL,NULL,NULL
dbo,INVOICE_DEPOSIT,22,IND_FINANCE_ACCOUNT,int,1,0,0,NULL,NULL,NULL,NULL,NULL,NULL,NULL
dbo,INVOICE_DEPOSIT,23,IND_FINANCE_AMOUNT,float,1,0,0,NULL,NULL,NULL,NULL,NULL,NULL,NULL
dbo,INVOICE_DETAIL,1,IDT_COMPANY_ID,int,0,0,0,NULL,1,NULL,NULL,NULL,NULL,NULL
dbo,INVOICE_DETAIL,2,IDT_WHSMAS_ID,int,0,0,0,NULL,2,NULL,NULL,NULL,NULL,NULL
dbo,INVOICE_DETAIL,3,IDT_INVOICE_NUMBER,int,0,0,0,NULL,3,NULL,NULL,NULL,NULL,NULL
dbo,INVOICE_DETAIL,4,IDT_LINE_NUMBER,int,0,0,0,NULL,4,NULL,NULL,NULL,NULL,NULL
dbo,INVOICE_DETAIL,5,IDT_LINE_TYPE,int,1,0,0,NULL,NULL,NULL,NULL,NULL,NULL,NULL
dbo,INVOICE_DETAIL,6,IDT_CHARGE_DESCRIPTION,varchar(60),1,0,0,NULL,NULL,NULL,NULL,NULL,NULL,NULL
dbo,INVOICE_DETAIL,7,IDT_CHARGE_AMOUNT,float,1,0,0,NULL,NULL,NULL,NULL,NULL,NULL,NULL
dbo,INVOICE_DETAIL,8,IDT_TARGET_ROOM_CODE,varchar(4),1,0,0,NULL,NULL,NULL,NULL,NULL,NULL,NULL
dbo,INVOICE_DETAIL,9,IDT_COMMENT_TYPE,varchar(1),1,0,0,NULL,NULL,NULL,NULL,NULL,NULL,NULL
dbo,INVOICE_DETAIL,10,IDT_COMMENTS,text,1,0,0,NULL,NULL,NULL,NULL,NULL,NULL,NULL
dbo,INVOICE_DETAIL,11,IDT_ITEM_FIRST,varchar(6),1,0,0,NULL,NULL,NULL,NULL,NULL,NULL,NULL
dbo,INVOICE_DETAIL,12,IDT_ITEM_LAST,varchar(9),1,0,0,NULL,NULL,NULL,NULL,NULL,NULL,NULL
dbo,INVOICE_DETAIL,13,IDT_ITEM_ROLL_LOT,varchar(15),1,0,0,NULL,NULL,NULL,NULL,NULL,NULL,NULL
dbo,INVOICE_DETAIL,14,IDT_ITEM_TYPE,varchar(2),1,0,0,NULL,NULL,NULL,NULL,NULL,NULL,NULL
dbo,INVOICE_DETAIL,15,IDT_ORDER_UOM,varchar(2),1,0,0,NULL,NULL,NULL,NULL,NULL,NULL,NULL
dbo,INVOICE_DETAIL,16,IDT_STOCK_UOM,varchar(2),1,0,0,NULL,NULL,NULL,NULL,NULL,NULL,NULL
dbo,INVOICE_DETAIL,17,IDT_PRICE_UOM,varchar(2),1,0,0,NULL,NULL,NULL,NULL,NULL,NULL,NULL
dbo,INVOICE_DETAIL,18,IDT_ORDER_QTY_ORDER,float,1,0,0,NULL,NULL,NULL,NULL,NULL,NULL,NULL
dbo,INVOICE_DETAIL,19,IDT_ORDER_QTY_STOCK,float,1,0,0,NULL,NULL,NULL,NULL,NULL,NULL,NULL
dbo,INVOICE_DETAIL,20,IDT_ORDER_QTY_PRICE,float,1,0,0,NULL,NULL,NULL,NULL,NULL,NULL,NULL
dbo,INVOICE_DETAIL,21,IDT_SHIP_QTY_ORDER,float,1,0,0,NULL,NULL,NULL,NULL,NULL,NULL,NULL
dbo,INVOICE_DETAIL,22,IDT_SHIP_QTY_STOCK,float,1,0,0,NULL,NULL,NULL,NULL,NULL,NULL,NULL
dbo,INVOICE_DETAIL,23,IDT_SHIP_QTY_PRICE,float,1,0,0,NULL,NULL,NULL,NULL,NULL,NULL,NULL
dbo,INVOICE_DETAIL,24,IDT_BO_QTY_ORDER,float,1,0,0,NULL,NULL,NULL,NULL,NULL,NULL,NULL
dbo,INVOICE_DETAIL,25,IDT_BO_QTY_STOCK,float,1,0,0,NULL,NULL,NULL,NULL,NULL,NULL,NULL
dbo,INVOICE_DETAIL,26,IDT_BO_QTY_PRICE,float,1,0,0,NULL,NULL,NULL,NULL,NULL,NULL,NULL
dbo,INVOICE_DETAIL,27,IDT_UNIT_COST,float,1,0,0,NULL,NULL,NULL,NULL,NULL,NULL,NULL
dbo,INVOICE_DETAIL,28,IDT_UNIT_COST_UOM,varchar(2),1,0,0,NULL,NULL,NULL,NULL,NULL,NULL,NULL
dbo,INVOICE_DETAIL,29,IDT_UNIT_PRICE,float,1,0,0,NULL,NULL,NULL,NULL,NULL,NULL,NULL
dbo,INVOICE_DETAIL,30,IDT_UNIT_PRICE_UOM,varchar(2),1,0,0,NULL,NULL,NULL,NULL,NULL,NULL,NULL
dbo,INVOICE_DETAIL,31,IDT_PRICE_CODE,smallint,1,0,0,NULL,NULL,NULL,NULL,NULL,NULL,NULL
dbo,INVOICE_DETAIL,32,IDT_EXTENDED_PRICE,float,1,0,0,NULL,NULL,NULL,NULL,NULL,NULL,NULL
dbo,INVOICE_DETAIL,33,IDT_EXTENDED_COST,float,1,0,0,NULL,NULL,NULL,NULL,NULL,NULL,NULL
dbo,INVOICE_DETAIL,34,IDT_DISCOUNT_PERCENT,float,1,0,0,NULL,NULL,NULL,NULL,NULL,NULL,NULL
dbo,INVOICE_DETAIL,35,IDT_GL_SALES_ACCOUNT,int,1,0,0,NULL,NULL,NULL,NULL,NULL,NULL,NULL
dbo,INVOICE_DETAIL,36,IDT_DESCRIPTION,varchar(30),1,0,0,NULL,NULL,NULL,NULL,NULL,NULL,NULL
dbo,INVOICE_DETAIL,37,IDT_DESCRIPTION_2,varchar(30),1,0,0,NULL,NULL,NULL,NULL,NULL,NULL,NULL
dbo,INVOICE_DETAIL,38,IDT_PICK_TICKET_FLAG,bit,0,0,0,NULL,NULL,NULL,NULL,NULL,NULL,NULL
dbo,INVOICE_DETAIL,39,IDT_CONFIRMED_FLAG,bit,0,0,0,NULL,NULL,NULL,NULL,NULL,NULL,NULL
dbo,INVOICE_DETAIL,40,IDT_CONFIRM_DATE,datetime,1,0,0,NULL,NULL,NULL,NULL,NULL,NULL,NULL
dbo,INVOICE_DETAIL,41,IDT_INVOICE_FLAG,bit,0,0,0,NULL,NULL,NULL,NULL,NULL,NULL,NULL
dbo,INVOICE_DETAIL,42,IDT_AR_UPDATE_FLAG,bit,0,0,0,NULL,NULL,NULL,NULL,NULL,NULL,NULL
dbo,INVOICE_DETAIL,43,IDT_TRANSFER_WAREHOUSE,int,1,0,0,NULL,NULL,NULL,NULL,NULL,NULL,NULL
dbo,INVOICE_DETAIL,44,IDT_RECEIVING_WAREHOUSE,int,1,0,0,NULL,NULL,NULL,NULL,NULL,NULL,NULL
dbo,INVOICE_DETAIL,45,IDT_PRODUCT_CLASS_CODE,varchar(10),1,0,0,NULL,NULL,NULL,NULL,NULL,NULL,NULL
dbo,INVOICE_DETAIL,46,IDT_ADDON_COUNT,int,1,0,0,NULL,NULL,NULL,NULL,NULL,NULL,NULL
dbo,INVOICE_DETAIL,47,IDT_INSMAS_ID,int,1,0,0,NULL,NULL,NULL,NULL,NULL,NULL,NULL
dbo,INVOICE_DETAIL,48,IDT_INSTALL_DATE,datetime,1,0,0,NULL,NULL,NULL,NULL,NULL,NULL,NULL
dbo,INVOICE_DETAIL,49,IDT_INSTALL_PRINT_FLAG,bit,0,0,0,NULL,NULL,NULL,NULL,NULL,NULL,NULL
dbo,INVOICE_DETAIL,50,IDT_PREVIOUS_COST,float,1,0,0,NULL,NULL,NULL,NULL,NULL,NULL,NULL
dbo,INVOICE_DETAIL,51,IDT_CONSIGNMENT_FLAG,bit,0,0,0,NULL,NULL,NULL,NULL,NULL,NULL,NULL
dbo,INVOICE_DETAIL,52,IDT_BUNDLE_GROUP,int,1,0,0,NULL,NULL,NULL,NULL,NULL,NULL,NULL
dbo,INVOICE_DETAIL,53,IDT_LABOR_GROUP,int,1,0,0,NULL,NULL,NULL,NULL,NULL,NULL,NULL
dbo,INVOICE_DETAIL,54,IDT_MATERIAL_LINE,int,1,0,0,NULL,NULL,NULL,NULL,NULL,NULL,NULL
dbo,INVOICE_DETAIL,55,IDT_PAD_LINE,int,1,0,0,NULL,NULL,NULL,NULL,NULL,NULL,NULL
dbo,INVOICE_DETAIL,56,IDT_LABOR_LINE,int,1,0,0,NULL,NULL,NULL,NULL,NULL,NULL,NULL
dbo,INVOICE_DETAIL,57,IDT_BUNDLE_UNIT_PRICE,float,1,0,0,NULL,NULL,NULL,NULL,NULL,NULL,NULL
dbo,INVOICE_DETAIL,58,IDT_BUNDLE_EXT_PRICE,float,1,0,0,NULL,NULL,NULL,NULL,NULL,NULL,NULL
dbo,INVOICE_DETAIL,59,IDT_USE_TAX_AMOUNT,float,1,0,0,NULL,NULL,NULL,NULL,NULL,NULL,NULL
dbo,INVOICE_DETAIL,60,IDT_TRANSFER_BO_FLAG,bit,0,0,0,NULL,NULL,NULL,NULL,NULL,NULL,NULL
dbo,INVOICE_DETAIL,61,IDT_REVISED_TRANSFER_FLAG,bit,0,0,0,NULL,NULL,NULL,NULL,NULL,NULL,NULL
dbo,INVOICE_DETAIL,62,IDT_TAX_STATUS_FLAG,varchar(1),1,0,0,NULL,NULL,NULL,NULL,NULL,NULL,NULL
dbo,INVOICE_DETAIL,63,IDT_PURCHASE_ORDER_NUMBER,int,1,0,0,NULL,NULL,NULL,NULL,NULL,NULL,NULL
dbo,INVOICE_DETAIL,64,IDT_PURCHASE_ORDER_WHS,int,1,0,0,NULL,NULL,NULL,NULL,NULL,NULL,NULL
dbo,INVOICE_DETAIL,65,IDT_PURCHASE_ORDER_LINE,int,1,0,0,NULL,NULL,NULL,NULL,NULL,NULL,NULL
dbo,INVOICE_DETAIL,67,IDT_BINDING_REQUIRED_FLAG,bit,0,0,0,NULL,NULL,NULL,NULL,NULL,NULL,NULL
dbo,INVOICE_DETAIL,68,IDT_REPLACEMENT_FLAG,bit,0,0,0,NULL,NULL,NULL,NULL,NULL,NULL,NULL
dbo,INVOICE_DETAIL,69,IDT_CLAIM_NUMBER,int,1,0,0,NULL,NULL,NULL,NULL,NULL,NULL,NULL
dbo,INVOICE_DETAIL,70,IDT_COMMISSION_AMOUNT_SMN_ORD,float,1,0,0,NULL,NULL,NULL,NULL,NULL,NULL,NULL
dbo,INVOICE_DETAIL,71,IDT_COMMISSION_PCT_SMN_ORD,float,1,0,0,NULL,NULL,NULL,NULL,NULL,NULL,NULL
dbo,INVOICE_DETAIL,72,IDT_COMMISSION_TYPE_SMN_ORD,int,1,0,0,NULL,NULL,NULL,NULL,NULL,NULL,NULL
dbo,INVOICE_DETAIL,73,IDT_COMMISSION_AMOUNT_SMN_CUST,float,1,0,0,NULL,NULL,NULL,NULL,NULL,NULL,NULL
dbo,INVOICE_DETAIL,74,IDT_COMMISSION_PCT_SMN_CUST,float,1,0,0,NULL,NULL,NULL,NULL,NULL,NULL,NULL
dbo,INVOICE_DETAIL,75,IDT_COMMISSION_TYPE_SMN_CUST,int,1,0,0,NULL,NULL,NULL,NULL,NULL,NULL,NULL
dbo,INVOICE_DETAIL,76,IDT_RECORD_NUMBER,int,0,1,0,NULL,NULL,NULL,NULL,NULL,NULL,NULL
dbo,INVOICE_DETAIL,77,IDT_GL_OTHER_CHARGES_ACCOUNT,int,1,0,0,NULL,NULL,NULL,NULL,NULL,NULL,NULL
dbo,INVOICE_DETAIL,78,IDT_LABOR_COST,money,1,0,0,NULL,NULL,NULL,NULL,NULL,NULL,NULL
dbo,INVOICE_DETAIL,79,idt_print_comments,bit,0,0,0,NULL,NULL,NULL,NULL,NULL,NULL,NULL
dbo,INVOICE_DETAIL,80,IDT_COMMISSION_CHANGED,bit,1,0,0,0,NULL,NULL,NULL,NULL,NULL,NULL
dbo,INVOICE_DETAIL,81,IDT_SALESDETAIL_ID,int,1,0,0,NULL,NULL,NULL,NULL,NULL,NULL,NULL
dbo,INVOICE_HEADER,1,IHF_COMPANY_ID,int,0,0,0,NULL,1,NULL,NULL,NULL,NULL,NULL
dbo,INVOICE_HEADER,2,IHF_WHSMAS_ID,int,0,0,0,NULL,2,NULL,NULL,NULL,NULL,NULL
dbo,INVOICE_HEADER,3,IHF_INVOICE_NUMBER,int,0,0,0,NULL,3,NULL,NULL,NULL,NULL,NULL
dbo,INVOICE_HEADER,4,IHF_INVOICE_DATE,datetime,0,0,0,NULL,4,NULL,NULL,NULL,NULL,NULL
dbo,INVOICE_HEADER,5,IHF_ORDER_NUMBER,int,1,0,0,NULL,NULL,NULL,NULL,NULL,NULL,NULL
dbo,INVOICE_HEADER,6,IHF_ORDER_DATE,datetime,1,0,0,NULL,NULL,NULL,NULL,NULL,NULL,NULL
dbo,INVOICE_HEADER,7,IHF_CURRENT_STATUS,varchar(1),1,0,0,NULL,NULL,NULL,NULL,NULL,NULL,NULL
dbo,INVOICE_HEADER,8,IHF_ORIGINAL_STATUS,varchar(1),1,0,0,NULL,NULL,NULL,NULL,NULL,NULL,NULL
dbo,INVOICE_HEADER,9,IHF_SMNMAS_ORDER,int,1,0,0,NULL,NULL,NULL,NULL,NULL,NULL,NULL
dbo,INVOICE_HEADER,10,IHF_SMNMAS_ID,int,1,0,0,NULL,NULL,NULL,NULL,NULL,NULL,NULL
dbo,INVOICE_HEADER,11,IHF_TOTAL_AMOUNT,float,1,0,0,NULL,NULL,NULL,NULL,NULL,NULL,NULL
dbo,INVOICE_HEADER,12,IHF_SALES_TAX_AMOUNT,float,1,0,0,NULL,NULL,NULL,NULL,NULL,NULL,NULL
dbo,INVOICE_HEADER,13,IHF_GOOD_SERVICE_TAX_AMOUNT,float,1,0,0,NULL,NULL,NULL,NULL,NULL,NULL,NULL
dbo,INVOICE_HEADER,14,IHF_FREIGHT_TAXABLE_FLAG,bit,0,0,0,NULL,NULL,NULL,NULL,NULL,NULL,NULL
dbo,INVOICE_HEADER,15,IHF_FREIGHT_AMOUNT,float,1,0,0,NULL,NULL,NULL,NULL,NULL,NULL,NULL
dbo,INVOICE_HEADER,16,IHF_DEPOSIT_AMOUNT,float,1,0,0,NULL,NULL,NULL,NULL,NULL,NULL,NULL
dbo,INVOICE_HEADER,17,IHF_CASH_AMOUNT,float,1,0,0,NULL,NULL,NULL,NULL,NULL,NULL,NULL
dbo,INVOICE_HEADER,18,IHF_CHECK_AMOUNT,float,1,0,0,NULL,NULL,NULL,NULL,NULL,NULL,NULL
dbo,INVOICE_HEADER,19,IHF_CHECK_NUMBER,int,1,0,0,NULL,NULL,NULL,NULL,NULL,NULL,NULL
dbo,INVOICE_HEADER,20,IHF_CHECK_DL,varchar(50),1,0,0,NULL,NULL,NULL,NULL,NULL,NULL,NULL
dbo,INVOICE_HEADER,21,IHF_CHECK_AUTHORIZATION,varchar(10),1,0,0,NULL,NULL,NULL,NULL,NULL,NULL,NULL
dbo,INVOICE_HEADER,22,IHF_CHARGE_AMOUNT,float,1,0,0,NULL,NULL,NULL,NULL,NULL,NULL,NULL
dbo,INVOICE_HEADER,23,IHF_CHARGE_NUMBER,varchar(50),1,0,0,NULL,NULL,NULL,NULL,NULL,NULL,NULL
dbo,INVOICE_HEADER,24,IHF_CHARGE_TYPE,varchar(4),1,0,0,NULL,NULL,NULL,NULL,NULL,NULL,NULL
dbo,INVOICE_HEADER,25,IHF_CHARGE_EXPIRATION_DT,datetime,1,0,0,NULL,NULL,NULL,NULL,NULL,NULL,NULL
dbo,INVOICE_HEADER,26,IHF_CHARGE_AUTH_NUMBER,varchar(10),1,0,0,NULL,NULL,NULL,NULL,NULL,NULL,NULL
dbo,INVOICE_HEADER,27,IHF_CREDIT_AMOUNT,float,1,0,0,NULL,NULL,NULL,NULL,NULL,NULL,NULL
dbo,INVOICE_HEADER,28,IHF_CREDIT_NUMBER,int,1,0,0,NULL,NULL,NULL,NULL,NULL,NULL,NULL
dbo,INVOICE_HEADER,29,IHF_CREDIT_TYPE,varchar(1),1,0,0,NULL,NULL,NULL,NULL,NULL,NULL,NULL
dbo,INVOICE_HEADER,30,IHF_BALANCE_DUE,float,1,0,0,NULL,NULL,NULL,NULL,NULL,NULL,NULL
dbo,INVOICE_HEADER,31,IHF_TOTAL_COST,float,1,0,0,NULL,NULL,NULL,NULL,NULL,NULL,NULL
dbo,INVOICE_HEADER,32,IHF_CUMMAS_ID,int,1,0,0,NULL,NULL,NULL,NULL,NULL,NULL,NULL
dbo,INVOICE_HEADER,33,IHF_CUSTOMER_NUMBER,varchar(10),1,0,0,NULL,NULL,NULL,NULL,NULL,NULL,NULL
dbo,INVOICE_HEADER,34,IHF_SOLD_TO_NAME,varchar(30),1,0,0,NULL,NULL,NULL,NULL,NULL,NULL,NULL
dbo,INVOICE_HEADER,35,IHF_SOLD_TO_ADDRESS_1,varchar(30),1,0,0,NULL,NULL,NULL,NULL,NULL,NULL,NULL
dbo,INVOICE_HEADER,36,IHF_SOLD_TO_ADDRESS_2,varchar(30),1,0,0,NULL,NULL,NULL,NULL,NULL,NULL,NULL
dbo,INVOICE_HEADER,37,IHF_SOLD_TO_ADDRESS_3,varchar(30),1,0,0,NULL,NULL,NULL,NULL,NULL,NULL,NULL
dbo,INVOICE_HEADER,38,IHF_SOLD_TO_CITY,varchar(20),1,0,0,NULL,NULL,NULL,NULL,NULL,NULL,NULL
dbo,INVOICE_HEADER,39,IHF_SOLD_TO_STATE,varchar(2),1,0,0,NULL,NULL,NULL,NULL,NULL,NULL,NULL
dbo,INVOICE_HEADER,40,IHF_SOLD_TO_ZIP,varchar(10),1,0,0,NULL,NULL,NULL,NULL,NULL,NULL,NULL
dbo,INVOICE_HEADER,41,IHF_SOLD_TO_PHONE,varchar(50),1,0,0,NULL,NULL,NULL,NULL,NULL,NULL,NULL
dbo,INVOICE_HEADER,42,IHF_SOLD_TO_PHONE2,varchar(50),1,0,0,NULL,NULL,NULL,NULL,NULL,NULL,NULL
dbo,INVOICE_HEADER,43,IHF_SHIP_TO_NAME,varchar(30),1,0,0,NULL,NULL,NULL,NULL,NULL,NULL,NULL
dbo,INVOICE_HEADER,44,IHF_SHIP_TO_ADDRESS_1,varchar(30),1,0,0,NULL,NULL,NULL,NULL,NULL,NULL,NULL
dbo,INVOICE_HEADER,45,IHF_SHIP_TO_ADDRESS_2,varchar(30),1,0,0,NULL,NULL,NULL,NULL,NULL,NULL,NULL
dbo,INVOICE_HEADER,46,IHF_SHIP_TO_ADDRESS_3,varchar(30),1,0,0,NULL,NULL,NULL,NULL,NULL,NULL,NULL
dbo,INVOICE_HEADER,47,IHF_SHIP_TO_CITY,varchar(20),1,0,0,NULL,NULL,NULL,NULL,NULL,NULL,NULL
dbo,INVOICE_HEADER,48,IHF_SHIP_TO_STATE,varchar(2),1,0,0,NULL,NULL,NULL,NULL,NULL,NULL,NULL
dbo,INVOICE_HEADER,49,IHF_SHIP_TO_ZIP,varchar(10),1,0,0,NULL,NULL,NULL,NULL,NULL,NULL,NULL
dbo,INVOICE_HEADER,50,IHF_BILLTO_CUMMAS_ID,int,1,0,0,NULL,NULL,NULL,NULL,NULL,NULL,NULL
dbo,INVOICE_HEADER,51,IHF_BILLTO_CUSTOMER_NUMBER,varchar(10),1,0,0,NULL,NULL,NULL,NULL,NULL,NULL,NULL
dbo,INVOICE_HEADER,52,IHF_BILLTO_NAME,varchar(30),1,0,0,NULL,NULL,NULL,NULL,NULL,NULL,NULL
dbo,INVOICE_HEADER,53,IHF_BILLTO_ADDRESS_1,varchar(30),1,0,0,NULL,NULL,NULL,NULL,NULL,NULL,NULL
dbo,INVOICE_HEADER,54,IHF_BILLTO_ADDRESS_2,varchar(30),1,0,0,NULL,NULL,NULL,NULL,NULL,NULL,NULL
dbo,INVOICE_HEADER,55,IHF_BILLTO_ADDRESS_3,varchar(30),1,0,0,NULL,NULL,NULL,NULL,NULL,NULL,NULL
dbo,INVOICE_HEADER,56,IHF_BILLTO_CITY,varchar(20),1,0,0,NULL,NULL,NULL,NULL,NULL,NULL,NULL
dbo,INVOICE_HEADER,57,IHF_BILLTO_STATE,varchar(2),1,0,0,NULL,NULL,NULL,NULL,NULL,NULL,NULL
dbo,INVOICE_HEADER,58,IHF_BILLTO_ZIP,varchar(10),1,0,0,NULL,NULL,NULL,NULL,NULL,NULL,NULL
dbo,INVOICE_HEADER,59,IHF_TAXABLE_FLAG,bit,0,0,0,NULL,NULL,NULL,NULL,NULL,NULL,NULL
dbo,INVOICE_HEADER,60,IHF_GOOD_SERVICE_TAXABLE_FLAG,bit,0,0,0,NULL,NULL,NULL,NULL,NULL,NULL,NULL
dbo,INVOICE_HEADER,61,IHF_TAXMAS_ID,int,1,0,0,NULL,NULL,NULL,NULL,NULL,NULL,NULL
dbo,INVOICE_HEADER,62,IHF_TAX_RATE,real,1,0,0,NULL,NULL,NULL,NULL,NULL,NULL,NULL
dbo,INVOICE_HEADER,66,IHF_STATE_GST_RATE,smallmoney,1,0,0,NULL,NULL,NULL,NULL,NULL,NULL,NULL
dbo,INVOICE_HEADER,67,IHF_COUNTY_GST_RATE,smallmoney,1,0,0,NULL,NULL,NULL,NULL,NULL,NULL,NULL
dbo,INVOICE_HEADER,68,IHF_CITY_GST_RATE,smallmoney,1,0,0,NULL,NULL,NULL,NULL,NULL,NULL,NULL
dbo,INVOICE_HEADER,69,IHF_TAX_EXEMPTION_NUMBER,varchar(20),1,0,0,NULL,NULL,NULL,NULL,NULL,NULL,NULL
dbo,INVOICE_HEADER,70,IHF_TAX_TYPE,varchar(1),1,0,0,NULL,NULL,NULL,NULL,NULL,NULL,NULL
dbo,INVOICE_HEADER,71,IHF_SHIP_VIA,varchar(15),1,0,0,NULL,NULL,NULL,NULL,NULL,NULL,NULL
dbo,INVOICE_HEADER,72,IHF_FOB,varchar(15),1,0,0,NULL,NULL,NULL,NULL,NULL,NULL,NULL
dbo,INVOICE_HEADER,73,IHF_CUSTOMER_PO,varchar(30),1,0,0,NULL,NULL,NULL,NULL,NULL,NULL,NULL
dbo,INVOICE_HEADER,74,IHF_JOB_NUMBER,varchar(30),1,0,0,NULL,NULL,NULL,NULL,NULL,NULL,NULL
dbo,INVOICE_HEADER,75,IHF_DELIVERY_STATUS_CODE,varchar(1),1,0,0,NULL,NULL,NULL,NULL,NULL,NULL,NULL
dbo,INVOICE_HEADER,76,IHF_DELIVERY_DATE,datetime,1,0,0,NULL,NULL,NULL,NULL,NULL,NULL,NULL
dbo,INVOICE_HEADER,77,IHF_CANCELED_DATE,datetime,1,0,0,NULL,NULL,NULL,NULL,NULL,NULL,NULL
dbo,INVOICE_HEADER,78,IHF_ORDER_EXPIRED_DATE,datetime,1,0,0,NULL,NULL,NULL,NULL,NULL,NULL,NULL
dbo,INVOICE_HEADER,79,IHF_QUOTE_CONVERT_DATE,datetime,1,0,0,NULL,NULL,NULL,NULL,NULL,NULL,NULL
dbo,INVOICE_HEADER,80,IHF_OPERATOR,varchar(15),1,0,0,NULL,NULL,NULL,NULL,NULL,NULL,NULL
dbo,INVOICE_HEADER,81,IHF_HOLD_ORDER_FLAG,bit,0,0,0,NULL,NULL,NULL,NULL,NULL,NULL,NULL
dbo,INVOICE_HEADER,82,IHF_SPECIAL_INSTRUCTIONS,ntext,1,0,0,NULL,NULL,NULL,NULL,NULL,NULL,NULL
dbo,INVOICE_HEADER,83,IHF_TERMS_NUMBER,int,1,0,0,NULL,NULL,NULL,NULL,NULL,NULL,NULL
dbo,INVOICE_HEADER,84,IHF_OPEN_LINES_FLAG,bit,0,0,0,NULL,NULL,NULL,NULL,NULL,NULL,NULL
dbo,INVOICE_HEADER,85,IHF_PART_INVOICED_FLAG,bit,0,0,0,NULL,NULL,NULL,NULL,NULL,NULL,NULL
dbo,INVOICE_HEADER,86,IHF_PRICE_CODE,int,1,0,0,NULL,NULL,NULL,NULL,NULL,NULL,NULL
dbo,INVOICE_HEADER,87,IHF_PRICE_CODE_DESC,varchar(15),1,0,0,NULL,NULL,NULL,NULL,NULL,NULL,NULL
dbo,INVOICE_HEADER,88,IHF_ORDER_DIVISION,int,1,0,0,NULL,NULL,NULL,NULL,NULL,NULL,NULL
dbo,INVOICE_HEADER,89,IHF_ORDER_TYPE_WORK,int,1,0,0,NULL,NULL,NULL,NULL,NULL,NULL,NULL
dbo,INVOICE_HEADER,90,IHF_CREDIT_APPROVAL_FLAG,bit,0,0,0,NULL,NULL,NULL,NULL,NULL,NULL,NULL
dbo,INVOICE_HEADER,91,IHF_CREDIT_AUTHORIZATION,varchar(15),1,0,0,NULL,NULL,NULL,NULL,NULL,NULL,NULL
dbo,INVOICE_HEADER,92,IHF_CREDIT_REQUESTED_AMT,float,1,0,0,NULL,NULL,NULL,NULL,NULL,NULL,NULL
dbo,INVOICE_HEADER,93,IHF_CREDIT_FINANCING_AMT,float,1,0,0,NULL,NULL,NULL,NULL,NULL,NULL,NULL
dbo,INVOICE_HEADER,94,IHF_CREDIT_INVOICED_AMT,float,1,0,0,NULL,NULL,NULL,NULL,NULL,NULL,NULL
dbo,INVOICE_HEADER,95,IHF_CREDIT_HOLD,varchar(1),1,0,0,NULL,NULL,NULL,NULL,NULL,NULL,NULL
dbo,INVOICE_HEADER,96,IHF_REVISED_TRANSFER_FLAG,bit,0,0,0,NULL,NULL,NULL,NULL,NULL,NULL,NULL
dbo,INVOICE_HEADER,97,IHF_ADVERTISING_CODE,int,1,0,0,NULL,NULL,NULL,NULL,NULL,NULL,NULL
dbo,INVOICE_HEADER,98,IHF_INVFIL_ID,int,0,1,0,NULL,NULL,NULL,NULL,NULL,NULL,NULL
dbo,INVOICE_HEADER,99,IHF_INVOICE_TYPE,int,1,0,0,NULL,NULL,NULL,NULL,NULL,NULL,NULL
dbo,INVOICE_HEADER,100,ihf_taxable_amount,money,1,0,0,NULL,NULL,NULL,NULL,NULL,NULL,NULL
dbo,INVOICE_HEADER,101,ihf_state_sales_tax_amount,money,1,0,0,NULL,NULL,NULL,NULL,NULL,NULL,NULL
dbo,INVOICE_HEADER,102,ihf_county_sales_tax_amount,money,1,0,0,NULL,NULL,NULL,NULL,NULL,NULL,NULL
dbo,INVOICE_HEADER,103,ihf_city_sales_tax_amount,money,1,0,0,NULL,NULL,NULL,NULL,NULL,NULL,NULL
dbo,INVOICE_HEADER,104,ihf_state_gst_amount,money,1,0,0,NULL,NULL,NULL,NULL,NULL,NULL,NULL
dbo,INVOICE_HEADER,105,ihf_county_gst_amount,money,1,0,0,NULL,NULL,NULL,NULL,NULL,NULL,NULL
dbo,INVOICE_HEADER,106,ihf_city_gst_amount,money,1,0,0,NULL,NULL,NULL,NULL,NULL,NULL,NULL
dbo,INVOICE_HEADER,107,IHF_ESTIMATOR,int,1,0,0,NULL,NULL,NULL,NULL,NULL,NULL,NULL
dbo,INVOICE_HEADER,108,IHF_TIMBERLINE_FLAG,bit,0,0,0,NULL,NULL,NULL,NULL,NULL,NULL,NULL
dbo,INVOICE_HEADER,109,ihf_taxable_cost_amount,money,1,0,0,NULL,NULL,NULL,NULL,NULL,NULL,NULL
dbo,INVOICE_HEADER,110,ihf_add_use_tax_to_invoice_total_flag,bit,0,0,0,NULL,NULL,NULL,NULL,NULL,NULL,NULL
dbo,INVOICE_HEADER,111,ihf_job_type,int,1,0,0,NULL,NULL,NULL,NULL,NULL,NULL,NULL
dbo,INVOICE_HEADER,112,IHF_DEBIT_CARD_AMOUNT,float,1,0,0,NULL,NULL,NULL,NULL,NULL,NULL,NULL
dbo,INVOICE_HEADER,113,IHF_FINANCE_AMOUNT,float,1,0,0,NULL,NULL,NULL,NULL,NULL,NULL,NULL
dbo,INVOICE_HEADER,114,IHF_JOB_STATUS,varchar(2),0,0,0,('1'),NULL,NULL,NULL,NULL,NULL,NULL
dbo,INVOICE_REGISTER,1,INR_COMPANY_ID,int,0,0,0,NULL,1,NULL,NULL,NULL,NULL,NULL
dbo,INVOICE_REGISTER,2,INR_WHSMAS_ID,int,0,0,0,NULL,2,NULL,NULL,NULL,NULL,NULL
dbo,INVOICE_REGISTER,3,INR_INVOICE_NUMBER,int,0,0,0,NULL,3,NULL,NULL,NULL,NULL,NULL
dbo,INVOICE_REGISTER,4,INR_DATE_TIME,datetime,0,0,0,NULL,4,NULL,NULL,NULL,NULL,NULL
dbo,INVOICE_REGISTER,5,INR_TRANSACTION_TYPE,varchar(1),1,0,0,NULL,NULL,NULL,NULL,NULL,NULL,NULL
dbo,INVOICE_REGISTER,6,INR_CUSTOMER_NUMBER,varchar(10),1,0,0,NULL,NULL,NULL,NULL,NULL,NULL,NULL
dbo,INVOICE_REGISTER,7,INR_CUSTOMER_NAME,varchar(30),1,0,0,NULL,NULL,NULL,NULL,NULL,NULL,NULL
dbo,INVOICE_REGISTER,8,INR_CUSTOMER_PO,varchar(30),1,0,0,NULL,NULL,NULL,NULL,NULL,NULL,NULL
dbo,INVOICE_REGISTER,9,INR_SALES_ORDER_NUMBER,int,1,0,0,NULL,NULL,NULL,NULL,NULL,NULL,NULL
dbo,INVOICE_REGISTER,10,INR_DEPOSIT_AMOUNT,float,1,0,0,NULL,NULL,NULL,NULL,NULL,NULL,NULL
dbo,INVOICE_REGISTER,11,INR_MERCH_AMOUNT,float,1,0,0,NULL,NULL,NULL,NULL,NULL,NULL,NULL
dbo,INVOICE_REGISTER,12,INR_OTHER_CHARGE_AMOUNT,float,1,0,0,NULL,NULL,NULL,NULL,NULL,NULL,NULL
dbo,INVOICE_REGISTER,13,INR_TAXABLE_AMOUNT,float,1,0,0,NULL,NULL,NULL,NULL,NULL,NULL,NULL
dbo,INVOICE_REGISTER,14,INR_NON_TAXABLE_AMOUNT,float,1,0,0,NULL,NULL,NULL,NULL,NULL,NULL,NULL
dbo,INVOICE_REGISTER,15,INR_TAX_AMOUNT,float,1,0,0,NULL,NULL,NULL,NULL,NULL,NULL,NULL
dbo,INVOICE_REGISTER,16,INR_GOOD_SERVICE_TAX_AMOUNT,float,1,0,0,NULL,NULL,NULL,NULL,NULL,NULL,NULL
dbo,INVOICE_REGISTER,17,INR_SOURCE,varchar(1),1,0,0,NULL,NULL,NULL,NULL,NULL,NULL,NULL
dbo,INVOICE_REGISTER,18,INR_ID,int,0,1,0,NULL,NULL,NULL,NULL,NULL,NULL,NULL
dbo,ITEM_ACCESSORIES,1,IAC_COMPANY_ID,int,0,0,0,NULL,1,NULL,NULL,NULL,NULL,NULL
dbo,ITEM_ACCESSORIES,2,IAC_ITEM_FIRST_ID,varchar(6),0,0,0,NULL,2,NULL,NULL,NULL,NULL,NULL
dbo,ITEM_ACCESSORIES,3,IAC_ITEM_LAST_ID,varchar(9),0,0,0,NULL,3,NULL,NULL,NULL,NULL,NULL
dbo,ITEM_ACCESSORIES,4,IAC_ACCESSORIES_FIRST_ID,varchar(6),0,0,0,NULL,4,NULL,NULL,NULL,NULL,NULL
dbo,ITEM_ACCESSORIES,5,IAC_ACCESSORIES_LAST_ID,varchar(9),0,0,0,NULL,5,NULL,NULL,NULL,NULL,NULL
dbo,ITEM_ACCESSORIES,6,IAC_COMMENT,text,1,0,0,NULL,NULL,NULL,NULL,NULL,NULL,NULL
dbo,ITEM_ACCESSORIES,7,IAC_ITMACC_ID,int,0,1,0,NULL,NULL,NULL,NULL,NULL,NULL,NULL
dbo,ITEM_Classification,1,ITC_CompanyID,int,0,0,0,NULL,1,NULL,NULL,NULL,NULL,NULL
dbo,ITEM_Classification,2,ITC_Code,varchar(2),0,0,0,NULL,2,NULL,NULL,NULL,NULL,NULL
dbo,ITEM_Classification,3,ITC_ID,"decimal(18,0)",0,1,0,NULL,NULL,NULL,NULL,NULL,NULL,NULL
dbo,ITEM_Classification,4,ITC_Description,varchar(50),1,0,0,NULL,NULL,NULL,NULL,NULL,NULL,NULL
dbo,ITEM_COMMENTS,1,ITC_COMPANY_ID,int,0,0,0,NULL,NULL,NULL,NULL,NULL,NULL,NULL
dbo,ITEM_COMMENTS,2,ITC_ITEM_FIRST_ID,varchar(6),0,0,0,NULL,NULL,NULL,NULL,NULL,NULL,NULL
dbo,ITEM_COMMENTS,3,ITC_ITEM_LAST_ID,varchar(9),0,0,0,NULL,NULL,NULL,NULL,NULL,NULL,NULL
dbo,ITEM_COMMENTS,4,ITC_COMMENTS_DATE,datetime,0,0,0,NULL,NULL,NULL,NULL,NULL,NULL,NULL
dbo,ITEM_COMMENTS,5,ITC_COMMENTS_URGENT,bit,0,0,0,NULL,NULL,NULL,NULL,NULL,NULL,NULL
dbo,ITEM_COMMENTS,6,ITC_COMMENTS,varchar(255),1,0,0,NULL,NULL,NULL,NULL,NULL,NULL,NULL
dbo,ITEM_COMMENTS,7,ITC_COMMENTS_ID,int,0,1,0,NULL,NULL,NULL,NULL,NULL,NULL,NULL
dbo,ITEM_COMMENTS_PRINT,1,ICP_COMPANY_ID,int,0,0,0,NULL,NULL,NULL,NULL,NULL,NULL,NULL
dbo,ITEM_COMMENTS_PRINT,2,ICP_COMMENT_ID,int,0,0,0,NULL,NULL,NULL,NULL,NULL,NULL,NULL
dbo,ITEM_COMMENTS_PRINT,3,ICP_PRINT_ON_ID,int,0,0,0,NULL,NULL,NULL,NULL,NULL,NULL,NULL
dbo,ITEM_COMPONENTS,1,ITC_COMPANY_ID,int,0,0,0,NULL,1,NULL,NULL,NULL,NULL,NULL
dbo,ITEM_COMPONENTS,2,ITC_ITEM_FIRST_ID,varchar(6),0,0,0,NULL,2,NULL,NULL,NULL,NULL,NULL
dbo,ITEM_COMPONENTS,3,ITC_ITEM_LAST_ID,varchar(9),0,0,0,NULL,3,NULL,NULL,NULL,NULL,NULL
dbo,ITEM_COMPONENTS,4,ITC_COMPONENTS_FIRST_ID,varchar(6),0,0,0,NULL,4,NULL,NULL,NULL,NULL,NULL
dbo,ITEM_COMPONENTS,5,ITC_COMPONENTS_LAST_ID,varchar(9),0,0,0,NULL,5,NULL,NULL,NULL,NULL,NULL
dbo,ITEM_COMPONENTS,6,ITC_COMMENT,varchar(255),1,0,0,NULL,NULL,NULL,NULL,NULL,NULL,NULL
dbo,ITEM_COMPONENTS,7,ITC_COMP_QTY,"numeric(21,4)",0,0,0,NULL,NULL,NULL,NULL,NULL,NULL,NULL
dbo,ITEM_COMPONENTS,8,ITC_COMP_UOM,varchar(3),0,0,0,NULL,NULL,NULL,NULL,NULL,NULL,NULL
dbo,ITEM_COMPONENTS,9,ITC_ITEM_QTY,"numeric(21,4)",0,0,0,NULL,NULL,NULL,NULL,NULL,NULL,NULL
dbo,ITEM_COMPONENTS,10,ITC_ITEM_UOM,varchar(3),0,0,0,NULL,NULL,NULL,NULL,NULL,NULL,NULL
dbo,ITEM_COMPONENTS,11,ITC_ITMACC_ID,int,0,1,0,NULL,NULL,NULL,NULL,NULL,NULL,NULL
dbo,ITEM_FIBER,1,ITF_COMPANY_ID,int,0,0,0,NULL,1,NULL,NULL,NULL,NULL,NULL
dbo,ITEM_FIBER,2,ITF_FIBER_CODE,varchar(4),0,0,0,NULL,2,NULL,NULL,NULL,NULL,NULL
dbo,ITEM_FIBER,3,ITF_FIBER_DESCRIPTION,varchar(35),1,0,0,NULL,NULL,NULL,NULL,NULL,NULL,NULL
dbo,ITEM_FIBER,4,ITF_ITMFBR_ID,int,0,1,0,NULL,NULL,NULL,NULL,NULL,NULL,NULL
dbo,ITEM_FiberType,1,IFT_CompanyID,int,0,0,0,NULL,NULL,NULL,NULL,NULL,NULL,NULL
dbo,ITEM_FiberType,2,IFT_Code,varchar(2),0,0,0,NULL,NULL,NULL,NULL,NULL,NULL,NULL
dbo,ITEM_FiberType,3,IFT_ID,"decimal(18,0)",0,1,0,NULL,NULL,NULL,NULL,NULL,NULL,NULL
dbo,ITEM_FiberType,4,IFT_DESCRIPTION,varchar(50),1,0,0,NULL,NULL,NULL,NULL,NULL,NULL,NULL
dbo,ITEM_GRADE_CLASS,1,IGC_COMPANY_ID,int,0,0,0,NULL,1,NULL,NULL,NULL,NULL,NULL
dbo,ITEM_GRADE_CLASS,2,IGC_CODE,varchar(2),0,0,0,NULL,2,NULL,NULL,NULL,NULL,NULL
dbo,ITEM_GRADE_CLASS,3,IGC_CODE_DESCRIPTION,varchar(30),1,0,0,NULL,NULL,NULL,NULL,NULL,NULL,NULL
dbo,ITEM_GRADE_CLASS,4,IGC_ID,int,0,1,0,NULL,NULL,NULL,NULL,NULL,NULL,NULL
dbo,ITEM_GROUP,1,ITG_COMPANY_ID,int,0,0,0,NULL,NULL,NULL,NULL,NULL,NULL,NULL
dbo,ITEM_GROUP,2,ITG_ITEM_GROUP_NUMBER,int,0,0,0,NULL,NULL,NULL,NULL,NULL,NULL,NULL
dbo,ITEM_GROUP,3,ITG_ITEM_GROUP_NAME,varchar(30),1,0,0,NULL,NULL,NULL,NULL,NULL,NULL,NULL
dbo,ITEM_GROUP,4,ITG_DISCONTINUED,bit,0,0,0,NULL,NULL,NULL,NULL,NULL,NULL,NULL
dbo,ITEM_GROUP,5,ITG_INUSE,bit,0,0,0,NULL,NULL,NULL,NULL,NULL,NULL,NULL
dbo,ITEM_GROUP,6,ITG_DEFAULT,bit,0,0,0,NULL,NULL,NULL,NULL,NULL,NULL,NULL
dbo,ITEM_GROUP,7,ID,int,0,1,0,NULL,NULL,NULL,NULL,NULL,NULL,NULL
dbo,ITEM_MASTER,1,ITM_COMPANY_ID,int,0,0,0,NULL,1,NULL,NULL,NULL,NULL,NULL
dbo,ITEM_MASTER,2,ITM_ID_FIRST,varchar(6),0,0,0,NULL,2,NULL,NULL,NULL,NULL,NULL
dbo,ITEM_MASTER,3,ITM_ID_LAST,varchar(9),0,0,0,NULL,3,NULL,NULL,NULL,NULL,NULL
dbo,ITEM_MASTER,4,ITM_DESCRIPTION,varchar(30),1,0,0,NULL,NULL,NULL,NULL,NULL,NULL,NULL
dbo,ITEM_MASTER,5,ITM_DESCRIPTION_2,varchar(30),1,0,0,NULL,NULL,NULL,NULL,NULL,NULL,NULL
dbo,ITEM_MASTER,6,ITM_PRIVATE_LABEL,varchar(30),1,0,0,NULL,NULL,NULL,NULL,NULL,NULL,NULL
dbo,ITEM_MASTER,7,ITM_PRIVATE_LABEL_2,varchar(30),1,0,0,NULL,NULL,NULL,NULL,NULL,NULL,NULL
dbo,ITEM_MASTER,8,ITM_PCLMAS_ID,varchar(10),1,0,0,NULL,NULL,NULL,NULL,NULL,NULL,NULL
dbo,ITEM_MASTER,9,ITM_TAX_FLAG,bit,0,0,0,NULL,NULL,NULL,NULL,NULL,NULL,NULL
dbo,ITEM_MASTER,10,ITM_DYE_LOT_IND_FLAG,bit,0,0,0,NULL,NULL,NULL,NULL,NULL,NULL,NULL
dbo,ITEM_MASTER,11,ITM_STOCKED_FLAG,bit,0,0,0,NULL,NULL,NULL,NULL,NULL,NULL,NULL
dbo,ITEM_MASTER,12,ITM_VENDOR_ID,varchar(7),1,0,0,NULL,NULL,NULL,NULL,NULL,NULL,NULL
dbo,ITEM_MASTER,13,ITM_TYPE,varchar(1),1,0,0,NULL,NULL,NULL,NULL,NULL,NULL,NULL
dbo,ITEM_MASTER,14,ITM_PCS_PER_CARTON_REQUIRED,bit,0,0,0,NULL,NULL,NULL,NULL,NULL,NULL,NULL
dbo,ITEM_MASTER,15,ITM_VENDOR_UM,varchar(2),1,0,0,NULL,NULL,NULL,NULL,NULL,NULL,NULL
dbo,ITEM_MASTER,16,ITM_UNIT_PER_CARTON,float,1,0,0,NULL,NULL,NULL,NULL,NULL,NULL,NULL
dbo,ITEM_MASTER,17,ITM_PIECES_PER_CARTON,int,1,0,0,NULL,NULL,NULL,NULL,NULL,NULL,NULL
dbo,ITEM_MASTER,18,ITM_CARTON_PALLET,int,1,0,0,NULL,NULL,NULL,NULL,NULL,NULL,NULL
dbo,ITEM_MASTER,19,ITM_WEIGHT,real,1,0,0,NULL,NULL,NULL,NULL,NULL,NULL,NULL
dbo,ITEM_MASTER,20,ITM_PRICE_UM,varchar(3),1,0,0,NULL,NULL,NULL,NULL,NULL,NULL,NULL
dbo,ITEM_MASTER,21,ITM_VENDOR_ITEM,varchar(25),1,0,0,NULL,NULL,NULL,NULL,NULL,NULL,NULL
dbo,ITEM_MASTER,22,ITM_VENDOR_COST,real,1,0,0,NULL,NULL,NULL,NULL,NULL,NULL,NULL
dbo,ITEM_MASTER,23,ITM_VENDOR_COST_CUT,real,1,0,0,NULL,NULL,NULL,NULL,NULL,NULL,NULL
dbo,ITEM_MASTER,24,ITM_FREIGHT_AMOUNT,real,1,0,0,NULL,NULL,NULL,NULL,NULL,NULL,NULL
dbo,ITEM_MASTER,25,ITM_LENGTH,real,1,0,0,NULL,NULL,NULL,NULL,NULL,NULL,NULL
dbo,ITEM_MASTER,26,ITM_WIDTH,real,1,0,0,NULL,NULL,NULL,NULL,NULL,NULL,NULL
dbo,ITEM_MASTER,27,ITM_DEPTH,real,1,0,0,NULL,NULL,NULL,NULL,NULL,NULL,NULL
dbo,ITEM_MASTER,28,ITM_ROLL_WIDTH,real,1,0,0,NULL,NULL,NULL,NULL,NULL,NULL,NULL
dbo,ITEM_MASTER,29,ITM_AVERAGE_LENGTH,real,1,0,0,NULL,NULL,NULL,NULL,NULL,NULL,NULL
dbo,ITEM_MASTER,30,ITM_GL_SALES_ACCOUNT,int,1,0,0,NULL,NULL,NULL,NULL,NULL,NULL,NULL
dbo,ITEM_MASTER,31,ITM_DUTY_RATE,real,1,0,0,NULL,NULL,NULL,NULL,NULL,NULL,NULL
dbo,ITEM_MASTER,32,ITM_VENDOR_CURRENCY,varchar(2),1,0,0,NULL,NULL,NULL,NULL,NULL,NULL,NULL
dbo,ITEM_MASTER,33,ITM_CHARGE_DIST_TYPE,varchar(1),1,0,0,NULL,NULL,NULL,NULL,NULL,NULL,NULL
dbo,ITEM_MASTER,34,ITM_DATE_LAST_COSTED,datetime,1,0,0,NULL,NULL,NULL,NULL,NULL,NULL,NULL
dbo,ITEM_MASTER,35,ITM_PIECES_PER_SQ_FT,real,1,0,0,NULL,NULL,NULL,NULL,NULL,NULL,NULL
dbo,ITEM_MASTER,36,ITM_LAST_LANDED_COST,real,1,0,0,NULL,NULL,NULL,NULL,NULL,NULL,NULL
dbo,ITEM_MASTER,37,ITM_AVERAGE_LANDED_COST,real,1,0,0,NULL,NULL,NULL,NULL,NULL,NULL,NULL
dbo,ITEM_MASTER,38,ITM_LAST_EXCHANGE_RATE,real,1,0,0,NULL,NULL,NULL,NULL,NULL,NULL,NULL
dbo,ITEM_MASTER,39,ITM_SPECIAL_PRICE,varchar(15),1,0,0,NULL,NULL,NULL,NULL,NULL,NULL,NULL
dbo,ITEM_MASTER,40,ITM_ON_CONSIGN_FLAG,bit,0,0,0,NULL,NULL,NULL,NULL,NULL,NULL,NULL
dbo,ITEM_MASTER,41,ITM_WEAR_RATING,varchar(2),1,0,0,NULL,NULL,NULL,NULL,NULL,NULL,NULL
dbo,ITEM_MASTER,42,ITM_DISCONTINUED_FLAG,bit,0,0,0,NULL,NULL,NULL,NULL,NULL,NULL,NULL
dbo,ITEM_MASTER,43,ITM_DISCONTINUED_DATE,datetime,1,0,0,NULL,NULL,NULL,NULL,NULL,NULL,NULL
dbo,ITEM_MASTER,44,ITM_FIBER_CODE,varchar(4),1,0,0,NULL,NULL,NULL,NULL,NULL,NULL,NULL
dbo,ITEM_MASTER,45,ITM_FIBER_DESCRIPTION,varchar(35),1,0,0,NULL,NULL,NULL,NULL,NULL,NULL,NULL
dbo,ITEM_MASTER,46,ITM_FIXED_BIN,varchar(6),1,0,0,NULL,NULL,NULL,NULL,NULL,NULL,NULL
dbo,ITEM_MASTER,47,ITM_SAVE_UOM,varchar(2),1,0,0,NULL,NULL,NULL,NULL,NULL,NULL,NULL
dbo,ITEM_MASTER,48,ITM_SELLING_UM,varchar(3),1,0,0,NULL,NULL,NULL,NULL,NULL,NULL,NULL
dbo,ITEM_MASTER,49,ITM_STOCKING_UM,varchar(3),1,0,0,NULL,NULL,NULL,NULL,NULL,NULL,NULL
dbo,ITEM_MASTER,50,ITM_PURCHASE_UM,varchar(3),1,0,0,NULL,NULL,NULL,NULL,NULL,NULL,NULL
dbo,ITEM_MASTER,51,ITM_MINIMUM_BALANCE,int,1,0,0,NULL,NULL,NULL,NULL,NULL,NULL,NULL
dbo,ITEM_MASTER,52,ITM_MAXIMUM_BALANCE,int,1,0,0,NULL,NULL,NULL,NULL,NULL,NULL,NULL
dbo,ITEM_MASTER,53,ITM_MIN_MAX_UM,varchar(3),1,0,0,NULL,NULL,NULL,NULL,NULL,NULL,NULL
dbo,ITEM_MASTER,54,ITM_SERIES,varchar(30),1,0,0,NULL,NULL,NULL,NULL,NULL,NULL,NULL
dbo,ITEM_MASTER,55,ITM_ALLOW_SCHEDULING,bit,0,0,0,NULL,NULL,NULL,NULL,NULL,NULL,NULL
dbo,ITEM_MASTER,56,ITM_PERFORMANCE_DESIG,varchar(2),1,0,0,NULL,NULL,NULL,NULL,NULL,NULL,NULL
dbo,ITEM_MASTER,57,ITM_ITMMAS_ID,int,0,1,0,NULL,NULL,NULL,NULL,NULL,NULL,NULL
dbo,ITEM_MASTER,58,Id,uniqueidentifier,0,0,0,(newid()),NULL,NULL,NULL,NULL,NULL,NULL
dbo,ITEM_MASTER,59,TimeStamp,timestamp,0,0,0,NULL,NULL,NULL,NULL,NULL,NULL,NULL
dbo,ITEM_MASTER,60,ITM_COST_OVERHEAD_AMOUNT,real,1,0,0,NULL,NULL,NULL,NULL,NULL,NULL,NULL
dbo,ITEM_MASTER,61,ITM_COST_OVERHEAD_PERCENT,real,1,0,0,NULL,NULL,NULL,NULL,NULL,NULL,NULL
dbo,ITEM_MASTER,62,ITM_SALES_COMMISSION_BY_ITEM,float,0,0,0,NULL,NULL,NULL,NULL,NULL,NULL,NULL
dbo,ITEM_MASTER,63,ITM_ALLOW_PRICE_UPDATES,bit,0,0,0,NULL,NULL,NULL,NULL,NULL,NULL,NULL
dbo,ITEM_MASTER,64,ITM_TYPE_DESCRIPTION_ID,smallint,1,0,0,NULL,NULL,NULL,NULL,NULL,NULL,NULL
dbo,ITEM_MASTER,65,ITM_REQUIRE_FULL_CARTONS,int,1,0,0,NULL,NULL,NULL,NULL,NULL,NULL,NULL
dbo,ITEM_MASTER,66,itm_distributor_rebate,float,1,0,0,NULL,NULL,NULL,NULL,NULL,NULL,NULL
dbo,ITEM_MASTER,67,ITM_COUNTRY_OF_ORIGIN,varchar(30),1,0,0,NULL,NULL,NULL,NULL,NULL,NULL,NULL
dbo,ITEM_MASTER,68,ITM_FIBER,varchar(35),1,0,0,NULL,NULL,NULL,NULL,NULL,NULL,NULL
dbo,ITEM_MASTER,69,ITM_PATTERN_MATCH,varchar(30),1,0,0,NULL,NULL,NULL,NULL,NULL,NULL,NULL
dbo,ITEM_MASTER,70,ITM_GROUP_CODE,int,0,0,0,0,NULL,NULL,NULL,NULL,NULL,NULL
dbo,ITEM_MASTER,71,ITM_GROUP_DESCRIPTION,varchar(25),0,0,0,(''),NULL,NULL,NULL,NULL,NULL,NULL
dbo,ITEM_MASTER,72,ITM_CUT_ORIGINAL_ITEM_ID,uniqueidentifier,1,0,0,NULL,NULL,NULL,NULL,NULL,NULL,NULL
dbo,ITEM_MASTER,73,ITM_FEATURES,varchar(100),1,0,0,(' '),NULL,NULL,NULL,NULL,NULL,NULL
dbo,ITEM_MASTER,74,ITM_CREATION_DATE,datetime,0,0,0,('1899-01-01'),NULL,NULL,NULL,NULL,NULL,NULL
dbo,ITEM_MASTER,75,ITM_USER_ID,int,0,0,0,((0)),NULL,NULL,NULL,NULL,NULL,NULL
dbo,ITEM_MASTER,76,ITM_IST_CODE,varchar(2),1,0,0,(' '),NULL,NULL,NULL,NULL,NULL,NULL
dbo,ITEM_MASTER,77,ITM_IFT_CODE,varchar(2),1,0,0,(' '),NULL,NULL,NULL,NULL,NULL,NULL
dbo,ITEM_MASTER,78,ITM_ITC_CODE,varchar(2),1,0,0,(' '),NULL,NULL,NULL,NULL,NULL,NULL
dbo,ITEM_MASTER,79,ITM_GAUGE,varchar(50),1,0,0,(' '),NULL,NULL,NULL,NULL,NULL,NULL
dbo,ITEM_MASTER,80,ITM_DENSITY,varchar(50),1,0,0,(' '),NULL,NULL,NULL,NULL,NULL,NULL
dbo,ITEM_MASTER,81,ITM_TWIST,varchar(50),1,0,0,(' '),NULL,NULL,NULL,NULL,NULL,NULL
dbo,ITEM_MASTER,82,ITM_WARRANTY,varchar(50),1,0,0,(' '),NULL,NULL,NULL,NULL,NULL,NULL
dbo,ITEM_MASTER,83,ITM_LAST_CHANGE_DATE,datetime,0,0,0,('1899-01-01'),NULL,NULL,NULL,NULL,NULL,NULL
dbo,ITEM_MASTER,84,ITM_LAST_CHANGE_USER,int,0,0,0,((0)),NULL,NULL,NULL,NULL,NULL,NULL
dbo,ITEM_MASTER,85,ITM_CUSTOM_FLAG_VALUE_1,bit,0,0,0,((0)),NULL,NULL,NULL,NULL,NULL,NULL
dbo,ITEM_MASTER,86,ITM_CUSTOM_FLAG_VALUE_2,bit,0,0,0,((0)),NULL,NULL,NULL,NULL,NULL,NULL
dbo,ITEM_MASTER,87,ITM_CUSTOM_FLAG_VALUE_3,bit,0,0,0,((0)),NULL,NULL,NULL,NULL,NULL,NULL
dbo,ITEM_MASTER,88,ITM_FREQ_STOCKED_PRODUCT,bit,1,0,0,NULL,NULL,NULL,NULL,NULL,NULL,NULL
dbo,ITEM_MASTER,89,ITM_BYPASS_PRINT_SIZING_PACKING,bit,0,0,0,((0)),NULL,NULL,NULL,NULL,NULL,NULL
dbo,ITEM_MASTER,90,ITM_INHIBIT_SO_PRICE_CHANGES,bit,0,0,0,((0)),NULL,NULL,NULL,NULL,NULL,NULL
dbo,ITEM_MASTER,91,ITM_PAD_ITEM,bit,0,0,0,((0)),NULL,NULL,NULL,NULL,NULL,NULL
dbo,ITEM_MASTER_CUSTOM_FLAG_NAMES,1,Number,int,0,0,0,NULL,1,NULL,NULL,NULL,NULL,NULL
dbo,ITEM_MASTER_CUSTOM_FLAG_NAMES,2,Name,varchar(50),0,0,0,NULL,NULL,NULL,NULL,NULL,NULL,NULL
dbo,ITEM_MASTER_IMAGE,1,IMI_UNIQUE,int,0,1,0,NULL,1,NULL,NULL,NULL,NULL,NULL
dbo,ITEM_MASTER_IMAGE,2,IMI_ITMMAS_ID,int,0,0,0,NULL,NULL,NULL,NULL,NULL,NULL,NULL
dbo,ITEM_MASTER_IMAGE,3,IMI_URL,varchar(200),1,0,0,NULL,NULL,NULL,NULL,NULL,NULL,NULL
dbo,ITEM_MASTER_IMAGE,4,IMI_SUBJECT,varchar(50),1,0,0,NULL,NULL,NULL,NULL,NULL,NULL,NULL
dbo,ITEM_MINIMUM_BALANCE,1,IMB_COMPANY_ID,int,0,0,0,NULL,NULL,NULL,NULL,NULL,NULL,NULL
dbo,ITEM_MINIMUM_BALANCE,2,IMB_WHSMAS_ID,int,0,0,0,NULL,NULL,NULL,NULL,NULL,NULL,NULL
dbo,ITEM_MINIMUM_BALANCE,3,IMB_ITEM_UID,uniqueidentifier,0,0,0,NULL,NULL,NULL,NULL,NULL,NULL,NULL
dbo,ITEM_MINIMUM_BALANCE,4,IMB_MINIMUM_BALANCE,float,0,0,0,NULL,NULL,NULL,NULL,NULL,NULL,NULL
dbo,ITEM_MINIMUM_BALANCE,5,IMB_MAXIMUM_BALANCE,float,0,0,0,NULL,NULL,NULL,NULL,NULL,NULL,NULL
dbo,ITEM_PERFORMANCE_DESIGNATOR,1,IPD_COMPANY_ID,int,0,0,0,NULL,1,NULL,NULL,NULL,NULL,NULL
dbo,ITEM_PERFORMANCE_DESIGNATOR,2,IPD_CODE,varchar(2),0,0,0,NULL,2,NULL,NULL,NULL,NULL,NULL
dbo,ITEM_PERFORMANCE_DESIGNATOR,3,IPD_CODE_DESCRIPTION,varchar(30),1,0,0,NULL,NULL,NULL,NULL,NULL,NULL,NULL
dbo,ITEM_PERFORMANCE_DESIGNATOR,4,IPD_ID,int,0,1,0,NULL,NULL,NULL,NULL,NULL,NULL,NULL
dbo,ITEM_PRICE,1,ITP_COMPANY_ID,int,0,0,0,NULL,1,NULL,NULL,NULL,NULL,NULL
dbo,ITEM_PRICE,2,ITP_ITMMAS_ID_FIRST,varchar(6),0,0,0,NULL,2,NULL,NULL,NULL,NULL,NULL
dbo,ITEM_PRICE,3,ITP_ITMMAS_ID_LAST,varchar(9),0,0,0,NULL,3,NULL,NULL,NULL,NULL,NULL
dbo,ITEM_PRICE,4,ITP_PRICE_CODE,smallint,0,0,0,NULL,4,NULL,NULL,NULL,NULL,NULL
dbo,ITEM_PRICE,5,ITP_UNIT_PRICE,money,1,0,0,NULL,NULL,NULL,NULL,NULL,NULL,NULL
dbo,ITEM_PRICE,6,ITP_UNIT_PRICE_CUT,money,1,0,0,NULL,NULL,NULL,NULL,NULL,NULL,NULL
dbo,ITEM_PRICE,7,ITP_PRICE_UOM,varchar(3),1,0,0,NULL,NULL,NULL,NULL,NULL,NULL,NULL
dbo,ITEM_PRICE,8,ITP_PRICE_EFFECTIVE_DATE,datetime,1,0,0,NULL,NULL,NULL,NULL,NULL,NULL,NULL
dbo,ITEM_PRICE,9,ITP_PRICE_EXPIRATION_DATE,datetime,1,0,0,NULL,NULL,NULL,NULL,NULL,NULL,NULL
dbo,ITEM_PRICE,10,ITP_PROMO_PRICE,money,1,0,0,NULL,NULL,NULL,NULL,NULL,NULL,NULL
dbo,ITEM_PRICE,11,ITP_PROMO_PRICE_CUT,money,1,0,0,NULL,NULL,NULL,NULL,NULL,NULL,NULL
dbo,ITEM_PRICE,12,ITP_FORMULA,varchar(255),1,0,0,NULL,NULL,NULL,NULL,NULL,NULL,NULL
dbo,ITEM_PRICE,13,ITP_FORMULACUT,varchar(255),1,0,0,NULL,NULL,NULL,NULL,NULL,NULL,NULL
dbo,ITEM_PRICE,14,ITP_PRICE_TYPE,tinyint,1,0,0,NULL,NULL,NULL,NULL,NULL,NULL,NULL
dbo,ITEM_PRICE,15,ITP_SIGNIFICANT_DIGITS,varchar(3),1,0,0,NULL,NULL,NULL,NULL,NULL,NULL,NULL
dbo,ITEM_PRICE,16,ITP_NEXT_PENNY,bit,0,0,0,0,NULL,NULL,NULL,NULL,NULL,NULL
dbo,ITEM_PRICE,17,ITP_PERCENT_COMMISSION,"decimal(6,2)",1,0,0,NULL,NULL,NULL,NULL,NULL,NULL,NULL
dbo,ITEM_PRICE,18,ITP_REBATE,"decimal(6,2)",1,0,0,0,NULL,NULL,NULL,NULL,NULL,NULL
dbo,ITEM_StyleType,1,IST_Company_ID,int,0,0,0,NULL,1,NULL,NULL,NULL,NULL,NULL
dbo,ITEM_StyleType,2,IST_Code,varchar(2),0,0,0,NULL,2,NULL,NULL,NULL,NULL,NULL
dbo,ITEM_StyleType,3,IST_ID,"decimal(18,0)",0,1,0,NULL,NULL,NULL,NULL,NULL,NULL,NULL
dbo,ITEM_StyleType,4,IST_Description,varchar(50),1,0,0,NULL,NULL,NULL,NULL,NULL,NULL,NULL
dbo,ITEM_SUBSTITUTES,1,ITS_COMPANY_ID,int,0,0,0,NULL,1,NULL,NULL,NULL,NULL,NULL
dbo,ITEM_SUBSTITUTES,2,ITS_ITEM_FIRST_ID,varchar(6),0,0,0,NULL,2,NULL,NULL,NULL,NULL,NULL
dbo,ITEM_SUBSTITUTES,3,ITS_ITEM_LAST_ID,varchar(9),0,0,0,NULL,3,NULL,NULL,NULL,NULL,NULL
dbo,ITEM_SUBSTITUTES,4,ITS_SUBSTITUTES_FIRST_ID,varchar(6),0,0,0,NULL,4,NULL,NULL,NULL,NULL,NULL
dbo,ITEM_SUBSTITUTES,5,ITS_SUBSTITUTES_LAST_ID,varchar(9),0,0,0,NULL,5,NULL,NULL,NULL,NULL,NULL
dbo,ITEM_SUBSTITUTES,6,ITS_COMMENT,text,1,0,0,NULL,NULL,NULL,NULL,NULL,NULL,NULL
dbo,ITEM_SUBSTITUTES,7,ITS_ITMSUB_ID,int,0,1,0,NULL,NULL,NULL,NULL,NULL,NULL,NULL
dbo,ITEM_TRANSACTION,1,ITR_COMPANY_ID,int,0,0,0,NULL,1,NULL,NULL,NULL,NULL,NULL
dbo,ITEM_TRANSACTION,2,ITR_WHSMAS_ID,int,0,0,0,NULL,2,NULL,NULL,NULL,NULL,NULL
dbo,ITEM_TRANSACTION,3,ITR_ITMMAS_ID_FIRST,varchar(6),0,0,0,NULL,3,NULL,NULL,NULL,NULL,NULL
dbo,ITEM_TRANSACTION,4,ITR_ITMMAS_ID_LAST,varchar(9),0,0,0,NULL,4,NULL,NULL,NULL,NULL,NULL
dbo,ITEM_TRANSACTION,5,ITR_ROLL_LOT,varchar(15),0,0,0,NULL,5,NULL,NULL,NULL,NULL,NULL
dbo,ITEM_TRANSACTION,6,ITR_DATETIME,datetime,0,0,0,NULL,7,NULL,NULL,NULL,NULL,NULL
dbo,ITEM_TRANSACTION,7,ITR_TRANSACTION_TYPE,varchar(1),0,0,0,NULL,6,NULL,NULL,NULL,NULL,NULL
dbo,ITEM_TRANSACTION,8,ITR_INVOICE_NUMBER,int,1,0,0,NULL,NULL,NULL,NULL,NULL,NULL,NULL
dbo,ITEM_TRANSACTION,9,ITR_QUANTITY_PIECES,real,1,0,0,NULL,NULL,NULL,NULL,NULL,NULL,NULL
dbo,ITEM_TRANSACTION,10,ITR_UOM,varchar(3),1,0,0,NULL,NULL,NULL,NULL,NULL,NULL,NULL
dbo,ITEM_TRANSACTION,11,ITR_PREVIOUS_ON_HAND,real,1,0,0,NULL,NULL,NULL,NULL,NULL,NULL,NULL
dbo,ITEM_TRANSACTION,12,ITR_NEW_ON_HAND,real,1,0,0,NULL,NULL,NULL,NULL,NULL,NULL,NULL
dbo,ITEM_TRANSACTION,13,ITR_REASON,varchar(60),1,0,0,NULL,NULL,NULL,NULL,NULL,NULL,NULL
dbo,ITEM_TRANSACTION,14,ITR_PIECE_COST,real,1,0,0,NULL,NULL,NULL,NULL,NULL,NULL,NULL
dbo,ITEM_TRANSACTION,15,ITR_LAST_PIECE_COST,real,1,0,0,NULL,NULL,NULL,NULL,NULL,NULL,NULL
dbo,ITEM_TRANSACTION,16,ITR_TRANSACTION_DATE,datetime,1,0,0,NULL,NULL,NULL,NULL,NULL,NULL,NULL
dbo,ITEM_TRANSACTION,17,ITR_SYSTEM_DATETIME,datetime,1,0,0,(getdate()),NULL,NULL,NULL,NULL,NULL,NULL
dbo,ITEM_TRANSACTION,18,ITR_USER_ID,int,0,0,0,NULL,NULL,NULL,NULL,NULL,NULL,NULL
dbo,ITEM_TRANSACTION,19,ITR_VENDOR_UM,varchar(2),1,0,0,NULL,NULL,NULL,NULL,NULL,NULL,NULL
dbo,ITEM_TRANSACTION,20,ITR_UNIT_PER_CARTON,float,1,0,0,NULL,NULL,NULL,NULL,NULL,NULL,NULL
dbo,ITEM_TRANSACTION,21,ITR_PIECES_PER_CARTON,int,1,0,0,NULL,NULL,NULL,NULL,NULL,NULL,NULL
dbo,ITEM_TRANSACTION,22,ITR_CARTON_PER_PALLET,int,1,0,0,NULL,NULL,NULL,NULL,NULL,NULL,NULL
dbo,ITEM_TRANSACTION,23,ITR_WIDTH,real,1,0,0,NULL,NULL,NULL,NULL,NULL,NULL,NULL
dbo,ITEM_TRANSACTION,24,ITR_LENGTH,real,1,0,0,NULL,NULL,NULL,NULL,NULL,NULL,NULL
dbo,ITEM_TRANSACTION,25,ITR_FISCAL_PERIOD,int,1,0,0,NULL,NULL,NULL,NULL,NULL,NULL,NULL
dbo,ITEM_TRANSACTION,26,ITR_JOURNAL_NUMBER,int,1,0,0,NULL,NULL,NULL,NULL,NULL,NULL,NULL
dbo,ITEM_TRANSACTION,27,ITR_FISCAL_YEAR,int,1,0,0,NULL,NULL,NULL,NULL,NULL,NULL,NULL
dbo,ITEM_TYPE,1,ITY_CODE,varchar(1),0,0,0,NULL,1,NULL,NULL,NULL,NULL,NULL
dbo,ITEM_TYPE,2,ITY_DESCRIPTION,varchar(20),1,0,0,NULL,NULL,NULL,NULL,NULL,NULL,NULL
dbo,ITEM_TYPE_DESCRIPTION,1,Id,smallint,0,1,0,NULL,1,NULL,NULL,NULL,NULL,NULL
dbo,ITEM_TYPE_DESCRIPTION,2,Description,nvarchar(20),1,0,0,NULL,NULL,NULL,NULL,NULL,NULL,NULL
dbo,ITEM_TYPE_DESCRIPTION,3,Item_type_Code,char(1),1,0,0,NULL,NULL,NULL,NULL,NULL,NULL,NULL
dbo,ITEM_TYPE_DESCRIPTION,4,AColor,int,1,0,0,NULL,NULL,NULL,NULL,NULL,NULL,NULL
dbo,ITEM_TYPE_DESCRIPTION,5,BColor,int,1,0,0,NULL,NULL,NULL,NULL,NULL,NULL,NULL
dbo,ITEM_TYPE_DESCRIPTION,6,GColor,int,1,0,0,NULL,NULL,NULL,NULL,NULL,NULL,NULL
dbo,ITEM_VENDOR,1,IV_ITEM_ID,int,0,0,0,NULL,NULL,FK_ITEM_VENDOR_ITEM_MASTER,dbo,ITEM_MASTER,ITM_ITMMAS_ID,NULL
dbo,ITEM_VENDOR,2,IV_VENDOR_ID,int,0,0,0,NULL,NULL,NULL,NULL,NULL,NULL,NULL
dbo,ITEM_VENDOR,3,IV_VENDOR_ITEM,varchar(25),1,0,0,NULL,NULL,NULL,NULL,NULL,NULL,NULL
dbo,ITEM_VENDOR,4,IV_VENDOR_COST,smallmoney,1,0,0,NULL,NULL,NULL,NULL,NULL,NULL,NULL
dbo,ITEM_VENDOR,5,IV_DEFAULT,bit,0,0,0,NULL,NULL,NULL,NULL,NULL,NULL,NULL
dbo,ITEM_VENDOR,6,IV_ID,int,0,1,0,NULL,1,NULL,NULL,NULL,NULL,NULL
dbo,ITEM_VENDOR,7,iv_vendor_cost_cut,smallmoney,1,0,0,NULL,NULL,NULL,NULL,NULL,NULL,NULL
dbo,ITEM_VENDOR,8,IV_MILL_NAME,nvarchar(50),1,0,0,NULL,NULL,NULL,NULL,NULL,NULL,NULL
dbo,JOB_CAP,1,JOB_COMPANY_ID,int,0,0,0,NULL,1,NULL,NULL,NULL,NULL,NULL
dbo,JOB_CAP,2,JOB_WHS_NUMBER,int,0,0,0,NULL,2,NULL,NULL,NULL,NULL,NULL
dbo,JOB_CAP,3,JOB_CARPET_CAP,smallint,1,0,0,NULL,NULL,NULL,NULL,NULL,NULL,NULL
dbo,JOB_CAP,4,JOB_VINYL_CAP,smallint,1,0,0,NULL,NULL,NULL,NULL,NULL,NULL,NULL
dbo,JOB_CAP,5,JOB_TILE_CAP,smallint,1,0,0,NULL,NULL,NULL,NULL,NULL,NULL,NULL
dbo,JOB_CAP,6,JOB_WOOD_CAP,int,1,0,0,NULL,NULL,NULL,NULL,NULL,NULL,NULL
dbo,JOB_CAP,7,JOB_DEFAULT_INSTALLER,varchar(8),1,0,0,NULL,NULL,NULL,NULL,NULL,NULL,NULL
dbo,JOB_CAP,8,JOB_CARPET_UOM,varchar(3),1,0,0,NULL,NULL,NULL,NULL,NULL,NULL,NULL
dbo,JOB_CAP,9,JOB_VINYL_UOM,varchar(3),1,0,0,NULL,NULL,NULL,NULL,NULL,NULL,NULL
dbo,JOB_CAP,10,JOB_TILE_UOM,varchar(3),1,0,0,NULL,NULL,NULL,NULL,NULL,NULL,NULL
dbo,JOB_CAP,11,JOB_WOOD_UOM,varchar(3),1,0,0,NULL,NULL,NULL,NULL,NULL,NULL,NULL
dbo,JOB_STATUS,1,JOS_CompanyID,int,0,0,0,NULL,1,NULL,NULL,NULL,NULL,NULL
dbo,JOB_STATUS,2,JOS_Code,varchar(2),0,0,0,NULL,2,NULL,NULL,NULL,NULL,NULL
dbo,JOB_STATUS,3,JOS_ID,"decimal(18,0)",0,1,0,NULL,NULL,NULL,NULL,NULL,NULL,NULL
dbo,JOB_STATUS,4,JOS_Description,varchar(30),1,0,0,NULL,NULL,NULL,NULL,NULL,NULL,NULL
dbo,Jobs,1,Id,int,0,1,0,NULL,1,NULL,NULL,NULL,NULL,NULL
dbo,Jobs,2,Start,smalldatetime,0,0,0,NULL,NULL,NULL,NULL,NULL,NULL,NULL
dbo,Jobs,3,End,smalldatetime,0,0,0,NULL,NULL,NULL,NULL,NULL,NULL,NULL
dbo,Jobs,4,Description,varchar(50),1,0,0,NULL,NULL,NULL,NULL,NULL,NULL,NULL
dbo,Jobs,5,ResourceId,int,0,0,0,NULL,NULL,NULL,NULL,NULL,NULL,NULL
dbo,Jobs,6,Status,int,1,0,0,NULL,NULL,NULL,NULL,NULL,NULL,NULL
dbo,Jobs,7,Comments,varchar(2000),1,0,0,NULL,NULL,NULL,NULL,NULL,NULL,NULL
dbo,Jobs,8,CompletedDate,smalldatetime,1,0,0,NULL,NULL,NULL,NULL,NULL,NULL,NULL
dbo,Jobs,9,Label,int,1,0,0,NULL,NULL,NULL,NULL,NULL,NULL,NULL
dbo,Jobs,10,Location,varchar(100),1,0,0,NULL,NULL,NULL,NULL,NULL,NULL,NULL
dbo,Jobs,11,JobTypeId,int,0,0,0,NULL,NULL,FK_Jobs_JobTypes,dbo,JobTypes,Id,NULL
dbo,JobSalesOrderRelation,1,JobId,int,0,0,0,NULL,1,FK_JobSalesOrderRelation_Jobs,dbo,Jobs,Id,NULL
dbo,JobSalesOrderRelation,2,SODetailId,int,0,0,0,NULL,2,NULL,NULL,NULL,NULL,NULL
dbo,JobTypes,1,Id,int,0,0,0,NULL,1,NULL,NULL,NULL,NULL,NULL
dbo,JobTypes,2,Description,varchar(50),0,0,0,NULL,NULL,NULL,NULL,NULL,NULL,NULL
dbo,LOAD_RETURN_ITEMS,1,SYS_ID,int,0,1,0,NULL,1,NULL,NULL,NULL,NULL,NULL
dbo,LOAD_RETURN_ITEMS,2,FK_LOADRETURN_STATUS,int,1,0,0,NULL,NULL,FK__LOAD_RETU__FK_LO__48317F57,dbo,LOAD_RETURN_STATUS,SYS_ID,NULL
dbo,LOAD_RETURN_ITEMS,3,ITEM_NAME,nvarchar(100),1,0,0,NULL,NULL,NULL,NULL,NULL,NULL,NULL
dbo,LOAD_RETURN_ITEMS,4,QTY_RECEIVED,float,1,0,0,NULL,NULL,NULL,NULL,NULL,NULL,NULL
dbo,LOAD_RETURN_ITEMS,5,QTY_RETURNED,float,1,0,0,NULL,NULL,NULL,NULL,NULL,NULL,NULL
dbo,LOAD_RETURN_ITEMS,6,UoM_ITEM,varchar(10),1,0,0,NULL,NULL,NULL,NULL,NULL,NULL,NULL
dbo,LOAD_RETURN_ITEMS,7,ORDER_TYPE,varchar(10),1,0,0,NULL,NULL,NULL,NULL,NULL,NULL,NULL
dbo,LOAD_RETURN_STATUS,1,SYS_ID,int,0,1,0,NULL,1,NULL,NULL,NULL,NULL,NULL
dbo,LOAD_RETURN_STATUS,2,SOH_NUMBER,int,1,0,0,NULL,NULL,NULL,NULL,NULL,NULL,NULL
dbo,LOAD_RETURN_STATUS,3,ARRIVE_STATUS,int,1,0,0,NULL,NULL,NULL,NULL,NULL,NULL,NULL
dbo,LOAD_RETURN_STATUS,4,INSTALLERCODE,int,1,0,0,NULL,NULL,NULL,NULL,NULL,NULL,NULL
dbo,LOAD_RETURN_STATUS,5,ARRIVE_TIME,datetime,1,0,0,NULL,NULL,NULL,NULL,NULL,NULL,NULL
dbo,LOAD_RETURN_STATUS,6,RECEIVE_STATUS,int,1,0,0,NULL,NULL,NULL,NULL,NULL,NULL,NULL
dbo,LOAD_RETURN_STATUS,7,RECEIVE_TIME,datetime,1,0,0,NULL,NULL,NULL,NULL,NULL,NULL,NULL
dbo,LOAD_RETURN_STATUS,8,RETURN_STATUS,int,1,0,0,NULL,NULL,NULL,NULL,NULL,NULL,NULL
dbo,LOAD_RETURN_STATUS,9,RETURN_TIME,datetime,1,0,0,NULL,NULL,NULL,NULL,NULL,NULL,NULL
dbo,LOAD_RETURN_STATUS,10,RETURN_SIGN_LINK,nvarchar(100),1,0,0,NULL,NULL,NULL,NULL,NULL,NULL,NULL
dbo,LOAD_RETURN_STATUS,11,RETURN_SIGN_CONTENT,nvarchar(100),1,0,0,NULL,NULL,NULL,NULL,NULL,NULL,NULL
dbo,LOAD_RETURN_STATUS,12,RETURN_SIGN_BY,nvarchar(100),1,0,0,NULL,NULL,NULL,NULL,NULL,NULL,NULL
dbo,LOAD_RETURN_STATUS,14,UOM,varchar(10),1,0,0,NULL,NULL,NULL,NULL,NULL,NULL,NULL
dbo,LOAD_RETURN_STATUS,15,LoadReceiveUpdatedBy,int,1,0,0,NULL,NULL,NULL,NULL,NULL,NULL,NULL
dbo,LOAD_RETURN_STATUS,16,LoadReturnUpdatedBy,int,1,0,0,NULL,NULL,NULL,NULL,NULL,NULL,NULL
dbo,manager,1,Id,int,0,1,0,NULL,1,NULL,NULL,NULL,NULL,NULL
dbo,manager,2,Complex_id,int,1,0,0,NULL,NULL,FK_manager_Building,dbo,Complex,Id,NULL
dbo,manager,3,NameManager,nvarchar(50),1,0,0,NULL,NULL,NULL,NULL,NULL,NULL,NULL
dbo,manager,4,PhoneNumber,nvarchar(20),1,0,0,NULL,NULL,NULL,NULL,NULL,NULL,NULL
dbo,manager,5,FaxNumber,nvarchar(20),1,0,0,NULL,NULL,NULL,NULL,NULL,NULL,NULL
dbo,manager,6,email,nvarchar(50),1,0,0,NULL,NULL,NULL,NULL,NULL,NULL,NULL
dbo,manager,7,TimeStamp,timestamp,1,0,0,NULL,NULL,NULL,NULL,NULL,NULL,NULL
dbo,MANUFACTURER_UPC_CODE,1,UPC_COMPANY_ID,int,0,0,0,NULL,NULL,NULL,NULL,NULL,NULL,NULL
dbo,MANUFACTURER_UPC_CODE,2,UPC_ITEM_FIRST,varchar(6),0,0,0,NULL,NULL,NULL,NULL,NULL,NULL,NULL
dbo,MANUFACTURER_UPC_CODE,3,UPC_ITEM_LAST,varchar(9),0,0,0,NULL,NULL,NULL,NULL,NULL,NULL,NULL
dbo,MANUFACTURER_UPC_CODE,4,UPC_MANUFACTURER_CODE,varchar(30),0,0,0,NULL,NULL,NULL,NULL,NULL,NULL,NULL
dbo,MENU_OPTIONS,1,MNU_ID,int,0,1,0,NULL,1,NULL,NULL,NULL,NULL,NULL
dbo,MENU_OPTIONS,2,MNU_PARENT,int,0,0,0,NULL,NULL,NULL,NULL,NULL,NULL,NULL
dbo,MENU_OPTIONS,3,MNU_SUB_MENU,int,0,0,0,NULL,NULL,NULL,NULL,NULL,NULL,NULL
dbo,MENU_OPTIONS,4,MNU_NAME,varchar(50),0,0,0,NULL,NULL,NULL,NULL,NULL,NULL,NULL
dbo,MENU_OPTIONS,5,MNU_TITLE,varchar(50),0,0,0,NULL,NULL,NULL,NULL,NULL,NULL,NULL
dbo,MENU_OPTIONS,6,MNU_DESCRIPTION,varchar(255),1,0,0,NULL,NULL,NULL,NULL,NULL,NULL,NULL
dbo,MENU_OPTIONS,7,MNU_HANDLE,bit,0,0,0,NULL,NULL,NULL,NULL,NULL,NULL,NULL
dbo,MENU_OPTIONS,8,MNU_SHOW_BY_DEFAULT,bit,0,0,0,-1,NULL,NULL,NULL,NULL,NULL,NULL
dbo,MillCreditMemo,1,Id,int,0,1,0,NULL,1,NULL,NULL,NULL,NULL,NULL
dbo,MillCreditMemo,2,Complaint_Id,int,1,0,0,NULL,NULL,FK_MillCreditMemo_ComplaintHeader,dbo,ComplaintHeader,ID,NULL
dbo,MillCreditMemo,3,Vendor_id,int,1,0,0,NULL,NULL,NULL,NULL,NULL,NULL,NULL
dbo,MillCreditMemo,4,ClaimNumber,int,1,0,0,NULL,NULL,NULL,NULL,NULL,NULL,NULL
dbo,MillCreditMemo,5,ClaimDate,smalldatetime,1,0,0,NULL,NULL,NULL,NULL,NULL,NULL,NULL
dbo,MillCreditMemo,6,MaterialCost,money,1,0,0,NULL,NULL,NULL,NULL,NULL,NULL,NULL
dbo,MillCreditMemo,7,LaborCost,money,1,0,0,NULL,NULL,NULL,NULL,NULL,NULL,NULL
dbo,MillCreditMemo,8,CreditPmtReceived,money,1,0,0,NULL,NULL,NULL,NULL,NULL,NULL,NULL
dbo,MillCreditMemo,9,WriteOffAmount,money,1,0,0,NULL,NULL,NULL,NULL,NULL,NULL,NULL
dbo,MillCreditMemo,10,TransactionDate,smalldatetime,1,0,0,NULL,NULL,NULL,NULL,NULL,NULL,NULL
dbo,Model,1,Id,uniqueidentifier,0,0,0,NULL,1,NULL,NULL,NULL,NULL,NULL
dbo,Model,2,Builder_Id,uniqueidentifier,0,0,0,NULL,NULL,ModelBuilderId_fk,dbo,Builder,Id,NULL
dbo,Model,3,PlanNumber,varchar(50),1,0,0,NULL,NULL,NULL,NULL,NULL,NULL,NULL
dbo,Model,4,Description,varchar(40),0,0,0,NULL,NULL,NULL,NULL,NULL,NULL,NULL
dbo,Model,5,TimeStamp,timestamp,0,0,0,NULL,NULL,NULL,NULL,NULL,NULL,NULL
dbo,Model,6,Incomplete,bit,0,0,0,NULL,NULL,NULL,NULL,NULL,NULL,NULL
dbo,ModelRoom,1,Id,uniqueidentifier,0,0,0,NULL,1,NULL,NULL,NULL,NULL,NULL
dbo,ModelRoom,2,ProjectModel_Id,uniqueidentifier,0,0,0,NULL,NULL,FK_ModelRoom_ProjectModel,dbo,ProjectModel,Id,NULL
dbo,ModelRoom,3,Room_Id,uniqueidentifier,0,0,0,NULL,NULL,FK_ModelRoom_Room,dbo,Room,Id,NULL
dbo,ModelRoom,4,Length,"numeric(8,2)",0,0,0,NULL,NULL,NULL,NULL,NULL,NULL,NULL
dbo,ModelRoom,5,Width,"numeric(8,2)",0,0,0,NULL,NULL,NULL,NULL,NULL,NULL,NULL
dbo,ModelRoom,6,SquareFootage,"numeric(8,2)",0,0,0,NULL,NULL,NULL,NULL,NULL,NULL,NULL
dbo,ModelRoom,7,Incomplete,bit,1,0,0,0,NULL,NULL,NULL,NULL,NULL,NULL
dbo,ModelRoom,8,TimeStamp,timestamp,0,0,0,NULL,NULL,NULL,NULL,NULL,NULL,NULL
dbo,ModelRoomSurface,1,Id,uniqueidentifier,0,0,0,(newid()),1,NULL,NULL,NULL,NULL,NULL
dbo,ModelRoomSurface,2,Surface_Id,uniqueidentifier,0,0,0,NULL,NULL,ModelRoomSurfaceSurfaceId,dbo,Surface,Id,NULL
dbo,ModelRoomSurface,3,ModelRoom_Id,uniqueidentifier,0,0,0,NULL,NULL,ModelRoomSurfaceModelRoomId,dbo,ModelRoom,Id,NULL
dbo,ModelRoomSurface,4,Length,"numeric(8,2)",0,0,0,NULL,NULL,NULL,NULL,NULL,NULL,NULL
dbo,ModelRoomSurface,5,Width,"numeric(8,2)",0,0,0,NULL,NULL,NULL,NULL,NULL,NULL,NULL
dbo,ModelRoomSurface,6,SquareFootage,"numeric(8,2)",0,0,0,NULL,NULL,NULL,NULL,NULL,NULL,NULL
dbo,ModelRoomSurface,7,Incomplete,bit,0,0,0,NULL,NULL,NULL,NULL,NULL,NULL,NULL
dbo,ModelRoomSurface,8,TimeStamp,timestamp,0,0,0,NULL,NULL,NULL,NULL,NULL,NULL,NULL
dbo,ModelRoomSurfaceOption,1,Id,uniqueidentifier,0,0,0,NULL,1,NULL,NULL,NULL,NULL,NULL
dbo,ModelRoomSurfaceOption,2,ModelRoomSurface_Id,uniqueidentifier,0,0,0,NULL,NULL,ModelRoomSurfaceOptionModelRoomSurfaceId_fk,dbo,ModelRoomSurface,Id,NULL
dbo,ModelRoomSurfaceOption,3,DefaultOption,bit,0,0,0,NULL,NULL,NULL,NULL,NULL,NULL,NULL
dbo,ModelRoomSurfaceOption,4,Description,varchar(40),0,0,0,NULL,NULL,NULL,NULL,NULL,NULL,NULL
dbo,ModelRoomSurfaceOption,5,Incomplete,bit,0,0,0,0,NULL,NULL,NULL,NULL,NULL,NULL
dbo,ModelRoomSurfaceOption,6,TimeStamp,timestamp,0,0,0,NULL,NULL,NULL,NULL,NULL,NULL,NULL
dbo,ModelRoomSurfaceOptionItem,1,Id,uniqueidentifier,0,0,0,(newid()),1,NULL,NULL,NULL,NULL,NULL
dbo,ModelRoomSurfaceOptionItem,2,ModelRoomSurfaceOption_Id,uniqueidentifier,0,0,0,NULL,NULL,ModelRoomSurfaceOptionItemModelRoomSurfaceOptionId_fk,dbo,ModelRoomSurfaceOption,Id,NULL
dbo,ModelRoomSurfaceOptionItem,3,ProjectItem_Id,uniqueidentifier,0,0,0,NULL,NULL,FK_ModelRoomSurfaceOptionItem_ProjectItem,dbo,ProjectItem,Id,NULL
dbo,ModelRoomSurfaceOptionItem,4,ItemNumber,int,1,0,0,NULL,NULL,NULL,NULL,NULL,NULL,NULL
dbo,ModelRoomSurfaceOptionItem,5,Length,"numeric(9,2)",1,0,0,NULL,NULL,NULL,NULL,NULL,NULL,NULL
dbo,ModelRoomSurfaceOptionItem,6,Width,"numeric(9,2)",1,0,0,NULL,NULL,NULL,NULL,NULL,NULL,NULL
dbo,ModelRoomSurfaceOptionItem,7,SquareFootage,"numeric(9,2)",1,0,0,NULL,NULL,NULL,NULL,NULL,NULL,NULL
dbo,ModelRoomSurfaceOptionItem,8,Quantity,"numeric(9,2)",0,0,0,-1,NULL,NULL,NULL,NULL,NULL,NULL
dbo,ModelRoomSurfaceOptionItem,9,QuantityUM,char(3),0,0,0,NULL,NULL,NULL,NULL,NULL,NULL,NULL
dbo,ModelRoomSurfaceOptionItem,10,InactiveDate,smalldatetime,1,0,0,NULL,NULL,NULL,NULL,NULL,NULL,NULL
dbo,ModelRoomSurfaceOptionItem,11,Incomplete,bit,0,0,0,0,NULL,NULL,NULL,NULL,NULL,NULL
dbo,ModelRoomSurfaceOptionItem,12,TimeStamp,timestamp,1,0,0,NULL,NULL,NULL,NULL,NULL,NULL,NULL
dbo,ModelRoomSurfaceOptionItem,13,Builderprice,money,0,0,0,0,NULL,NULL,NULL,NULL,NULL,NULL
dbo,ModelRoomSurfaceOptionItem,14,BuyerPrice,money,0,0,0,0,NULL,NULL,NULL,NULL,NULL,NULL
dbo,ModelRoomSurfaceOptionItem,15,PriceUM,char(3),1,0,0,NULL,NULL,NULL,NULL,NULL,NULL,NULL
dbo,ModelRoomSurfaceOptionItem,16,Cost,money,0,0,0,0,NULL,NULL,NULL,NULL,NULL,NULL
dbo,ModelRoomSurfaceOptionItem,17,CostUM,char(3),1,0,0,NULL,NULL,NULL,NULL,NULL,NULL,NULL
dbo,ModelRoomSurfaceOptionItem,18,Extended,money,0,0,0,0,NULL,NULL,NULL,NULL,NULL,NULL
dbo,ModelRoomSurfaceOptionItem,19,PriceCode,smallint,1,0,0,NULL,NULL,NULL,NULL,NULL,NULL,NULL
dbo,OptionalComments,1,Id,int,0,1,0,NULL,1,NULL,NULL,NULL,NULL,NULL
dbo,OptionalComments,2,Comment,nvarchar(150),1,0,0,NULL,NULL,NULL,NULL,NULL,NULL,NULL
dbo,OptionalComments,3,DefaultSelection,bit,1,0,0,0,NULL,NULL,NULL,NULL,NULL,NULL
dbo,OptionalComments,4,TimeStamp,timestamp,1,0,0,NULL,NULL,NULL,NULL,NULL,NULL,NULL
dbo,OptionalLaborItems,1,Id,int,0,1,0,NULL,1,NULL,NULL,NULL,NULL,NULL
dbo,OptionalLaborItems,2,Item_id,int,1,0,0,NULL,NULL,NULL,NULL,NULL,NULL,NULL
dbo,OptionalLaborItems,3,DefaultSelection,bit,1,0,0,0,NULL,NULL,NULL,NULL,NULL,NULL
dbo,OptionalLaborItems,4,Quantity,float,1,0,0,0,NULL,NULL,NULL,NULL,NULL,NULL
dbo,OptionalLaborItems,5,timestamp,timestamp,1,0,0,NULL,NULL,NULL,NULL,NULL,NULL,NULL
dbo,PayRollConfirmDetails,1,SYS_ID,int,0,1,0,NULL,1,NULL,NULL,NULL,NULL,NULL
dbo,PayRollConfirmDetails,2,ORDER_ID,int,0,0,0,NULL,NULL,NULL,NULL,NULL,NULL,NULL
dbo,PayRollConfirmDetails,3,INSTALLER_ID,int,0,0,0,NULL,NULL,NULL,NULL,NULL,NULL,NULL
dbo,PayRollConfirmDetails,4,INSTALLER_NAME,varchar(100),0,0,0,NULL,NULL,NULL,NULL,NULL,NULL,NULL
dbo,PayRollConfirmDetails,5,PAYROLL_WEEK,varchar(50),1,0,0,NULL,NULL,NULL,NULL,NULL,NULL,NULL
dbo,PayRollConfirmDetails,6,PAYROLL_FROM,date,0,0,0,NULL,NULL,NULL,NULL,NULL,NULL,NULL
dbo,PayRollConfirmDetails,7,PAYROLL_TO,date,0,0,0,NULL,NULL,NULL,NULL,NULL,NULL,NULL
dbo,PayRollConfirmDetails,8,ERROR_COUNT,int,0,0,0,NULL,NULL,NULL,NULL,NULL,NULL,NULL
dbo,PayRollConfirmDetails,9,CONFIRMED,int,0,0,0,NULL,NULL,NULL,NULL,NULL,NULL,NULL
dbo,PayRollConfirmDetails,10,CONFIRMED_FLG,int,0,0,0,NULL,NULL,NULL,NULL,NULL,NULL,NULL
dbo,PayRollConfirmDetails,11,CONFIRMED_TIME,date,1,0,0,NULL,NULL,NULL,NULL,NULL,NULL,NULL
dbo,PayRollConfirmDetails,12,SIGN_LINK,varchar(100),0,0,0,NULL,NULL,NULL,NULL,NULL,NULL,NULL
dbo,PayRollConfirmDetails,13,SIGN_CONTENT,varchar(200),0,0,0,NULL,NULL,NULL,NULL,NULL,NULL,NULL
dbo,PayRollConfirmDetails,14,NAME,varchar(50),1,0,0,NULL,NULL,NULL,NULL,NULL,NULL,NULL
dbo,PDA_RETURNS,1,PDR_ID,"decimal(18,0)",0,1,0,NULL,NULL,NULL,NULL,NULL,NULL,NULL
dbo,PDA_RETURNS,2,PDR_SALES_DETAIL_ID,int,0,0,0,NULL,NULL,NULL,NULL,NULL,NULL,NULL
dbo,PDA_RETURNS,3,PDR_UPDATE_TYPE,varchar(50),0,0,0,NULL,NULL,NULL,NULL,NULL,NULL,NULL
dbo,PDA_RETURNS,4,PDR_NEW_QTY,float,1,0,0,NULL,NULL,NULL,NULL,NULL,NULL,NULL
dbo,PDA_RETURNS,5,PDR_SALES_ORDER_NUMBER,int,0,0,0,NULL,NULL,NULL,NULL,NULL,NULL,NULL
dbo,PDA_RETURNS,6,PDR_COMPLETED_FLAG,bit,0,0,0,0,NULL,NULL,NULL,NULL,NULL,NULL
dbo,PHYSICAL_INVENTORY_REGISTER,1,PRG_COMPANY_ID,int,0,0,0,NULL,1,NULL,NULL,NULL,NULL,NULL
dbo,PHYSICAL_INVENTORY_REGISTER,2,PRG_WHSMAS_ID,int,0,0,0,NULL,2,NULL,NULL,NULL,NULL,NULL
dbo,PHYSICAL_INVENTORY_REGISTER,3,PRG_OPERATOR_ID,varchar(15),0,0,0,NULL,3,NULL,NULL,NULL,NULL,NULL
dbo,PHYSICAL_INVENTORY_REGISTER,4,PRG_CARD_NUMBER,int,0,0,0,NULL,4,NULL,NULL,NULL,NULL,NULL
dbo,PHYSICAL_INVENTORY_REGISTER,5,PRG_TRANSACTION_DATE,datetime,0,0,0,NULL,5,NULL,NULL,NULL,NULL,NULL
dbo,PHYSICAL_INVENTORY_REGISTER,6,PRG_QUANTITY_1,float,1,0,0,NULL,NULL,NULL,NULL,NULL,NULL,NULL
dbo,PHYSICAL_INVENTORY_REGISTER,7,PRG_UOM_1,varchar(3),1,0,0,NULL,NULL,NULL,NULL,NULL,NULL,NULL
dbo,PHYSICAL_INVENTORY_REGISTER,8,PRG_QUANTITY_2,float,1,0,0,NULL,NULL,NULL,NULL,NULL,NULL,NULL
dbo,PHYSICAL_INVENTORY_REGISTER,9,PRG_UOM_2,varchar(3),1,0,0,NULL,NULL,NULL,NULL,NULL,NULL,NULL
dbo,PHYSICAL_INVENTORY_REGISTER,10,PRG_QUANTITY_3,float,1,0,0,NULL,NULL,NULL,NULL,NULL,NULL,NULL
dbo,PHYSICAL_INVENTORY_REGISTER,11,PRG_UOM_3,varchar(3),1,0,0,NULL,NULL,NULL,NULL,NULL,NULL,NULL
dbo,PHYSICAL_INVENTORY_REGISTER,12,PRG_BIN_LOCATION,varchar(6),1,0,0,NULL,NULL,NULL,NULL,NULL,NULL,NULL
dbo,PHYSICAL_INVENTORY_REGISTER,13,PRG_SYSTEM_DATE,datetime,1,0,0,(getdate()),NULL,NULL,NULL,NULL,NULL,NULL
dbo,PHYSICAL_INVENTORY_UPDATE,1,PUP_COMPANY_ID,int,0,0,0,NULL,1,NULL,NULL,NULL,NULL,NULL
dbo,PHYSICAL_INVENTORY_UPDATE,2,PUP_CARD_NUMBER,int,0,0,0,NULL,2,NULL,NULL,NULL,NULL,NULL
dbo,PHYSICAL_INVENTORY_UPDATE,3,PUP_ITEM_FIRST,varchar(6),0,0,0,NULL,NULL,NULL,NULL,NULL,NULL,NULL
dbo,PHYSICAL_INVENTORY_UPDATE,4,PUP_ITEM_LAST,varchar(9),0,0,0,NULL,NULL,NULL,NULL,NULL,NULL,NULL
dbo,PHYSICAL_INVENTORY_UPDATE,5,PUP_WHSMAS_ID,int,0,0,0,NULL,NULL,NULL,NULL,NULL,NULL,NULL
dbo,PHYSICAL_INVENTORY_UPDATE,6,PUP_QUANTITY_1,float,1,0,0,NULL,NULL,NULL,NULL,NULL,NULL,NULL
dbo,PHYSICAL_INVENTORY_UPDATE,7,PUP_UOM_1,varchar(3),1,0,0,NULL,NULL,NULL,NULL,NULL,NULL,NULL
dbo,PHYSICAL_INVENTORY_UPDATE,8,PUP_QUANTITY_2,float,1,0,0,NULL,NULL,NULL,NULL,NULL,NULL,NULL
dbo,PHYSICAL_INVENTORY_UPDATE,9,PUP_UOM_2,varchar(3),1,0,0,NULL,NULL,NULL,NULL,NULL,NULL,NULL
dbo,PHYSICAL_INVENTORY_UPDATE,10,PUP_QUANTITY_3,float,1,0,0,NULL,NULL,NULL,NULL,NULL,NULL,NULL
dbo,PHYSICAL_INVENTORY_UPDATE,11,PUP_UOM_3,varchar(3),1,0,0,NULL,NULL,NULL,NULL,NULL,NULL,NULL
dbo,PHYSICAL_INVENTORY_UPDATE,12,PUP_QUANTITY_PIECES,float,1,0,0,NULL,NULL,NULL,NULL,NULL,NULL,NULL
dbo,PHYSICAL_INVENTORY_UPDATE,13,PUP_ITEM_COUNTED_FLAG,bit,0,0,0,NULL,NULL,NULL,NULL,NULL,NULL,NULL
dbo,PHYSICAL_INVENTORY_UPDATE,14,PUP_DATE_ENTERED,datetime,1,0,0,NULL,NULL,NULL,NULL,NULL,NULL,NULL
dbo,PHYSICAL_INVENTORY_UPDATE,15,PUP_OPERATOR_ID,varchar(3),1,0,0,NULL,NULL,NULL,NULL,NULL,NULL,NULL
dbo,PHYSICAL_INVENTORY_UPDATE,16,PUP_BIN_LOCATION,varchar(6),1,0,0,NULL,NULL,NULL,NULL,NULL,NULL,NULL
dbo,PHYSICAL_INVENTORY_WORK,1,PHY_COMPANY_ID,int,0,0,0,NULL,1,NULL,NULL,NULL,NULL,NULL
dbo,PHYSICAL_INVENTORY_WORK,2,PHY_WHSMAS_ID,int,0,0,0,NULL,2,NULL,NULL,NULL,NULL,NULL
dbo,PHYSICAL_INVENTORY_WORK,3,PHY_CARD_NUMBER,int,0,0,0,NULL,3,NULL,NULL,NULL,NULL,NULL
dbo,PHYSICAL_INVENTORY_WORK,4,PHY_ITEM_FIRST,varchar(6),0,0,0,NULL,NULL,NULL,NULL,NULL,NULL,NULL
dbo,PHYSICAL_INVENTORY_WORK,5,PHY_ITEM_LAST,varchar(9),0,0,0,NULL,NULL,NULL,NULL,NULL,NULL,NULL
dbo,PHYSICAL_INVENTORY_WORK,6,PHY_ITEM_ROLL_LOT,varchar(15),1,0,0,NULL,NULL,NULL,NULL,NULL,NULL,NULL
dbo,PHYSICAL_INVENTORY_WORK,7,PHY_QUANTITY_1,float,0,0,0,NULL,NULL,NULL,NULL,NULL,NULL,NULL
dbo,PHYSICAL_INVENTORY_WORK,8,PHY_UOM_1,varchar(3),1,0,0,NULL,NULL,NULL,NULL,NULL,NULL,NULL
dbo,PHYSICAL_INVENTORY_WORK,9,PHY_QUANTITY_2,float,0,0,0,NULL,NULL,NULL,NULL,NULL,NULL,NULL
dbo,PHYSICAL_INVENTORY_WORK,10,PHY_UOM_2,varchar(3),1,0,0,NULL,NULL,NULL,NULL,NULL,NULL,NULL
dbo,PHYSICAL_INVENTORY_WORK,11,PHY_QUANTITY_3,float,0,0,0,NULL,NULL,NULL,NULL,NULL,NULL,NULL
dbo,PHYSICAL_INVENTORY_WORK,12,PHY_UOM_3,varchar(3),1,0,0,NULL,NULL,NULL,NULL,NULL,NULL,NULL
dbo,PHYSICAL_INVENTORY_WORK,13,PHY_QUANTITY_PIECES,float,1,0,0,NULL,NULL,NULL,NULL,NULL,NULL,NULL
dbo,PHYSICAL_INVENTORY_WORK,14,PHY_ITEM_COUNTED_FLAG,bit,0,0,0,NULL,NULL,NULL,NULL,NULL,NULL,NULL
dbo,PHYSICAL_INVENTORY_WORK,15,PHY_DATE_ENTERED,datetime,1,0,0,NULL,NULL,NULL,NULL,NULL,NULL,NULL
dbo,PHYSICAL_INVENTORY_WORK,16,PHY_OPERATOR_ID,varchar(15),1,0,0,NULL,NULL,NULL,NULL,NULL,NULL,NULL
dbo,PHYSICAL_INVENTORY_WORK,17,PHY_BIN_LOCATION,varchar(6),1,0,0,NULL,NULL,NULL,NULL,NULL,NULL,NULL
dbo,PHYSICAL_INVENTORY_WORK,18,PHY_PROD_CLASS_CODE,varchar(10),1,0,0,NULL,NULL,NULL,NULL,NULL,NULL,NULL
dbo,PHYSICAL_INVENTORY_WORK,19,PHY_REMNANT_LENGTH,float,1,0,0,NULL,NULL,NULL,NULL,NULL,NULL,NULL
dbo,PHYSICAL_INVENTORY_WORK,20,PHY_REMNANT_WIDTH,float,1,0,0,NULL,NULL,NULL,NULL,NULL,NULL,NULL
dbo,PHYSICAL_INVENTORY_WORK,21,PHY_DATE_PRINTED,datetime,1,0,0,NULL,NULL,NULL,NULL,NULL,NULL,NULL
dbo,PickingMaterialStatus,1,Id,smallint,0,1,0,NULL,1,NULL,NULL,NULL,NULL,NULL
dbo,PickingMaterialStatus,2,Description,varchar(50),1,0,0,NULL,NULL,NULL,NULL,NULL,NULL,NULL
dbo,PO_STATUS_DEFINITION,1,PSD_COMPANY_ID,int,0,0,0,NULL,1,NULL,NULL,NULL,NULL,NULL
dbo,PO_STATUS_DEFINITION,2,PSD_STATUS_NAME,varchar(45),0,0,0,NULL,2,NULL,NULL,NULL,NULL,NULL
dbo,PO_STATUS_DEFINITION,3,PSD_CREATE_INVENTORY,bit,0,0,0,NULL,NULL,NULL,NULL,NULL,NULL,NULL
dbo,PO_STATUS_DEFINITION,4,PSD_STATUS_ID,int,0,1,0,NULL,NULL,NULL,NULL,NULL,NULL,NULL
dbo,Price_Code_Comments,1,PCC_ID,int,0,1,0,NULL,1,NULL,NULL,NULL,NULL,NULL
dbo,Price_Code_Comments,2,PCC_PRICE_CODE_ID,int,0,0,0,NULL,NULL,NULL,NULL,NULL,NULL,NULL
dbo,Price_Code_Comments,3,PCC_DESCRIPTION,varchar(50),1,0,0,NULL,NULL,NULL,NULL,NULL,NULL,NULL
dbo,Price_Code_Comments,4,PCC_COMMENT,text,1,0,0,NULL,NULL,NULL,NULL,NULL,NULL,NULL
dbo,Price_Code_Comments,5,PCC_DEFAULT_SELECTION,bit,1,0,0,NULL,NULL,NULL,NULL,NULL,NULL,NULL
dbo,Price_Code_Comments,6,PCC_PRINT_LOCATION,int,1,0,0,NULL,NULL,NULL,NULL,NULL,NULL,NULL
dbo,PRICE_CODES,1,IPC_COMPANY_ID,int,0,0,0,NULL,1,NULL,NULL,NULL,NULL,NULL
dbo,PRICE_CODES,2,IPC_PRICE_CODE,int,0,0,0,NULL,2,NULL,NULL,NULL,NULL,NULL
dbo,PRICE_CODES,3,IPC_DESCRIPTION,varchar(15),1,0,0,NULL,NULL,NULL,NULL,NULL,NULL,NULL
dbo,PRICE_CODES,4,IPC_COMMISSION_PERCENT,float,1,0,0,NULL,NULL,NULL,NULL,NULL,NULL,NULL
dbo,PRICE_CODES,5,IPC_REBATE,bit,1,0,0,0,NULL,NULL,NULL,NULL,NULL,NULL
dbo,PRICE_CODES,6,Id,int,0,1,0,NULL,NULL,NULL,NULL,NULL,NULL,NULL
dbo,PRICE_CODES,7,IPC_RESTRICTED,bit,0,0,0,((0)),NULL,NULL,NULL,NULL,NULL,NULL
dbo,PriceChangeMethod,1,Id,int,0,0,0,NULL,1,NULL,NULL,NULL,NULL,NULL
dbo,PriceChangeMethod,2,Description,varchar(50),0,0,0,NULL,NULL,NULL,NULL,NULL,NULL,NULL
dbo,PriceChangeMethod,3,Code,char(10),0,0,0,NULL,NULL,NULL,NULL,NULL,NULL,NULL
dbo,PriceChangeMethod,4,InactiveDate,smalldatetime,1,0,0,NULL,NULL,NULL,NULL,NULL,NULL,NULL
dbo,PriceChangeMethod,5,TimeStamp,timestamp,0,0,0,NULL,NULL,NULL,NULL,NULL,NULL,NULL
dbo,PriceChangeOption,1,Id,int,0,0,0,NULL,1,NULL,NULL,NULL,NULL,NULL
dbo,PriceChangeOption,2,Description,varchar(50),0,0,0,NULL,NULL,NULL,NULL,NULL,NULL,NULL
dbo,PriceChangeOption,3,Code,char(10),0,0,0,NULL,NULL,NULL,NULL,NULL,NULL,NULL
dbo,PriceChangeOption,4,InactiveDate,smalldatetime,1,0,0,NULL,NULL,NULL,NULL,NULL,NULL,NULL
dbo,PriceChangeOption,5,TimeStamp,timestamp,0,0,0,NULL,NULL,NULL,NULL,NULL,NULL,NULL
dbo,PRINT_COMMENTS_ON,1,PCO_DESCRIPTION,varchar(30),1,0,0,NULL,NULL,NULL,NULL,NULL,NULL,NULL
dbo,PRINT_COMMENTS_ON,2,PCO_ID,int,0,1,0,NULL,NULL,NULL,NULL,NULL,NULL,NULL
dbo,PRODUCT_CLASS,1,PCL_COMPANY_ID,int,0,0,0,NULL,1,NULL,NULL,NULL,NULL,NULL
dbo,PRODUCT_CLASS,2,PCL_CLASS_CODE,varchar(10),0,0,0,NULL,2,NULL,NULL,NULL,NULL,NULL
dbo,PRODUCT_CLASS,3,PCL_CLASS_DESCRIPTION,varchar(30),1,0,0,NULL,NULL,NULL,NULL,NULL,NULL,NULL
dbo,PRODUCT_CLASS,4,PCL_BUNDLING_TYPE_CODE,varchar(13),1,0,0,NULL,NULL,NULL,NULL,NULL,NULL,NULL
dbo,PRODUCT_CLASS,5,PCL_PCLMAS_ID,int,0,1,0,NULL,NULL,NULL,NULL,NULL,NULL,NULL
dbo,PRODUCT_CLASS,6,PCL_GL_SALES_ACCOUNT,int,1,0,0,NULL,NULL,NULL,NULL,NULL,NULL,NULL
dbo,PRODUCT_CLASS,7,PCL_DEFAULT_SELLING_UM,varchar(2),1,0,0,NULL,NULL,NULL,NULL,NULL,NULL,NULL
dbo,PRODUCT_CLASS,8,PCL_DEFAULT_PRICE_UM,varchar(2),1,0,0,NULL,NULL,NULL,NULL,NULL,NULL,NULL
dbo,PRODUCT_CLASS,9,PCL_DEFAULT_STOCK_UM,varchar(2),1,0,0,NULL,NULL,NULL,NULL,NULL,NULL,NULL
dbo,PRODUCT_CLASS,10,PCL_DEFAULT_LOTS_ROLLS,bit,1,0,0,NULL,NULL,NULL,NULL,NULL,NULL,NULL
dbo,PRODUCT_CLASS,11,PCL_WASTE_PERCENTAGE,real,1,0,0,NULL,NULL,NULL,NULL,NULL,NULL,NULL
dbo,PRODUCT_CLASS,12,ItemTypeId,int,1,0,0,NULL,NULL,NULL,NULL,NULL,NULL,NULL
dbo,PRODUCT_CLASS,13,PCL_IS_CARPET,bit,1,0,0,NULL,NULL,NULL,NULL,NULL,NULL,NULL
dbo,PROGRAM_EVENTS,1,EVT_EVENT_ID,int,0,1,0,NULL,1,NULL,NULL,NULL,NULL,NULL
dbo,PROGRAM_EVENTS,2,EVT_DESCRIPTION,varchar(100),0,0,0,NULL,NULL,NULL,NULL,NULL,NULL,NULL
dbo,PROGRAM_EVENTS,3,EVT_NOTIFY_BY_DEFAULT,bit,0,0,0,NULL,NULL,NULL,NULL,NULL,NULL,NULL
dbo,Project,1,Id,uniqueidentifier,0,0,0,NULL,1,NULL,NULL,NULL,NULL,NULL
dbo,Project,2,Builder_Id,uniqueidentifier,0,0,0,NULL,NULL,ProjectBuilderId_fk,dbo,Builder,Id,NULL
dbo,Project,3,Description,varchar(40),0,0,0,NULL,NULL,NULL,NULL,NULL,NULL,NULL
dbo,Project,4,City,varchar(40),1,0,0,NULL,NULL,NULL,NULL,NULL,NULL,NULL
dbo,Project,5,County,varchar(40),1,0,0,NULL,NULL,NULL,NULL,NULL,NULL,NULL
dbo,Project,6,State,varchar(10),1,0,0,NULL,NULL,NULL,NULL,NULL,NULL,NULL
dbo,Project,7,Zip,varchar(5),1,0,0,NULL,NULL,NULL,NULL,NULL,NULL,NULL
dbo,Project,8,PriceChangeOption_Id,int,0,0,0,NULL,NULL,ProjectPriceChangeOptionId_fk,dbo,PriceChangeOption,Id,NULL
dbo,Project,9,PriceChangeDate,smalldatetime,1,0,0,NULL,NULL,NULL,NULL,NULL,NULL,NULL
dbo,Project,10,PriceChangeMethod_Id,int,0,0,0,NULL,NULL,ProjectPriceChangeMethodId_fk,dbo,PriceChangeMethod,Id,NULL
dbo,Project,11,PriceChangeAmount,"decimal(8,2)",0,0,0,NULL,NULL,NULL,NULL,NULL,NULL,NULL
dbo,Project,12,PriceUpdatedDate,smalldatetime,1,0,0,NULL,NULL,NULL,NULL,NULL,NULL,NULL
dbo,Project,13,UpgradeCommission,"decimal(5,2)",0,0,0,NULL,NULL,NULL,NULL,NULL,NULL,NULL
dbo,Project,14,Incomplete,bit,0,0,0,NULL,NULL,NULL,NULL,NULL,NULL,NULL
dbo,Project,15,TimeStamp,timestamp,0,0,0,NULL,NULL,NULL,NULL,NULL,NULL,NULL
dbo,Project,16,Comment,varchar(2000),1,0,0,NULL,NULL,NULL,NULL,NULL,NULL,NULL
dbo,ProjectContact,1,Id,uniqueidentifier,0,0,0,NULL,1,NULL,NULL,NULL,NULL,NULL
dbo,ProjectContact,2,Project_Id,uniqueidentifier,0,0,0,NULL,NULL,ProjectContactProjectId_fk,dbo,Project,Id,NULL
dbo,ProjectContact,3,Title,varchar(40),0,0,0,NULL,NULL,NULL,NULL,NULL,NULL,NULL
dbo,ProjectContact,4,Name,varchar(40),0,0,0,NULL,NULL,NULL,NULL,NULL,NULL,NULL
dbo,ProjectContact,5,ContactType,char(10),0,0,0,NULL,NULL,NULL,NULL,NULL,NULL,NULL
dbo,ProjectContact,6,ContactString,varchar(40),0,0,0,NULL,NULL,NULL,NULL,NULL,NULL,NULL
dbo,ProjectContact,7,Comment,varchar(1000),1,0,0,NULL,NULL,NULL,NULL,NULL,NULL,NULL
dbo,ProjectContact,8,InactiveDate,smalldatetime,1,0,0,NULL,NULL,NULL,NULL,NULL,NULL,NULL
dbo,ProjectContact,9,TimeStamp,timestamp,0,0,0,NULL,NULL,NULL,NULL,NULL,NULL,NULL
dbo,ProjectContact,10,IncludeinQuote,bit,0,0,0,NULL,NULL,NULL,NULL,NULL,NULL,NULL
dbo,ProjectItem,1,Id,uniqueidentifier,0,0,0,NULL,1,NULL,NULL,NULL,NULL,NULL
dbo,ProjectItem,2,Project_Id,uniqueidentifier,0,0,0,NULL,NULL,ProjectItemProjectId_fk,dbo,Project,Id,NULL
dbo,ProjectItem,3,ItemMaster_Id,uniqueidentifier,0,0,0,NULL,NULL,ProjectItemItemId_fk,dbo,ITEM_MASTER,Id,NULL
dbo,ProjectItem,4,Price,smallmoney,0,0,0,NULL,NULL,NULL,NULL,NULL,NULL,NULL
dbo,ProjectItem,5,InactiveDate,smalldatetime,1,0,0,NULL,NULL,NULL,NULL,NULL,NULL,NULL
dbo,ProjectItem,6,TimeStamp,timestamp,0,0,0,NULL,NULL,NULL,NULL,NULL,NULL,NULL
dbo,ProjectModel,1,Id,uniqueidentifier,0,0,0,NULL,1,NULL,NULL,NULL,NULL,NULL
dbo,ProjectModel,2,Project_Id,uniqueidentifier,0,0,0,NULL,NULL,ProjectModelProjectId_fk,dbo,Project,Id,NULL
dbo,ProjectModel,3,Model_Id,uniqueidentifier,0,0,0,NULL,NULL,ProjectModelModelId_fk,dbo,Model,Id,NULL
dbo,ProjectModel,4,TimeStamp,timestamp,0,0,0,NULL,NULL,NULL,NULL,NULL,NULL,NULL
dbo,ProjectModel,5,QModelRoom_Id,uniqueidentifier,1,0,0,NULL,NULL,NULL,NULL,NULL,NULL,NULL
dbo,PURCHASE_ORDER_DETAIL,1,PDT_COMPANY_ID,int,0,0,0,NULL,NULL,NULL,NULL,NULL,NULL,NULL
dbo,PURCHASE_ORDER_DETAIL,2,PDT_WHSMAS_ID,int,0,0,0,NULL,NULL,NULL,NULL,NULL,NULL,NULL
dbo,PURCHASE_ORDER_DETAIL,3,PDT_PUROHD_ID,int,0,0,0,NULL,NULL,NULL,NULL,NULL,NULL,NULL
dbo,PURCHASE_ORDER_DETAIL,4,PDT_LINE_NUMBER,int,0,0,0,NULL,NULL,NULL,NULL,NULL,NULL,NULL
dbo,PURCHASE_ORDER_DETAIL,5,PDT_DISPLAY_LINE,int,1,0,0,NULL,NULL,NULL,NULL,NULL,NULL,NULL
dbo,PURCHASE_ORDER_DETAIL,6,PDT_LINE_TYPE,int,1,0,0,NULL,NULL,NULL,NULL,NULL,NULL,NULL
dbo,PURCHASE_ORDER_DETAIL,7,PDT_ITEM_FIRST,varchar(6),1,0,0,NULL,NULL,NULL,NULL,NULL,NULL,NULL
dbo,PURCHASE_ORDER_DETAIL,8,PDT_ITEM_LAST,varchar(9),1,0,0,NULL,NULL,NULL,NULL,NULL,NULL,NULL
dbo,PURCHASE_ORDER_DETAIL,9,PDT_ITEM_ROLL_LOT,varchar(15),1,0,0,NULL,NULL,NULL,NULL,NULL,NULL,NULL
dbo,PURCHASE_ORDER_DETAIL,10,PDT_ITEM_DYE_LOT,varchar(15),1,0,0,NULL,NULL,NULL,NULL,NULL,NULL,NULL
dbo,PURCHASE_ORDER_DETAIL,11,PDT_VENDOR_ITEM,varchar(25),1,0,0,NULL,NULL,NULL,NULL,NULL,NULL,NULL
dbo,PURCHASE_ORDER_DETAIL,12,PDT_VENDOR_DESCRIPTION,varchar(63),1,0,0,NULL,NULL,NULL,NULL,NULL,NULL,NULL
dbo,PURCHASE_ORDER_DETAIL,13,PDT_ORDER_QTY_ORDER,float,1,0,0,NULL,NULL,NULL,NULL,NULL,NULL,NULL
dbo,PURCHASE_ORDER_DETAIL,14,PDT_ORDER_QTY_STOCK,float,1,0,0,NULL,NULL,NULL,NULL,NULL,NULL,NULL
dbo,PURCHASE_ORDER_DETAIL,15,PDT_ORDER_QTY_COST,float,1,0,0,NULL,NULL,NULL,NULL,NULL,NULL,NULL
dbo,PURCHASE_ORDER_DETAIL,16,PDT_RECEIVED_QTY_ORDER,float,1,0,0,NULL,NULL,NULL,NULL,NULL,NULL,NULL
dbo,PURCHASE_ORDER_DETAIL,17,PDT_RECEIVED_QTY_STOCK,float,1,0,0,NULL,NULL,NULL,NULL,NULL,NULL,NULL
dbo,PURCHASE_ORDER_DETAIL,18,PDT_RECEIVED_QTY_COST,float,1,0,0,NULL,NULL,NULL,NULL,NULL,NULL,NULL
dbo,PURCHASE_ORDER_DETAIL,19,PDT_REMAINING_QTY_ORDER,float,1,0,0,NULL,NULL,NULL,NULL,NULL,NULL,NULL
dbo,PURCHASE_ORDER_DETAIL,20,PDT_REMAINING_QTY_STOCK,float,1,0,0,NULL,NULL,NULL,NULL,NULL,NULL,NULL
dbo,PURCHASE_ORDER_DETAIL,21,PDT_REMAINING_QTY_COST,float,1,0,0,NULL,NULL,NULL,NULL,NULL,NULL,NULL
dbo,PURCHASE_ORDER_DETAIL,22,PDT_ORDER_UOM,varchar(3),1,0,0,NULL,NULL,NULL,NULL,NULL,NULL,NULL
dbo,PURCHASE_ORDER_DETAIL,23,PDT_STOCK_UOM,varchar(3),1,0,0,NULL,NULL,NULL,NULL,NULL,NULL,NULL
dbo,PURCHASE_ORDER_DETAIL,24,PDT_COST_UOM,varchar(3),1,0,0,NULL,NULL,NULL,NULL,NULL,NULL,NULL
dbo,PURCHASE_ORDER_DETAIL,25,PDT_UNIT_COST,float,1,0,0,NULL,NULL,NULL,NULL,NULL,NULL,NULL
dbo,PURCHASE_ORDER_DETAIL,26,PDT_EXTENDED_COST,float,1,0,0,NULL,NULL,NULL,NULL,NULL,NULL,NULL
dbo,PURCHASE_ORDER_DETAIL,27,PDT_PO_PRINTED,int,1,0,0,NULL,NULL,NULL,NULL,NULL,NULL,NULL
dbo,PURCHASE_ORDER_DETAIL,28,PDT_PO_REGISTER_FLAG,bit,0,0,0,NULL,NULL,NULL,NULL,NULL,NULL,NULL
dbo,PURCHASE_ORDER_DETAIL,29,PDT_REVISED_PO_FLAG,bit,0,0,0,NULL,NULL,NULL,NULL,NULL,NULL,NULL
dbo,PURCHASE_ORDER_DETAIL,30,PDT_DATE_WANTED,datetime,1,0,0,NULL,NULL,NULL,NULL,NULL,NULL,NULL
dbo,PURCHASE_ORDER_DETAIL,31,PDT_DATE_ETA,datetime,1,0,0,NULL,NULL,NULL,NULL,NULL,NULL,NULL
dbo,PURCHASE_ORDER_DETAIL,32,PDT_REFERENCE_NUMBER,varchar(10),1,0,0,NULL,NULL,NULL,NULL,NULL,NULL,NULL
dbo,PURCHASE_ORDER_DETAIL,33,PDT_ASN_INTERFACE_FLAG,bit,0,0,0,NULL,NULL,NULL,NULL,NULL,NULL,NULL
dbo,PURCHASE_ORDER_DETAIL,34,PDT_INVOICE_QUANTITY,float,1,0,0,NULL,NULL,NULL,NULL,NULL,NULL,NULL
dbo,PURCHASE_ORDER_DETAIL,35,PDT_SALES_ORDER_NUMBER,int,1,0,0,NULL,NULL,NULL,NULL,NULL,NULL,NULL
dbo,PURCHASE_ORDER_DETAIL,36,PDT_SALES_ORDER_LINE,int,1,0,0,NULL,NULL,NULL,NULL,NULL,NULL,NULL
dbo,PURCHASE_ORDER_DETAIL,38,PDT_BINDING_REQUIRED,bit,0,0,0,NULL,NULL,NULL,NULL,NULL,NULL,NULL
dbo,PURCHASE_ORDER_DETAIL,39,PDT_REPLACEMENT,bit,0,0,0,NULL,NULL,NULL,NULL,NULL,NULL,NULL
dbo,PURCHASE_ORDER_DETAIL,40,PDT_ADVERTISING_CODE,varchar(2),1,0,0,NULL,NULL,NULL,NULL,NULL,NULL,NULL
dbo,PURCHASE_ORDER_DETAIL,41,PDT_GL_PURCHASE_ACCOUNT,int,1,0,0,NULL,NULL,NULL,NULL,NULL,NULL,NULL
dbo,PURCHASE_ORDER_DETAIL,42,PDT_DESCRIPTION,varchar(60),1,0,0,NULL,NULL,NULL,NULL,NULL,NULL,NULL
dbo,PURCHASE_ORDER_DETAIL,43,PDT_CHARGE_DESCRIPTION,varchar(60),1,0,0,NULL,NULL,NULL,NULL,NULL,NULL,NULL
dbo,PURCHASE_ORDER_DETAIL,44,PDT_CHARGE_AMOUNT,float,1,0,0,NULL,NULL,NULL,NULL,NULL,NULL,NULL
dbo,PURCHASE_ORDER_DETAIL,45,PDT_COMMENTS,text,1,0,0,NULL,NULL,NULL,NULL,NULL,NULL,NULL
dbo,PURCHASE_ORDER_DETAIL,46,PDT_FREIGHT_AMT_ITEM,float,1,0,0,NULL,NULL,NULL,NULL,NULL,NULL,NULL
dbo,PURCHASE_ORDER_DETAIL,47,PDT_FREIGHT_AMT_ITEM_APPLIED,float,1,0,0,NULL,NULL,NULL,NULL,NULL,NULL,NULL
dbo,PURCHASE_ORDER_DETAIL,48,PDT_FREIGHT_AMT_APPLIED,float,1,0,0,NULL,NULL,NULL,NULL,NULL,NULL,NULL
dbo,PURCHASE_ORDER_DETAIL,49,PDT_OTHER_CHARGE_AMT_APPLIED,float,1,0,0,NULL,NULL,NULL,NULL,NULL,NULL,NULL
dbo,PURCHASE_ORDER_DETAIL,50,PDT_LINE_STATUS,int,1,0,0,NULL,NULL,NULL,NULL,NULL,NULL,NULL
dbo,PURCHASE_ORDER_DETAIL,51,PDT_RECORD_NUMBER,int,0,1,0,NULL,1,NULL,NULL,NULL,NULL,NULL
dbo,PURCHASE_ORDER_DETAIL,52,pdt_print_comments,bit,0,0,0,NULL,NULL,NULL,NULL,NULL,NULL,NULL
dbo,PURCHASE_ORDER_DETAIL,53,PDT_MAXIMUM_ROLL_LENGTH,float,1,0,0,NULL,NULL,NULL,NULL,NULL,NULL,NULL
dbo,PURCHASE_ORDER_DETAIL,54,PDT_GROUP,smallint,1,0,0,NULL,NULL,NULL,NULL,NULL,NULL,NULL
dbo,PURCHASE_ORDER_DETAIL,55,PDT_ROLL_ORDER,bit,1,0,0,NULL,NULL,NULL,NULL,NULL,NULL,NULL
dbo,PURCHASE_ORDER_DETAIL,56,PDT_RESERVATION_NUMBER,varchar(48),1,0,0,NULL,NULL,NULL,NULL,NULL,NULL,NULL
dbo,PURCHASE_ORDER_DETAIL,57,PDT_SENTT0_QUICKBOOKSYN,bit,1,0,0,0,NULL,NULL,NULL,NULL,NULL,NULL
dbo,PURCHASE_ORDER_DETAIL,58,PDT_CLASSIFICATION,varchar(2),1,0,0,NULL,NULL,NULL,NULL,NULL,NULL,NULL
dbo,PURCHASE_ORDER_HEADER,1,POH_COMPANY_ID,int,0,0,0,NULL,1,NULL,NULL,NULL,NULL,NULL
dbo,PURCHASE_ORDER_HEADER,2,POH_WHSMAS_ID,int,0,0,0,NULL,2,NULL,NULL,NULL,NULL,NULL
dbo,PURCHASE_ORDER_HEADER,3,POH_NUMBER,int,0,0,0,NULL,3,NULL,NULL,NULL,NULL,NULL
dbo,PURCHASE_ORDER_HEADER,4,POH_DATE_ENTERED,datetime,1,0,0,NULL,NULL,NULL,NULL,NULL,NULL,NULL
dbo,PURCHASE_ORDER_HEADER,5,POH_DATE_WANTED,datetime,1,0,0,NULL,NULL,NULL,NULL,NULL,NULL,NULL
dbo,PURCHASE_ORDER_HEADER,6,POH_VENDOR_NUMBER,varchar(7),1,0,0,NULL,NULL,NULL,NULL,NULL,NULL,NULL
dbo,PURCHASE_ORDER_HEADER,7,POH_SHIP_VIA,varchar(15),1,0,0,NULL,NULL,NULL,NULL,NULL,NULL,NULL
dbo,PURCHASE_ORDER_HEADER,8,POH_FOB,varchar(20),1,0,0,NULL,NULL,NULL,NULL,NULL,NULL,NULL
dbo,PURCHASE_ORDER_HEADER,9,POH_SHIP_TO_NAME,varchar(30),1,0,0,NULL,NULL,NULL,NULL,NULL,NULL,NULL
dbo,PURCHASE_ORDER_HEADER,10,POH_SHIP_TO_ADDRESS_1,varchar(30),1,0,0,NULL,NULL,NULL,NULL,NULL,NULL,NULL
dbo,PURCHASE_ORDER_HEADER,11,POH_SHIP_TO_ADDRESS_2,varchar(30),1,0,0,NULL,NULL,NULL,NULL,NULL,NULL,NULL
dbo,PURCHASE_ORDER_HEADER,12,POH_SHIP_TO_ADDRESS_3,varchar(30),1,0,0,NULL,NULL,NULL,NULL,NULL,NULL,NULL
dbo,PURCHASE_ORDER_HEADER,13,POH_CITY,varchar(30),1,0,0,NULL,NULL,NULL,NULL,NULL,NULL,NULL
dbo,PURCHASE_ORDER_HEADER,14,POH_STATE,varchar(2),1,0,0,NULL,NULL,NULL,NULL,NULL,NULL,NULL
dbo,PURCHASE_ORDER_HEADER,15,POH_ZIP,varchar(10),1,0,0,NULL,NULL,NULL,NULL,NULL,NULL,NULL
dbo,PURCHASE_ORDER_HEADER,16,POH_DATE_CONFIRMED,datetime,1,0,0,NULL,NULL,NULL,NULL,NULL,NULL,NULL
dbo,PURCHASE_ORDER_HEADER,17,POH_DATE_SHIPPED,datetime,1,0,0,NULL,NULL,NULL,NULL,NULL,NULL,NULL
dbo,PURCHASE_ORDER_HEADER,18,POH_TRACK_NUMBER,varchar(10),1,0,0,NULL,NULL,NULL,NULL,NULL,NULL,NULL
dbo,PURCHASE_ORDER_HEADER,19,POH_AUTHORIZED_FLAG,varchar(1),1,0,0,NULL,NULL,NULL,NULL,NULL,NULL,NULL
dbo,PURCHASE_ORDER_HEADER,20,POH_DATE_AUTHORIZED,datetime,1,0,0,NULL,NULL,NULL,NULL,NULL,NULL,NULL
dbo,PURCHASE_ORDER_HEADER,21,POH_REVISED_PO_FLAG,bit,0,0,0,NULL,NULL,NULL,NULL,NULL,NULL,NULL
dbo,PURCHASE_ORDER_HEADER,22,POH_CUSTOMER_NUMBER,varchar(10),1,0,0,NULL,NULL,NULL,NULL,NULL,NULL,NULL
dbo,PURCHASE_ORDER_HEADER,23,POH_SALES_ORDER_NUMBER,varchar(20),1,0,0,NULL,NULL,NULL,NULL,NULL,NULL,NULL
dbo,PURCHASE_ORDER_HEADER,24,POH_FREIGHT_AMOUNT,float,1,0,0,NULL,NULL,NULL,NULL,NULL,NULL,NULL
dbo,PURCHASE_ORDER_HEADER,25,POH_POHFIL_ID,int,0,1,0,NULL,NULL,NULL,NULL,NULL,NULL,NULL
dbo,PURCHASE_ORDER_HEADER,26,POH_RECEIVING_WAREHOUSE,int,1,0,0,NULL,NULL,NULL,NULL,NULL,NULL,NULL
dbo,PURCHASE_ORDER_HEADER,27,POH_B2BSEND,bit,1,0,0,NULL,NULL,NULL,NULL,NULL,NULL,NULL
dbo,PURCHASE_ORDER_HEADER,28,POH_SHIP_TO_PHONE,varchar(50),1,0,0,NULL,NULL,NULL,NULL,NULL,NULL,NULL
dbo,PURCHASE_ORDER_RECEIVED,1,POR_COMPANY_ID,int,0,0,0,NULL,NULL,NULL,NULL,NULL,NULL,NULL
dbo,PURCHASE_ORDER_RECEIVED,2,POR_WHSMAS_ID,int,0,0,0,NULL,NULL,NULL,NULL,NULL,NULL,NULL
dbo,PURCHASE_ORDER_RECEIVED,3,POR_PURCHASE_ORDER_NUMBER,int,0,0,0,NULL,NULL,NULL,NULL,NULL,NULL,NULL
dbo,PURCHASE_ORDER_RECEIVED,4,POR_PURCHASE_ORDER_LINE_NO,int,0,0,0,NULL,NULL,NULL,NULL,NULL,NULL,NULL
dbo,PURCHASE_ORDER_RECEIVED,5,POR_DATE_RECEIVED,datetime,0,0,0,NULL,NULL,NULL,NULL,NULL,NULL,NULL
dbo,PURCHASE_ORDER_RECEIVED,6,POR_SALESMAN_NUMBER,varchar(6),1,0,0,NULL,NULL,NULL,NULL,NULL,NULL,NULL
dbo,PURCHASE_ORDER_RECEIVED,7,POR_VENDOR_NUMBER,varchar(7),1,0,0,NULL,NULL,NULL,NULL,NULL,NULL,NULL
dbo,PURCHASE_ORDER_RECEIVED,8,POR_ID_FIRST,varchar(6),1,0,0,NULL,NULL,NULL,NULL,NULL,NULL,NULL
dbo,PURCHASE_ORDER_RECEIVED,9,POR_ID_LAST,varchar(9),1,0,0,NULL,NULL,NULL,NULL,NULL,NULL,NULL
dbo,PURCHASE_ORDER_RECEIVED,10,POR_ITEM_ROLL_LOT,varchar(15),1,0,0,NULL,NULL,NULL,NULL,NULL,NULL,NULL
dbo,PURCHASE_ORDER_RECEIVED,11,POR_BIN_LOCATION,varchar(6),1,0,0,NULL,NULL,NULL,NULL,NULL,NULL,NULL
dbo,PURCHASE_ORDER_RECEIVED,12,POR_SALES_ORDER_NUMBER,int,1,0,0,NULL,NULL,NULL,NULL,NULL,NULL,NULL
dbo,PURCHASE_ORDER_RECEIVED,13,POR_SALES_ORDER_LINE_NO,int,1,0,0,NULL,NULL,NULL,NULL,NULL,NULL,NULL
dbo,PURCHASE_ORDER_RECEIVED,14,POR_CUSTOMER_NUMBER,int,1,0,0,NULL,NULL,NULL,NULL,NULL,NULL,NULL
dbo,PURCHASE_ORDER_RECEIVED,15,POR_QUANTITY_ORDERED,float,1,0,0,NULL,NULL,NULL,NULL,NULL,NULL,NULL
dbo,PURCHASE_ORDER_RECEIVED,16,POR_QUANTITY_RECEIVED,float,1,0,0,NULL,NULL,NULL,NULL,NULL,NULL,NULL
dbo,PURCHASE_ORDER_RECEIVED,17,POR_QUANTITY_UOM,varchar(3),1,0,0,NULL,NULL,NULL,NULL,NULL,NULL,NULL
dbo,PURCHASE_ORDER_RECEIVED,18,POR_UNIT_COST,float,1,0,0,NULL,NULL,NULL,NULL,NULL,NULL,NULL
dbo,PURCHASE_ORDER_RECEIVED,19,POR_COST_UOM,varchar(3),1,0,0,NULL,NULL,NULL,NULL,NULL,NULL,NULL
dbo,PURCHASE_ORDER_RECEIVED,20,POR_EXTENDED_COST,"numeric(13,4)",1,0,0,NULL,NULL,NULL,NULL,NULL,NULL,NULL
dbo,PURCHASE_ORDER_RECEIVED,21,POR_NEW_UNIT_COST,"numeric(13,4)",1,0,0,NULL,NULL,NULL,NULL,NULL,NULL,NULL
dbo,PURCHASE_ORDER_RECEIVED,22,POR_NEW_EXTENDED_COST,"numeric(13,4)",1,0,0,NULL,NULL,NULL,NULL,NULL,NULL,NULL
dbo,PURCHASE_ORDER_RECEIVED,23,POR_FREIGHT_COST,"numeric(13,4)",1,0,0,NULL,NULL,NULL,NULL,NULL,NULL,NULL
dbo,PURCHASE_ORDER_RECEIVED,24,POR_NEW_FREIGHT_COST,"numeric(13,4)",1,0,0,NULL,NULL,NULL,NULL,NULL,NULL,NULL
dbo,PURCHASE_ORDER_RECEIVED,25,POR_OTHER_CHARGES,"numeric(13,4)",1,0,0,NULL,NULL,NULL,NULL,NULL,NULL,NULL
dbo,PURCHASE_ORDER_RECEIVED,26,POR_NEW_OTHER_CHARGES,"numeric(13,4)",1,0,0,NULL,NULL,NULL,NULL,NULL,NULL,NULL
dbo,PURCHASE_ORDER_RECEIVED,27,POR_TAX_AMOUNT,"numeric(10,4)",1,0,0,NULL,NULL,NULL,NULL,NULL,NULL,NULL
dbo,PURCHASE_ORDER_RECEIVED,28,POR_REMNANT_LENGTH,float,1,0,0,NULL,NULL,NULL,NULL,NULL,NULL,NULL
dbo,PURCHASE_ORDER_RECEIVED,29,POR_REMNANT_WIDTH,float,1,0,0,NULL,NULL,NULL,NULL,NULL,NULL,NULL
dbo,PURCHASE_ORDER_RECEIVED,30,POR_INVOICE_NUMBER,varchar(20),1,0,0,NULL,NULL,NULL,NULL,NULL,NULL,NULL
dbo,PURCHASE_ORDER_RECEIVED,31,POR_VENDOR_ITEM,varchar(25),1,0,0,NULL,NULL,NULL,NULL,NULL,NULL,NULL
dbo,PURCHASE_ORDER_RECEIVED,32,POR_BOL_NUMBER,varchar(10),1,0,0,NULL,NULL,NULL,NULL,NULL,NULL,NULL
dbo,PURCHASE_ORDER_RECEIVED,33,POR_GL_SALES_ACCOUNT,int,1,0,0,NULL,NULL,NULL,NULL,NULL,NULL,NULL
dbo,PURCHASE_ORDER_RECEIVED,34,Id,int,0,1,0,NULL,NULL,NULL,NULL,NULL,NULL,NULL
dbo,PURCHASE_ORDER_RECEIVED,35,POR_EXTENDED_COST_CHANGED,bit,1,0,0,NULL,NULL,NULL,NULL,NULL,NULL,NULL
dbo,PURCHASE_ORDER_RECEIVED,36,POR_QUANTITY_RECEIVED_PIECES,real,1,0,0,NULL,NULL,NULL,NULL,NULL,NULL,NULL
dbo,PURCHASE_ORDER_RECEIVED,37,por_gst_amount,"numeric(10,4)",1,0,0,NULL,NULL,NULL,NULL,NULL,NULL,NULL
dbo,PurchaseOrderReceiptsSOLinked,1,ID,int,0,1,0,NULL,NULL,NULL,NULL,NULL,NULL,NULL
dbo,PurchaseOrderReceiptsSOLinked,2,PurchaseOrderReceivedID,int,0,0,0,NULL,NULL,NULL,NULL,NULL,NULL,NULL
dbo,PurchaseOrderReceiptsSOLinked,3,SalesOrderNumber,int,0,0,0,NULL,NULL,NULL,NULL,NULL,NULL,NULL
dbo,PurchaseOrderReceiptsSOLinked,4,SalesOrderLineNumber,int,0,0,0,NULL,NULL,NULL,NULL,NULL,NULL,NULL
dbo,PurchaseOrderReceiptsSOLinked,5,Quantity,float,0,0,0,NULL,NULL,NULL,NULL,NULL,NULL,NULL
dbo,PurchaseOrderReceiptsSOLinked,6,QuantityUOM,varchar(3),0,0,0,NULL,NULL,NULL,NULL,NULL,NULL,NULL
dbo,PurchaseOrderReceiptsSOLinked,7,CustomerInfo,varchar(43),0,0,0,NULL,NULL,NULL,NULL,NULL,NULL,NULL
dbo,PurchaseOrderReceiptsSOLinked,8,SalesDetailAllocation_Id,int,1,0,0,NULL,NULL,NULL,NULL,NULL,NULL,NULL
dbo,PurchaseOrderReceivedBatch,1,Id,int,0,1,0,NULL,1,NULL,NULL,NULL,NULL,NULL
dbo,PurchaseOrderReceivedBatch,2,PurchaseOrderDetail_Id,int,0,0,0,NULL,NULL,FK_PurchaseOrderReceivedBatch_PURCHASE_ORDER_DETAIL,dbo,PURCHASE_ORDER_DETAIL,PDT_RECORD_NUMBER,NULL
dbo,PurchaseOrderReceivedBatch,3,RollLot,varchar(15),0,0,0,NULL,NULL,NULL,NULL,NULL,NULL,NULL
dbo,PurchaseOrderReceivedBatch,4,BIN,varchar(6),1,0,0,NULL,NULL,NULL,NULL,NULL,NULL,NULL
dbo,PurchaseOrderReceivedBatch,5,QuantityReceived,float,0,0,0,NULL,NULL,NULL,NULL,NULL,NULL,NULL
dbo,PurchaseOrderReceivedBatch,6,BOL,varchar(10),0,0,0,NULL,NULL,NULL,NULL,NULL,NULL,NULL
dbo,PurchaseOrderReceivedBatch,7,UserId,int,0,0,0,NULL,NULL,NULL,NULL,NULL,NULL,NULL
dbo,PurchaseOrderReceivedBatch,8,DyeLot,varchar(15),1,0,0,NULL,NULL,NULL,NULL,NULL,NULL,NULL
dbo,PurchaseOrderReceivedBatch,9,MillNumber,varchar(15),1,0,0,NULL,NULL,NULL,NULL,NULL,NULL,NULL
dbo,PurchaseOrderReceivedBatch,10,Width,float,1,0,0,NULL,NULL,NULL,NULL,NULL,NULL,NULL
dbo,PurchaseOrderReceivedBatch,11,Length,float,1,0,0,NULL,NULL,NULL,NULL,NULL,NULL,NULL
dbo,PurchaseOrderReceivedBatch,12,Depth,float,1,0,0,NULL,NULL,NULL,NULL,NULL,NULL,NULL
dbo,QDocument,1,Id,uniqueidentifier,0,0,0,NULL,1,NULL,NULL,NULL,NULL,NULL
dbo,QDocument,2,DateCreated,smalldatetime,0,0,0,NULL,NULL,NULL,NULL,NULL,NULL,NULL
dbo,QDocument,3,DateModified,smalldatetime,0,0,0,NULL,NULL,NULL,NULL,NULL,NULL,NULL
dbo,QDocument,4,Subject,varchar(255),0,0,0,NULL,NULL,NULL,NULL,NULL,NULL,NULL
dbo,QDocument,5,QModelRoomSurface_Id,uniqueidentifier,1,0,0,NULL,NULL,FK_QDocument_QModelRoomSurface,dbo,QModelRoomSurface,Id,NULL
dbo,QDocument,6,Document,image,1,0,0,NULL,NULL,NULL,NULL,NULL,NULL,NULL
dbo,QDocument,7,TimeStamp,timestamp,0,0,0,NULL,NULL,NULL,NULL,NULL,NULL,NULL
dbo,QModelRoom,1,Id,uniqueidentifier,0,0,0,NULL,1,NULL,NULL,NULL,NULL,NULL
dbo,QModelRoom,2,QProjectModel_Id,uniqueidentifier,0,0,0,NULL,NULL,FK_QModelRoom_QProjectModel,dbo,QProjectModel,Id,NULL
dbo,QModelRoom,3,Room_Id,uniqueidentifier,0,0,0,NULL,NULL,FK_QModelRoom_Room,dbo,Room,Id,NULL
dbo,QModelRoom,4,Length,"numeric(8,2)",0,0,0,NULL,NULL,NULL,NULL,NULL,NULL,NULL
dbo,QModelRoom,5,Width,"numeric(8,2)",0,0,0,NULL,NULL,NULL,NULL,NULL,NULL,NULL
dbo,QModelRoom,6,SquareFootage,"numeric(8,2)",0,0,0,NULL,NULL,NULL,NULL,NULL,NULL,NULL
dbo,QModelRoom,7,INcomplete,bit,1,0,0,0,NULL,NULL,NULL,NULL,NULL,NULL
dbo,QModelRoom,8,TimeStamp,timestamp,0,0,0,NULL,NULL,NULL,NULL,NULL,NULL,NULL
dbo,QModelRoomSurface,1,Id,uniqueidentifier,0,0,0,(newid()),1,NULL,NULL,NULL,NULL,NULL
dbo,QModelRoomSurface,2,Surface_Id,uniqueidentifier,0,0,0,NULL,NULL,FK_QModelRoomSurface_Surface,dbo,Surface,Id,NULL
dbo,QModelRoomSurface,3,QModelRoom_Id,uniqueidentifier,0,0,0,NULL,NULL,FK_QModelRoomSurface_QModelRoom,dbo,QModelRoom,Id,NULL
dbo,QModelRoomSurface,4,Length,"numeric(8,2)",0,0,0,NULL,NULL,NULL,NULL,NULL,NULL,NULL
dbo,QModelRoomSurface,5,Width,"numeric(8,2)",0,0,0,NULL,NULL,NULL,NULL,NULL,NULL,NULL
dbo,QModelRoomSurface,6,SquareFootage,"numeric(8,2)",0,0,0,NULL,NULL,NULL,NULL,NULL,NULL,NULL
dbo,QModelRoomSurface,7,Incomplete,bit,0,0,0,0,NULL,NULL,NULL,NULL,NULL,NULL
dbo,QModelRoomSurface,8,TimeStamp,timestamp,0,0,0,NULL,NULL,NULL,NULL,NULL,NULL,NULL
dbo,QModelRoomSurfaceOption,1,Id,uniqueidentifier,0,0,0,(newid()),1,NULL,NULL,NULL,NULL,NULL
dbo,QModelRoomSurfaceOption,2,QModelRoomSurface_Id,uniqueidentifier,0,0,0,NULL,NULL,FK_QModelRoomSurfaceOption_QModelRoomSurface,dbo,QModelRoomSurface,Id,NULL
dbo,QModelRoomSurfaceOption,3,DefaultOption,bit,0,0,0,NULL,NULL,NULL,NULL,NULL,NULL,NULL
dbo,QModelRoomSurfaceOption,4,Description,varchar(40),0,0,0,NULL,NULL,NULL,NULL,NULL,NULL,NULL
dbo,QModelRoomSurfaceOption,5,Incomplete,bit,0,0,0,0,NULL,NULL,NULL,NULL,NULL,NULL
dbo,QModelRoomSurfaceOption,6,TimeStamp,timestamp,0,0,0,NULL,NULL,NULL,NULL,NULL,NULL,NULL
dbo,QModelRoomSurfaceOptionItem,1,Id,uniqueidentifier,0,0,0,(newid()),1,NULL,NULL,NULL,NULL,NULL
dbo,QModelRoomSurfaceOptionItem,2,QModelRoomSurfaceOption_Id,uniqueidentifier,0,0,0,NULL,NULL,FK_QModelRoomSurfaceOptionItem_QModelRoomSurfaceOption,dbo,QModelRoomSurfaceOption,Id,NULL
dbo,QModelRoomSurfaceOptionItem,3,ProjectItem_Id,uniqueidentifier,0,0,0,NULL,NULL,NULL,NULL,NULL,NULL,NULL
dbo,QModelRoomSurfaceOptionItem,4,ItemNumber,int,1,0,0,NULL,NULL,NULL,NULL,NULL,NULL,NULL
dbo,QModelRoomSurfaceOptionItem,5,Length,"numeric(9,2)",1,0,0,NULL,NULL,NULL,NULL,NULL,NULL,NULL
dbo,QModelRoomSurfaceOptionItem,6,Width,"numeric(9,2)",1,0,0,NULL,NULL,NULL,NULL,NULL,NULL,NULL
dbo,QModelRoomSurfaceOptionItem,7,SquareFootage,"numeric(9,2)",1,0,0,NULL,NULL,NULL,NULL,NULL,NULL,NULL
dbo,QModelRoomSurfaceOptionItem,8,Quantity,"numeric(10,2)",0,0,0,-1,NULL,NULL,NULL,NULL,NULL,NULL
dbo,QModelRoomSurfaceOptionItem,9,QuantityUM,char(3),1,0,0,NULL,NULL,NULL,NULL,NULL,NULL,NULL
dbo,QModelRoomSurfaceOptionItem,10,InactiveDate,smalldatetime,1,0,0,NULL,NULL,NULL,NULL,NULL,NULL,NULL
dbo,QModelRoomSurfaceOptionItem,11,Incomplete,bit,0,0,0,0,NULL,NULL,NULL,NULL,NULL,NULL
dbo,QModelRoomSurfaceOptionItem,12,TimeStamp,timestamp,1,0,0,NULL,NULL,NULL,NULL,NULL,NULL,NULL
dbo,QModelRoomSurfaceOptionItem,13,Builderprice,money,1,0,0,0,NULL,NULL,NULL,NULL,NULL,NULL
dbo,QModelRoomSurfaceOptionItem,14,BuyerPrice,money,1,0,0,0,NULL,NULL,NULL,NULL,NULL,NULL
dbo,QModelRoomSurfaceOptionItem,15,PriceUM,char(3),1,0,0,NULL,NULL,NULL,NULL,NULL,NULL,NULL
dbo,QModelRoomSurfaceOptionItem,16,Cost,money,1,0,0,0,NULL,NULL,NULL,NULL,NULL,NULL
dbo,QModelRoomSurfaceOptionItem,17,CostUM,char(3),1,0,0,NULL,NULL,NULL,NULL,NULL,NULL,NULL
dbo,QModelRoomSurfaceOptionItem,18,Extended,money,1,0,0,0,NULL,NULL,NULL,NULL,NULL,NULL
dbo,QModelRoomSurfaceOptionItem,19,ItemType,bit,1,0,0,NULL,NULL,NULL,NULL,NULL,NULL,NULL
dbo,QProjectModel,1,Id,uniqueidentifier,0,0,0,(newid()),1,NULL,NULL,NULL,NULL,NULL
dbo,QProjectModel,2,Project_Id,uniqueidentifier,0,0,0,NULL,NULL,FK_QProjectModel_Project,dbo,Project,Id,NULL
dbo,QProjectModel,3,Model_Id,uniqueidentifier,0,0,0,NULL,NULL,FK_QProjectModel_Model,dbo,Model,Id,NULL
dbo,QProjectModel,4,TimeStamp,timestamp,0,0,0,NULL,NULL,NULL,NULL,NULL,NULL,NULL
dbo,QProjectModel,5,QModelRoom_Id,uniqueidentifier,1,0,0,NULL,NULL,NULL,NULL,NULL,NULL,NULL
dbo,QuantityBreakCost,1,QBC_ID,"numeric(18,0)",0,1,0,NULL,1,NULL,NULL,NULL,NULL,NULL
dbo,QuantityBreakCost,2,QBC_ITMMAS_ID,int,0,0,0,NULL,NULL,FK_QuantityBreakCost_ITEM_MASTER,dbo,ITEM_MASTER,ITM_ITMMAS_ID,NULL
dbo,QuantityBreakCost,3,QBC_Qty_From,"numeric(18,2)",0,0,0,NULL,NULL,NULL,NULL,NULL,NULL,NULL
dbo,QuantityBreakCost,4,QBC_Qty_To,"numeric(18,2)",0,0,0,NULL,NULL,NULL,NULL,NULL,NULL,NULL
dbo,QuantityBreakCost,5,QBC_Unit_Cost,"numeric(18,2)",0,0,0,NULL,NULL,NULL,NULL,NULL,NULL,NULL
dbo,QuantityBreakCost,6,QBC_Minimum_Cost,"numeric(18,2)",0,0,0,NULL,NULL,NULL,NULL,NULL,NULL,NULL
dbo,QuantityBreakPrice,1,Id,int,0,1,0,NULL,1,NULL,NULL,NULL,NULL,NULL
dbo,QuantityBreakPrice,2,PriceId,int,0,0,0,NULL,NULL,FK_QuantityBreakPrice_PRICE_CODES,dbo,PRICE_CODES,Id,NULL
dbo,QuantityBreakPrice,3,ItemId,int,0,0,0,NULL,NULL,FK_QuantityBreakPrice_ITEM_MASTER,dbo,ITEM_MASTER,ITM_ITMMAS_ID,NULL
dbo,QuantityBreakPrice,4,QuantityFrom,float,0,0,0,NULL,NULL,NULL,NULL,NULL,NULL,NULL
dbo,QuantityBreakPrice,5,QuantityTo,float,0,0,0,NULL,NULL,NULL,NULL,NULL,NULL,NULL
dbo,QuantityBreakPrice,6,UnitPrice,money,0,0,0,NULL,NULL,NULL,NULL,NULL,NULL,NULL
dbo,QuantityBreakPrice,7,MinimumPrice,money,0,0,0,NULL,NULL,NULL,NULL,NULL,NULL,NULL
dbo,QuantityBreakPrice,8,TimeStamp,timestamp,1,0,0,NULL,NULL,NULL,NULL,NULL,NULL,NULL
dbo,QUESTION_CHECK_LIST,1,SYS_ID,int,0,1,0,NULL,1,NULL,NULL,NULL,NULL,NULL
dbo,QUESTION_CHECK_LIST,2,QUESTION_TYPE_ID,int,0,0,0,NULL,NULL,NULL,NULL,NULL,NULL,NULL
dbo,QUESTION_CHECK_LIST,3,QUESTION_TYPE,nvarchar(max),0,0,0,NULL,NULL,NULL,NULL,NULL,NULL,NULL
dbo,QUESTION_CHECK_LIST,4,QUESTION_TYPE_VALUE,int,0,0,0,NULL,NULL,NULL,NULL,NULL,NULL,NULL
dbo,QUESTION_CHECK_LIST,5,CHECK_LIST_TYPE,bit,1,0,0,NULL,NULL,NULL,NULL,NULL,NULL,NULL
dbo,QUESTION_LIST,1,CHECK_LIST_ID,int,0,1,0,NULL,1,NULL,NULL,NULL,NULL,NULL
dbo,QUESTION_LIST,2,CHECK_LIST_ITEM,nvarchar(max),0,0,0,NULL,NULL,NULL,NULL,NULL,NULL,NULL
dbo,QUESTION_LIST,3,PRE_POST_FLG,bit,0,0,0,NULL,NULL,NULL,NULL,NULL,NULL,NULL
dbo,QUESTION_LIST,7,CHECK_LIST_ITEM_ES,nvarchar(max),1,0,0,NULL,NULL,NULL,NULL,NULL,NULL,NULL
dbo,Quote,1,Id,uniqueidentifier,0,0,0,NULL,1,NULL,NULL,NULL,NULL,NULL
dbo,Quote,2,QProjectModel_Id,uniqueidentifier,0,0,0,NULL,NULL,NULL,NULL,NULL,NULL,NULL
dbo,Quote,3,DwellingAddress,varchar(30),0,0,0,NULL,NULL,NULL,NULL,NULL,NULL,NULL
dbo,Quote,4,CustomerMaster_Id,uniqueidentifier,1,0,0,NULL,NULL,NULL,NULL,NULL,NULL,NULL
dbo,Quote,5,BuyerName,varchar(100),0,0,0,NULL,NULL,NULL,NULL,NULL,NULL,NULL
dbo,Quote,6,BillCustomerMaster_Id,uniqueidentifier,1,0,0,NULL,NULL,NULL,NULL,NULL,NULL,NULL
dbo,Quote,7,QuoteNumber,int,0,1,0,NULL,NULL,NULL,NULL,NULL,NULL,NULL
dbo,Quote,8,QuoteDate,smalldatetime,0,0,0,NULL,NULL,NULL,NULL,NULL,NULL,NULL
dbo,Quote,9,OrderSalesmanId,int,1,0,0,NULL,NULL,NULL,NULL,NULL,NULL,NULL
dbo,Quote,10,CustomerSalesmanId,int,1,0,0,NULL,NULL,NULL,NULL,NULL,NULL,NULL
dbo,Quote,11,TotalCost,money,0,0,0,NULL,NULL,NULL,NULL,NULL,NULL,NULL
dbo,Quote,12,FreightAmount,money,0,0,0,NULL,NULL,NULL,NULL,NULL,NULL,NULL
dbo,Quote,13,TaxType,int,0,0,0,NULL,NULL,NULL,NULL,NULL,NULL,NULL
dbo,Quote,14,TaxRate,"decimal(5,2)",0,0,0,NULL,NULL,NULL,NULL,NULL,NULL,NULL
dbo,Quote,15,TaxAmount,money,0,0,0,NULL,NULL,NULL,NULL,NULL,NULL,NULL
dbo,Quote,16,LocationName,varchar(30),1,0,0,NULL,NULL,NULL,NULL,NULL,NULL,NULL
dbo,Quote,17,LocationCode,int,1,0,0,NULL,NULL,NULL,NULL,NULL,NULL,NULL
dbo,Quote,18,ShipToType,int,1,0,0,NULL,NULL,NULL,NULL,NULL,NULL,NULL
dbo,Quote,19,SoldName,varchar(30),1,0,0,NULL,NULL,NULL,NULL,NULL,NULL,NULL
dbo,Quote,20,SoldAddress1,varchar(30),1,0,0,NULL,NULL,NULL,NULL,NULL,NULL,NULL
dbo,Quote,21,SoldAddress2,varchar(30),1,0,0,NULL,NULL,NULL,NULL,NULL,NULL,NULL
dbo,Quote,22,SoldAddress3,varchar(30),1,0,0,NULL,NULL,NULL,NULL,NULL,NULL,NULL
dbo,Quote,23,SoldCity,varchar(20),1,0,0,NULL,NULL,NULL,NULL,NULL,NULL,NULL
dbo,Quote,24,SoldState,char(2),1,0,0,NULL,NULL,NULL,NULL,NULL,NULL,NULL
dbo,Quote,25,SoldZip,varchar(10),1,0,0,NULL,NULL,NULL,NULL,NULL,NULL,NULL
dbo,Quote,26,SoldPhone,varchar(50),1,0,0,NULL,NULL,NULL,NULL,NULL,NULL,NULL
dbo,Quote,27,SoldPhone2,varchar(50),1,0,0,NULL,NULL,NULL,NULL,NULL,NULL,NULL
dbo,Quote,28,ShipName,varchar(30),1,0,0,NULL,NULL,NULL,NULL,NULL,NULL,NULL
dbo,Quote,29,ShipAddress1,varchar(30),1,0,0,NULL,NULL,NULL,NULL,NULL,NULL,NULL
dbo,Quote,30,ShipAddress2,varchar(30),1,0,0,NULL,NULL,NULL,NULL,NULL,NULL,NULL
dbo,Quote,31,ShipAddress3,varchar(30),1,0,0,NULL,NULL,NULL,NULL,NULL,NULL,NULL
dbo,Quote,32,ShipCity,varchar(20),1,0,0,NULL,NULL,NULL,NULL,NULL,NULL,NULL
dbo,Quote,33,ShipState,char(2),1,0,0,NULL,NULL,NULL,NULL,NULL,NULL,NULL
dbo,Quote,34,ShipZip,varchar(10),1,0,0,NULL,NULL,NULL,NULL,NULL,NULL,NULL
dbo,Quote,35,ShipPhone,varchar(50),1,0,0,NULL,NULL,NULL,NULL,NULL,NULL,NULL
dbo,Quote,36,BillName,varchar(30),1,0,0,NULL,NULL,NULL,NULL,NULL,NULL,NULL
dbo,Quote,37,BillAddress1,varchar(30),1,0,0,NULL,NULL,NULL,NULL,NULL,NULL,NULL
dbo,Quote,38,BillAddress2,varchar(30),1,0,0,NULL,NULL,NULL,NULL,NULL,NULL,NULL
dbo,Quote,39,BillAddress3,varchar(30),1,0,0,NULL,NULL,NULL,NULL,NULL,NULL,NULL
dbo,Quote,40,BillCity,varchar(20),1,0,0,NULL,NULL,NULL,NULL,NULL,NULL,NULL
dbo,Quote,41,BillState,char(2),1,0,0,NULL,NULL,NULL,NULL,NULL,NULL,NULL
dbo,Quote,42,BillZip,varchar(10),1,0,0,NULL,NULL,NULL,NULL,NULL,NULL,NULL
dbo,Quote,43,BillPhone,varchar(50),1,0,0,NULL,NULL,NULL,NULL,NULL,NULL,NULL
dbo,Quote,44,ShipVia,varchar(15),1,0,0,NULL,NULL,NULL,NULL,NULL,NULL,NULL
dbo,Quote,45,FOB,varchar(15),1,0,0,NULL,NULL,NULL,NULL,NULL,NULL,NULL
dbo,Quote,46,JobNumber,varchar(30),1,0,0,NULL,NULL,NULL,NULL,NULL,NULL,NULL
dbo,Quote,47,DeliverStatusCode,char(1),1,0,0,NULL,NULL,NULL,NULL,NULL,NULL,NULL
dbo,Quote,48,DeliveryDate,smalldatetime,1,0,0,NULL,NULL,NULL,NULL,NULL,NULL,NULL
dbo,Quote,49,Operator,varchar(15),0,0,0,NULL,NULL,NULL,NULL,NULL,NULL,NULL
dbo,Quote,50,SpecialInstruction,varchar(60),1,0,0,NULL,NULL,NULL,NULL,NULL,NULL,NULL
dbo,Quote,51,PriceCode,int,1,0,0,NULL,NULL,NULL,NULL,NULL,NULL,NULL
dbo,Quote,52,OrderDivision,int,1,0,0,NULL,NULL,NULL,NULL,NULL,NULL,NULL
dbo,Quote,53,OrderTypeWork,int,1,0,0,NULL,NULL,NULL,NULL,NULL,NULL,NULL
dbo,Quote,54,BuildingManagerName,varchar(30),1,0,0,NULL,NULL,NULL,NULL,NULL,NULL,NULL
dbo,Quote,55,BuildingManagerPhone,varchar(30),1,0,0,NULL,NULL,NULL,NULL,NULL,NULL,NULL
dbo,Quote,56,LandlordName,varchar(30),1,0,0,NULL,NULL,NULL,NULL,NULL,NULL,NULL
dbo,Quote,57,LandlordPhone,varchar(30),1,0,0,NULL,NULL,NULL,NULL,NULL,NULL,NULL
dbo,Quote,58,Incomplete,bit,0,0,0,NULL,NULL,NULL,NULL,NULL,NULL,NULL
dbo,Quote,59,TimeStamp,timestamp,0,0,0,NULL,NULL,NULL,NULL,NULL,NULL,NULL
dbo,Quote,60,WarehouseMaster_ID,int,1,0,0,NULL,NULL,NULL,NULL,NULL,NULL,NULL
dbo,Quote,61,TaxMaster_ID,int,1,0,0,NULL,NULL,NULL,NULL,NULL,NULL,NULL
dbo,Quote,62,SalesOrder,int,1,0,0,NULL,NULL,NULL,NULL,NULL,NULL,NULL
dbo,Quote,63,HomePhone,varchar(20),1,0,0,NULL,NULL,NULL,NULL,NULL,NULL,NULL
dbo,Quote,64,OtherPhone,varchar(20),1,0,0,NULL,NULL,NULL,NULL,NULL,NULL,NULL
dbo,QuoteContact,1,Id,uniqueidentifier,0,0,0,NULL,1,NULL,NULL,NULL,NULL,NULL
dbo,QuoteContact,2,Quote_Id,uniqueidentifier,0,0,0,NULL,NULL,FK_QuoteContact_Quote,dbo,Quote,Id,NULL
dbo,QuoteContact,3,ContactType,varchar(50),0,0,0,NULL,NULL,NULL,NULL,NULL,NULL,NULL
dbo,QuoteContact,4,ContactString,varchar(50),0,0,0,NULL,NULL,NULL,NULL,NULL,NULL,NULL
dbo,QuoteContact,5,Comment,varchar(100),1,0,0,NULL,NULL,NULL,NULL,NULL,NULL,NULL
dbo,QuoteContact,6,InactiveDate,smalldatetime,1,0,0,NULL,NULL,NULL,NULL,NULL,NULL,NULL
dbo,QuoteContact,7,TimeStamp,timestamp,0,0,0,NULL,NULL,NULL,NULL,NULL,NULL,NULL
dbo,QuoteDetail,1,Id,uniqueidentifier,0,0,0,NULL,1,NULL,NULL,NULL,NULL,NULL
dbo,QuoteDetail,2,Quote_Id,uniqueidentifier,0,0,0,NULL,NULL,QuoteDetailQuoteId_fk,dbo,Quote,Id,NULL
dbo,QuoteDetail,3,ItemMaster_Id,uniqueidentifier,1,0,0,NULL,NULL,QuoteDetailItemMaster_fk,dbo,ITEM_MASTER,Id,NULL
dbo,QuoteDetail,4,Replaces,uniqueidentifier,1,0,0,NULL,NULL,NULL,NULL,NULL,NULL,NULL
dbo,QuoteDetail,5,GroupNumber,int,0,0,0,NULL,NULL,NULL,NULL,NULL,NULL,NULL
dbo,QuoteDetail,6,DefaultItem,bit,0,0,0,NULL,NULL,NULL,NULL,NULL,NULL,NULL
dbo,QuoteDetail,7,Status,int,0,0,0,NULL,NULL,NULL,NULL,NULL,NULL,NULL
dbo,QuoteDetail,8,LineNumber,int,0,0,0,NULL,NULL,NULL,NULL,NULL,NULL,NULL
dbo,QuoteDetail,9,LineType,int,0,0,0,NULL,NULL,NULL,NULL,NULL,NULL,NULL
dbo,QuoteDetail,10,Comment,varchar(1000),1,0,0,NULL,NULL,NULL,NULL,NULL,NULL,NULL
dbo,QuoteDetail,11,Quantity,"decimal(9,2)",0,0,0,NULL,NULL,NULL,NULL,NULL,NULL,NULL
dbo,QuoteDetail,12,UnitPrice,money,0,0,0,NULL,NULL,NULL,NULL,NULL,NULL,NULL
dbo,QuoteDetail,13,PriceCode,int,0,0,0,NULL,NULL,NULL,NULL,NULL,NULL,NULL
dbo,QuoteDetail,14,BuyerPrice,money,0,0,0,0,NULL,NULL,NULL,NULL,NULL,NULL
dbo,QuoteDetail,15,BuilderPrice,money,0,0,0,0,NULL,NULL,NULL,NULL,NULL,NULL
dbo,QuoteDetail,16,Incomplete,bit,0,0,0,0,NULL,NULL,NULL,NULL,NULL,NULL
dbo,QuoteDetail,17,TimeStamp,timestamp,0,0,0,NULL,NULL,NULL,NULL,NULL,NULL,NULL
dbo,QuoteDetail,18,Sales_Detail_ID,uniqueidentifier,1,0,0,NULL,NULL,FK_QuoteDetail_SALES_DETAIL,dbo,SALES_DETAIL,Id,NULL
dbo,RECONCILED_CHECKSANDDEPOSITS,1,RPD_ID,uniqueidentifier,0,0,0,NULL,NULL,NULL,NULL,NULL,NULL,NULL
dbo,RECONCILED_CHECKSANDDEPOSITS,2,RPD_ACCOUNT_NUMBER,int,0,0,0,NULL,NULL,NULL,NULL,NULL,NULL,NULL
dbo,RECONCILED_CHECKSANDDEPOSITS,3,RPD_STATEMENT_ENDING_DATE,datetime,0,0,0,NULL,NULL,NULL,NULL,NULL,NULL,NULL
dbo,RECONCILED_CHECKSANDDEPOSITS,4,RPD_COMPANY_ID,int,0,0,0,NULL,NULL,NULL,NULL,NULL,NULL,NULL
dbo,RECONCILED_CHECKSANDDEPOSITS,5,RPD_DESCRIPTION,varchar(20),1,0,0,NULL,NULL,NULL,NULL,NULL,NULL,NULL
dbo,RECONCILED_CHECKSANDDEPOSITS,6,RPD_ENDINGBALANCE,float,0,0,0,NULL,NULL,NULL,NULL,NULL,NULL,NULL
dbo,RECONCILED_CHECKSANDDEPOSITS,7,RPD_UNRECONCILEDAMT,float,0,0,0,NULL,NULL,NULL,NULL,NULL,NULL,NULL
dbo,RECONCILED_STATEMENT_INFO,1,RSI_IDENTITY,int,0,1,0,NULL,NULL,NULL,NULL,NULL,NULL,NULL
dbo,RECONCILED_STATEMENT_INFO,2,RSI_ACCOUNT_NUMBER,int,0,0,0,NULL,NULL,NULL,NULL,NULL,NULL,NULL
dbo,RECONCILED_STATEMENT_INFO,3,RSI_STATEMENT_ENDING_DATE,datetime,0,0,0,NULL,NULL,NULL,NULL,NULL,NULL,NULL
dbo,RECONCILED_STATEMENT_INFO,4,RSI_COMPANY_ID,int,0,0,0,NULL,NULL,NULL,NULL,NULL,NULL,NULL
dbo,RECONCILED_STATEMENT_INFO,5,RSI_TYPE,varchar(1),1,0,0,NULL,NULL,NULL,NULL,NULL,NULL,NULL
dbo,RECONCILED_STATEMENT_INFO,6,RSI_CLEARED,bit,0,0,0,NULL,NULL,NULL,NULL,NULL,NULL,NULL
dbo,RECONCILED_STATEMENT_INFO,7,RSI_CHECK_DATE,datetime,0,0,0,NULL,NULL,NULL,NULL,NULL,NULL,NULL
dbo,RECONCILED_STATEMENT_INFO,8,RSI_CHECK_NUMBER,int,1,0,0,NULL,NULL,NULL,NULL,NULL,NULL,NULL
dbo,RECONCILED_STATEMENT_INFO,9,RSI_PAYEE,varchar(30),1,0,0,NULL,NULL,NULL,NULL,NULL,NULL,NULL
dbo,RECONCILED_STATEMENT_INFO,10,RSI_AMOUNT,float,0,0,0,NULL,NULL,NULL,NULL,NULL,NULL,NULL
dbo,RECONCILED_STATEMENT_INFO,11,RSI_GLJ_ID,int,1,0,0,NULL,NULL,NULL,NULL,NULL,NULL,NULL
dbo,ResourceCalendarBaseRelation,1,ResourceId,int,0,0,0,NULL,1,FK_ResourceCalendarBaseRelation_INSTALLER_MASTER,dbo,INSTALLER_MASTER,INS_INSMAS_ID,NULL
dbo,ResourceCalendarBaseRelation,2,BaseId,int,0,0,0,NULL,2,FK_ResourceCalendarBaseRelation_CalendarBases,dbo,CalendarBases,Id,NULL
dbo,ROLL_CUT_History,1,RCH_ID,"decimal(18,0)",0,1,0,NULL,NULL,NULL,NULL,NULL,NULL,NULL
dbo,ROLL_CUT_History,2,RCH_Location,int,0,0,0,NULL,NULL,NULL,NULL,NULL,NULL,NULL
dbo,ROLL_CUT_History,3,RCH_Original_Roll,varchar(50),1,0,0,NULL,NULL,NULL,NULL,NULL,NULL,NULL
dbo,ROLL_CUT_History,4,RCH_Cut_Roll,varchar(50),1,0,0,NULL,NULL,NULL,NULL,NULL,NULL,NULL
dbo,ROLL_CUT_History,5,RCH_Mill_Roll,varchar(50),1,0,0,NULL,NULL,NULL,NULL,NULL,NULL,NULL
dbo,ROLL_CUT_History,6,RCH_Item_ID_First,varchar(50),1,0,0,NULL,NULL,NULL,NULL,NULL,NULL,NULL
dbo,ROLL_CUT_History,7,RCH_Item_ID_Last,varchar(50),1,0,0,NULL,NULL,NULL,NULL,NULL,NULL,NULL
dbo,ROLL_CUT_History,8,RCH_Cut_Length,"decimal(18,2)",1,0,0,NULL,NULL,NULL,NULL,NULL,NULL,NULL
dbo,ROLL_CUT_History,9,RCH_Cut_Date,datetime,1,0,0,NULL,NULL,NULL,NULL,NULL,NULL,NULL
dbo,ROLL_CUT_History,10,RCH_Customer_ID,int,0,0,0,NULL,NULL,NULL,NULL,NULL,NULL,NULL
dbo,ROLL_CUT_History,11,RCH_SDT_Number,int,0,0,0,NULL,NULL,NULL,NULL,NULL,NULL,NULL
dbo,ROLL_CUT_History,12,RCH_DyeLot,varchar(255),1,0,0,NULL,NULL,NULL,NULL,NULL,NULL,NULL
dbo,Room,1,Id,uniqueidentifier,0,0,0,NULL,1,NULL,NULL,NULL,NULL,NULL
dbo,Room,2,Description,varchar(40),0,0,0,NULL,NULL,NULL,NULL,NULL,NULL,NULL
dbo,Room,3,Code,char(4),0,0,0,NULL,NULL,NULL,NULL,NULL,NULL,NULL
dbo,Room,4,TimeStamp,timestamp,0,0,0,NULL,NULL,NULL,NULL,NULL,NULL,NULL
dbo,Sales_DBA,1,Name,varchar(30),0,0,0,NULL,NULL,NULL,NULL,NULL,NULL,NULL
dbo,Sales_DBA,2,Address1,varchar(30),0,0,0,NULL,NULL,NULL,NULL,NULL,NULL,NULL
dbo,Sales_DBA,3,Address2,varchar(30),0,0,0,NULL,NULL,NULL,NULL,NULL,NULL,NULL
dbo,Sales_DBA,4,Address3,varchar(30),0,0,0,NULL,NULL,NULL,NULL,NULL,NULL,NULL
dbo,Sales_DBA,5,City,varchar(30),0,0,0,NULL,NULL,NULL,NULL,NULL,NULL,NULL
dbo,Sales_DBA,6,State,varchar(2),0,0,0,NULL,NULL,NULL,NULL,NULL,NULL,NULL
dbo,Sales_DBA,7,ZipCode,varchar(10),0,0,0,NULL,NULL,NULL,NULL,NULL,NULL,NULL
dbo,Sales_DBA,8,Phone,varchar(12),0,0,0,NULL,NULL,NULL,NULL,NULL,NULL,NULL
dbo,Sales_DBA,9,Fax,varchar(12),0,0,0,NULL,NULL,NULL,NULL,NULL,NULL,NULL
dbo,Sales_DBA,10,Message,varchar(30),0,0,0,NULL,NULL,NULL,NULL,NULL,NULL,NULL
dbo,Sales_DBA,11,LogoPath,varchar(50),0,0,0,NULL,NULL,NULL,NULL,NULL,NULL,NULL
dbo,Sales_DBA,12,Active,bit,0,0,0,NULL,NULL,NULL,NULL,NULL,NULL,NULL
dbo,Sales_DBA,13,Code,varchar(2),0,0,0,(''),1,NULL,NULL,NULL,NULL,NULL
dbo,SALES_DETAIL,1,SDT_COMPANY_ID,int,0,0,0,NULL,1,FK_SALES_DETAIL_SALES_HEADER,dbo,SALES_HEADER,SOH_COMPANY_ID,NULL
dbo,SALES_DETAIL,2,SDT_WHSMAS_ID,int,0,0,0,NULL,2,FK_SALES_DETAIL_SALES_HEADER,dbo,SALES_HEADER,SOH_WHSMAS_ID,NULL
dbo,SALES_DETAIL,3,SDT_SALOHD_ID,int,0,0,0,NULL,3,FK_SALES_DETAIL_SALES_HEADER,dbo,SALES_HEADER,SOH_NUMBER,NULL
dbo,SALES_DETAIL,4,SDT_LINE_NUMBER,int,0,0,0,NULL,4,NULL,NULL,NULL,NULL,NULL
dbo,SALES_DETAIL,5,SDT_DISPLAY_LINE,int,1,0,0,NULL,NULL,NULL,NULL,NULL,NULL,NULL
dbo,SALES_DETAIL,6,SDT_LINE_TYPE,int,1,0,0,NULL,NULL,NULL,NULL,NULL,NULL,NULL
dbo,SALES_DETAIL,7,SDT_CHARGE_DESCRIPTION,varchar(60),1,0,0,NULL,NULL,NULL,NULL,NULL,NULL,NULL
dbo,SALES_DETAIL,8,SDT_CHARGE_AMOUNT,float,1,0,0,NULL,NULL,NULL,NULL,NULL,NULL,NULL
dbo,SALES_DETAIL,9,SDT_COMMENTS,text,1,0,0,NULL,NULL,NULL,NULL,NULL,NULL,NULL
dbo,SALES_DETAIL,10,SDT_ITEM_FIRST,varchar(6),1,0,0,NULL,NULL,NULL,NULL,NULL,NULL,NULL
dbo,SALES_DETAIL,11,SDT_ITEM_LAST,varchar(9),1,0,0,NULL,NULL,NULL,NULL,NULL,NULL,NULL
dbo,SALES_DETAIL,12,SDT_ITEM_ROLL_LOT,varchar(15),1,0,0,NULL,NULL,NULL,NULL,NULL,NULL,NULL
dbo,SALES_DETAIL,13,SDT_USE_IN_TRANSIT,bit,0,0,0,NULL,NULL,NULL,NULL,NULL,NULL,NULL
dbo,SALES_DETAIL,14,SDT_ITEM_TYPE,varchar(2),1,0,0,NULL,NULL,NULL,NULL,NULL,NULL,NULL
dbo,SALES_DETAIL,15,SDT_ORDER_UOM,varchar(2),1,0,0,NULL,NULL,NULL,NULL,NULL,NULL,NULL
dbo,SALES_DETAIL,16,SDT_STOCK_UOM,varchar(2),1,0,0,NULL,NULL,NULL,NULL,NULL,NULL,NULL
dbo,SALES_DETAIL,17,SDT_PRICE_UOM,varchar(2),1,0,0,NULL,NULL,NULL,NULL,NULL,NULL,NULL
dbo,SALES_DETAIL,18,SDT_ORDER_QTY_ORDER,float,1,0,0,NULL,NULL,NULL,NULL,NULL,NULL,NULL
dbo,SALES_DETAIL,19,SDT_ORDER_QTY_STOCK,float,1,0,0,NULL,NULL,NULL,NULL,NULL,NULL,NULL
dbo,SALES_DETAIL,20,SDT_ORDER_QTY_PRICE,float,1,0,0,NULL,NULL,NULL,NULL,NULL,NULL,NULL
dbo,SALES_DETAIL,21,SDT_SHIP_QTY_ORDER,float,1,0,0,NULL,NULL,NULL,NULL,NULL,NULL,NULL
dbo,SALES_DETAIL,22,SDT_SHIP_QTY_STOCK,float,1,0,0,NULL,NULL,NULL,NULL,NULL,NULL,NULL
dbo,SALES_DETAIL,23,SDT_SHIP_QTY_PRICE,float,1,0,0,NULL,NULL,NULL,NULL,NULL,NULL,NULL
dbo,SALES_DETAIL,24,SDT_BO_QTY_ORDER,float,1,0,0,NULL,NULL,NULL,NULL,NULL,NULL,NULL
dbo,SALES_DETAIL,25,SDT_BO_QTY_STOCK,float,1,0,0,NULL,NULL,NULL,NULL,NULL,NULL,NULL
dbo,SALES_DETAIL,26,SDT_BO_QTY_PRICE,float,1,0,0,NULL,NULL,NULL,NULL,NULL,NULL,NULL
dbo,SALES_DETAIL,27,SDT_UNIT_COST,float,1,0,0,NULL,NULL,NULL,NULL,NULL,NULL,NULL
dbo,SALES_DETAIL,28,SDT_UNIT_COST_UOM,varchar(2),1,0,0,NULL,NULL,NULL,NULL,NULL,NULL,NULL
dbo,SALES_DETAIL,29,SDT_UNIT_PRICE,float,1,0,0,NULL,NULL,NULL,NULL,NULL,NULL,NULL
dbo,SALES_DETAIL,30,SDT_UNIT_PRICE_UOM,varchar(2),1,0,0,NULL,NULL,NULL,NULL,NULL,NULL,NULL
dbo,SALES_DETAIL,31,SDT_PRICE_CODE,smallint,1,0,0,NULL,NULL,NULL,NULL,NULL,NULL,NULL
dbo,SALES_DETAIL,32,SDT_EXTENDED_PRICE,float,1,0,0,NULL,NULL,NULL,NULL,NULL,NULL,NULL
dbo,SALES_DETAIL,33,SDT_EXTENDED_COST,float,1,0,0,NULL,NULL,NULL,NULL,NULL,NULL,NULL
dbo,SALES_DETAIL,34,SDT_DISCOUNT_PERCENT,float,1,0,0,NULL,NULL,NULL,NULL,NULL,NULL,NULL
dbo,SALES_DETAIL,35,SDT_GL_SALES_ACCOUNT,int,1,0,0,NULL,NULL,NULL,NULL,NULL,NULL,NULL
dbo,SALES_DETAIL,36,SDT_DESCRIPTION,varchar(30),1,0,0,NULL,NULL,NULL,NULL,NULL,NULL,NULL
dbo,SALES_DETAIL,37,SDT_DESCRIPTION_2,varchar(30),1,0,0,NULL,NULL,NULL,NULL,NULL,NULL,NULL
dbo,SALES_DETAIL,38,SDT_SHIP_DATE,datetime,1,0,0,NULL,NULL,NULL,NULL,NULL,NULL,NULL
dbo,SALES_DETAIL,39,SDT_PICK_TICKET_FLAG,bit,0,0,0,NULL,NULL,NULL,NULL,NULL,NULL,NULL
dbo,SALES_DETAIL,40,SDT_DATE_PICK_TICKET_PRINTED,datetime,1,0,0,NULL,NULL,NULL,NULL,NULL,NULL,NULL
dbo,SALES_DETAIL,41,SDT_CONFIRMED_FLAG,bit,0,0,0,NULL,NULL,NULL,NULL,NULL,NULL,NULL
dbo,SALES_DETAIL,42,SDT_CONFIRM_DATE,datetime,1,0,0,NULL,NULL,NULL,NULL,NULL,NULL,NULL
dbo,SALES_DETAIL,43,SDT_INVOICE_FLAG,bit,0,0,0,NULL,NULL,NULL,NULL,NULL,NULL,NULL
dbo,SALES_DETAIL,44,SDT_AR_UPDATE_FLAG,bit,0,0,0,NULL,NULL,NULL,NULL,NULL,NULL,NULL
dbo,SALES_DETAIL,45,SDT_INVOICE_NUMBER,int,1,0,0,NULL,NULL,NULL,NULL,NULL,NULL,NULL
dbo,SALES_DETAIL,46,SDT_TRANSFER_WAREHOUSE,int,1,0,0,NULL,NULL,NULL,NULL,NULL,NULL,NULL
dbo,SALES_DETAIL,47,SDT_TRANSFER_ORDER_NUMBER,int,1,0,0,NULL,NULL,NULL,NULL,NULL,NULL,NULL
dbo,SALES_DETAIL,48,SDT_RECEIVING_WAREHOUSE,int,1,0,0,NULL,NULL,NULL,NULL,NULL,NULL,NULL
dbo,SALES_DETAIL,49,SDT_PRODUCT_CLASS_CODE,varchar(10),1,0,0,NULL,NULL,NULL,NULL,NULL,NULL,NULL
dbo,SALES_DETAIL,50,SDT_INSMAS_ID,int,1,0,0,NULL,NULL,NULL,NULL,NULL,NULL,NULL
dbo,SALES_DETAIL,51,SDT_INSTALL_DATE,datetime,1,0,0,NULL,NULL,NULL,NULL,NULL,NULL,NULL
dbo,SALES_DETAIL,52,SDT_INSTALL_PRINT_FLAG,bit,0,0,0,NULL,NULL,NULL,NULL,NULL,NULL,NULL
dbo,SALES_DETAIL,53,SDT_INSTALL_PRINT_DATE,datetime,1,0,0,NULL,NULL,NULL,NULL,NULL,NULL,NULL
dbo,SALES_DETAIL,54,SDT_INSTALL_COMPLETE_DATE,datetime,1,0,0,NULL,NULL,NULL,NULL,NULL,NULL,NULL
dbo,SALES_DETAIL,55,SDT_PREVIOUS_COST,float,1,0,0,NULL,NULL,NULL,NULL,NULL,NULL,NULL
dbo,SALES_DETAIL,56,SDT_BUNDLE_GROUP,int,1,0,0,NULL,NULL,NULL,NULL,NULL,NULL,NULL
dbo,SALES_DETAIL,57,SDT_LABOR_GROUP,int,1,0,0,NULL,NULL,NULL,NULL,NULL,NULL,NULL
dbo,SALES_DETAIL,58,SDT_ORIGINAL_UNIT_PRICE,float,1,0,0,NULL,NULL,NULL,NULL,NULL,NULL,NULL
dbo,SALES_DETAIL,59,SDT_ORIGINAL_EXT_PRICE,float,1,0,0,NULL,NULL,NULL,NULL,NULL,NULL,NULL
dbo,SALES_DETAIL,60,SDT_BUNDLE_UNIT_PRICE,float,1,0,0,NULL,NULL,NULL,NULL,NULL,NULL,NULL
dbo,SALES_DETAIL,61,SDT_BUNDLE_EXT_PRICE,float,1,0,0,NULL,NULL,NULL,NULL,NULL,NULL,NULL
dbo,SALES_DETAIL,62,SDT_USE_TAX_AMOUNT,float,1,0,0,NULL,NULL,NULL,NULL,NULL,NULL,NULL
dbo,SALES_DETAIL,63,SDT_TRANSFER_BO_FLAG,bit,0,0,0,NULL,NULL,NULL,NULL,NULL,NULL,NULL
dbo,SALES_DETAIL,64,SDT_REVISED_TRANSFER_FLAG,bit,0,0,0,NULL,NULL,NULL,NULL,NULL,NULL,NULL
dbo,SALES_DETAIL,65,SDT_TAX_STATUS_FLAG,varchar(1),1,0,0,NULL,NULL,NULL,NULL,NULL,NULL,NULL
dbo,SALES_DETAIL,66,SDT_PURCHASE_ORDER_NUMBER,int,1,0,0,NULL,NULL,NULL,NULL,NULL,NULL,NULL
dbo,SALES_DETAIL,67,SDT_PURCHASE_ORDER_WHS,int,1,0,0,NULL,NULL,NULL,NULL,NULL,NULL,NULL
dbo,SALES_DETAIL,68,SDT_PURCHASE_ORDER_LINE,int,1,0,0,NULL,NULL,NULL,NULL,NULL,NULL,NULL
dbo,SALES_DETAIL,70,SDT_SPLIT_COMMISSION_FLAG,bit,0,0,0,NULL,NULL,NULL,NULL,NULL,NULL,NULL
dbo,SALES_DETAIL,71,SDT_COMMISSION_AMOUNT_SMN_ORD,float,1,0,0,NULL,NULL,NULL,NULL,NULL,NULL,NULL
dbo,SALES_DETAIL,72,SDT_COMMISSION_PCT_SMN_ORD,float,1,0,0,NULL,NULL,NULL,NULL,NULL,NULL,NULL
dbo,SALES_DETAIL,73,SDT_COMMISSION_TYPE_SMN_ORD,int,1,0,0,NULL,NULL,NULL,NULL,NULL,NULL,NULL
dbo,SALES_DETAIL,74,SDT_COMMISSION_AMOUNT_SMN_CUST,float,1,0,0,NULL,NULL,NULL,NULL,NULL,NULL,NULL
dbo,SALES_DETAIL,75,SDT_COMMISSION_PCT_SMN_CUST,float,1,0,0,NULL,NULL,NULL,NULL,NULL,NULL,NULL
dbo,SALES_DETAIL,76,SDT_COMMISSION_TYPE_SMN_CUST,int,1,0,0,NULL,NULL,NULL,NULL,NULL,NULL,NULL
dbo,SALES_DETAIL,77,SDT_RUG_WIDTH,"numeric(9,2)",1,0,0,NULL,NULL,NULL,NULL,NULL,NULL,NULL
dbo,SALES_DETAIL,78,SDT_RUG_LENGTH,"numeric(9,2)",1,0,0,NULL,NULL,NULL,NULL,NULL,NULL,NULL
dbo,SALES_DETAIL,79,SDT_GL_OTHER_CHARGES_ACCOUNT,int,1,0,0,NULL,NULL,NULL,NULL,NULL,NULL,NULL
dbo,SALES_DETAIL,80,SDT_TRAN_STORE_NUMBER,int,1,0,0,NULL,NULL,NULL,NULL,NULL,NULL,NULL
dbo,SALES_DETAIL,81,SDT_TRAN_ORDER_NUMBER,int,1,0,0,NULL,NULL,NULL,NULL,NULL,NULL,NULL
dbo,SALES_DETAIL,82,SDT_TRAN_ORDER_LINE,int,1,0,0,NULL,NULL,NULL,NULL,NULL,NULL,NULL
dbo,SALES_DETAIL,83,SDT_TRAN_TYPE,int,1,0,0,NULL,NULL,NULL,NULL,NULL,NULL,NULL
dbo,SALES_DETAIL,84,SDT_RECORD_NUMBER,int,0,1,0,NULL,NULL,NULL,NULL,NULL,NULL,NULL
dbo,SALES_DETAIL,85,SDT_PRINT_LOCATION,int,1,0,0,NULL,NULL,NULL,NULL,NULL,NULL,NULL
dbo,SALES_DETAIL,86,SDT_TRAN_SHIP_VIA,int,1,0,0,NULL,NULL,NULL,NULL,NULL,NULL,NULL
dbo,SALES_DETAIL,87,SDT_TRAN_TO_WHS,int,1,0,0,NULL,NULL,NULL,NULL,NULL,NULL,NULL
dbo,SALES_DETAIL,88,Id,uniqueidentifier,0,0,0,(newid()),NULL,NULL,NULL,NULL,NULL,NULL
dbo,SALES_DETAIL,89,TimeStamp,timestamp,0,0,0,NULL,NULL,NULL,NULL,NULL,NULL,NULL
dbo,SALES_DETAIL,90,SDT_INVENTORY_RELEASED,bit,0,0,0,NULL,NULL,NULL,NULL,NULL,NULL,NULL
dbo,SALES_DETAIL,91,SDT_PAYMENT_STATUS,int,1,0,0,NULL,NULL,NULL,NULL,NULL,NULL,NULL
dbo,SALES_DETAIL,92,SDT_SELECTED_VENDOR,varchar(7),1,0,0,NULL,NULL,NULL,NULL,NULL,NULL,NULL
dbo,SALES_DETAIL,93,SDT_PAYMENT_PROCESS,bit,1,0,0,0,NULL,NULL,NULL,NULL,NULL,NULL
dbo,SALES_DETAIL,94,SDT_COMMISSION_PRICE_CLASS,float,1,0,0,0,NULL,NULL,NULL,NULL,NULL,NULL
dbo,SALES_DETAIL,95,SDT_COMMISSION_PRICE_CLASS_CHANGED,bit,1,0,0,0,NULL,NULL,NULL,NULL,NULL,NULL
dbo,SALES_DETAIL,96,sdt_distributor_rebate,float,1,0,0,NULL,NULL,NULL,NULL,NULL,NULL,NULL
dbo,SALES_DETAIL,97,sdt_install_sub_contract_number,int,1,0,0,NULL,NULL,NULL,NULL,NULL,NULL,NULL
dbo,SALES_DETAIL,98,sdt_picking_material_flag,bit,1,0,0,NULL,NULL,NULL,NULL,NULL,NULL,NULL
dbo,SALES_DETAIL,99,sdt_picking_material_status_id,smallint,1,0,0,NULL,NULL,NULL,NULL,NULL,NULL,NULL
dbo,SALES_DETAIL,100,sdt_material_picked_by_user,int,1,0,0,NULL,NULL,NULL,NULL,NULL,NULL,NULL
dbo,SALES_DETAIL,101,sdt_picked_date,smalldatetime,1,0,0,NULL,NULL,NULL,NULL,NULL,NULL,NULL
dbo,SALES_DETAIL,102,IsReturnLine,bit,0,0,0,0,NULL,NULL,NULL,NULL,NULL,NULL
dbo,SALES_DIVISION,1,SDV_COMPANY_ID,int,0,0,0,NULL,NULL,NULL,NULL,NULL,NULL,NULL
dbo,SALES_DIVISION,2,SDV_DIVISION_NUMBER,int,0,0,0,NULL,NULL,NULL,NULL,NULL,NULL,NULL
dbo,SALES_DIVISION,3,SDV_DIVISION_NAME,varchar(30),1,0,0,NULL,NULL,NULL,NULL,NULL,NULL,NULL
dbo,SALES_DIVISION,4,SDV_DISCONTINUED,bit,0,0,0,NULL,NULL,NULL,NULL,NULL,NULL,NULL
dbo,SALES_DIVISION,5,SDV_DEFAULT,bit,0,0,0,NULL,NULL,NULL,NULL,NULL,NULL,NULL
dbo,SALES_DIVISION,6,SDV_INUSE,bit,0,0,0,NULL,NULL,NULL,NULL,NULL,NULL,NULL
dbo,SALES_DIVISION,7,Id,int,0,1,0,NULL,1,NULL,NULL,NULL,NULL,NULL
dbo,SALES_DIVISION,8,SDV_NON_TAXABLE,bit,0,0,0,0,NULL,NULL,NULL,NULL,NULL,NULL
dbo,SALES_DIVISION,9,SDV_ISCOMMISSION,bit,0,0,0,0,NULL,NULL,NULL,NULL,NULL,NULL
dbo,SALES_HEADER,1,SOH_COMPANY_ID,int,0,0,0,NULL,1,NULL,NULL,NULL,NULL,NULL
dbo,SALES_HEADER,2,SOH_WHSMAS_ID,int,0,0,0,NULL,2,NULL,NULL,NULL,NULL,NULL
dbo,SALES_HEADER,3,SOH_NUMBER,int,0,0,0,NULL,3,NULL,NULL,NULL,NULL,NULL
dbo,SALES_HEADER,4,SOH_CURRENT_STATUS,varchar(1),0,0,0,NULL,4,NULL,NULL,NULL,NULL,NULL
dbo,SALES_HEADER,5,SOH_ORIGINAL_STATUS,varchar(1),1,0,0,NULL,NULL,NULL,NULL,NULL,NULL,NULL
dbo,SALES_HEADER,6,SOH_ORDER_DATE,datetime,1,0,0,NULL,NULL,NULL,NULL,NULL,NULL,NULL
dbo,SALES_HEADER,7,SOH_SMNMAS_ORDER,int,1,0,0,NULL,NULL,NULL,NULL,NULL,NULL,NULL
dbo,SALES_HEADER,8,SOH_SMNMAS_ID,int,1,0,0,NULL,NULL,NULL,NULL,NULL,NULL,NULL
dbo,SALES_HEADER,9,SOH_TOTAL_AMOUNT,float,1,0,0,NULL,NULL,NULL,NULL,NULL,NULL,NULL
dbo,SALES_HEADER,10,SOH_SALES_TAX_AMOUNT,float,1,0,0,NULL,NULL,NULL,NULL,NULL,NULL,NULL
dbo,SALES_HEADER,11,SOH_GOOD_SERVICE_TAX_AMOUNT,float,1,0,0,NULL,NULL,NULL,NULL,NULL,NULL,NULL
dbo,SALES_HEADER,12,SOH_FREIGHT_AMOUNT,float,1,0,0,NULL,NULL,NULL,NULL,NULL,NULL,NULL
dbo,SALES_HEADER,13,SOH_FREIGHT_AMOUNT_APPLIED,float,1,0,0,NULL,NULL,NULL,NULL,NULL,NULL,NULL
dbo,SALES_HEADER,14,SOH_DEPOSIT_AMOUNT,float,1,0,0,NULL,NULL,NULL,NULL,NULL,NULL,NULL
dbo,SALES_HEADER,15,SOH_DEPOSIT_AMT_APPLIED,float,1,0,0,NULL,NULL,NULL,NULL,NULL,NULL,NULL
dbo,SALES_HEADER,16,SOH_CASH_AMOUNT,float,1,0,0,NULL,NULL,NULL,NULL,NULL,NULL,NULL
dbo,SALES_HEADER,17,SOH_CHECK_AMOUNT,float,1,0,0,NULL,NULL,NULL,NULL,NULL,NULL,NULL
dbo,SALES_HEADER,18,SOH_CHECK_NUMBER,int,1,0,0,NULL,NULL,NULL,NULL,NULL,NULL,NULL
dbo,SALES_HEADER,19,SOH_CHECK_DL,varchar(50),1,0,0,NULL,NULL,NULL,NULL,NULL,NULL,NULL
dbo,SALES_HEADER,20,SOH_CHECK_AUTHORIZATION,varchar(10),1,0,0,NULL,NULL,NULL,NULL,NULL,NULL,NULL
dbo,SALES_HEADER,21,SOH_CHARGE_AMOUNT,float,1,0,0,NULL,NULL,NULL,NULL,NULL,NULL,NULL
dbo,SALES_HEADER,22,SOH_CHARGE_NUMBER,varchar(50),1,0,0,NULL,NULL,NULL,NULL,NULL,NULL,NULL
dbo,SALES_HEADER,23,SOH_CHARGE_TYPE,varchar(4),1,0,0,NULL,NULL,NULL,NULL,NULL,NULL,NULL
dbo,SALES_HEADER,24,SOH_CHARGE_EXPIRATION_DT,datetime,1,0,0,NULL,NULL,NULL,NULL,NULL,NULL,NULL
dbo,SALES_HEADER,25,SOH_CHARGE_AUTH_NUMBER,varchar(10),1,0,0,NULL,NULL,NULL,NULL,NULL,NULL,NULL
dbo,SALES_HEADER,26,SOH_CREDIT_AMOUNT,float,1,0,0,NULL,NULL,NULL,NULL,NULL,NULL,NULL
dbo,SALES_HEADER,27,SOH_CREDIT_NUMBER,int,1,0,0,NULL,NULL,NULL,NULL,NULL,NULL,NULL
dbo,SALES_HEADER,28,SOH_CREDIT_TYPE,varchar(1),1,0,0,NULL,NULL,NULL,NULL,NULL,NULL,NULL
dbo,SALES_HEADER,29,SOH_BALANCE_DUE,float,1,0,0,NULL,NULL,NULL,NULL,NULL,NULL,NULL
dbo,SALES_HEADER,30,SOH_TOTAL_COST,float,1,0,0,NULL,NULL,NULL,NULL,NULL,NULL,NULL
dbo,SALES_HEADER,31,SOH_CUMMAS_ID,int,1,0,0,NULL,NULL,NULL,NULL,NULL,NULL,NULL
dbo,SALES_HEADER,32,SOH_CUSTOMER_NUMBER,varchar(10),1,0,0,NULL,NULL,NULL,NULL,NULL,NULL,NULL
dbo,SALES_HEADER,33,SOH_SOLD_TO_NAME,varchar(30),1,0,0,NULL,NULL,NULL,NULL,NULL,NULL,NULL
dbo,SALES_HEADER,34,SOH_SOLD_TO_ADDRESS_1,varchar(30),1,0,0,NULL,NULL,NULL,NULL,NULL,NULL,NULL
dbo,SALES_HEADER,35,SOH_SOLD_TO_ADDRESS_2,varchar(30),1,0,0,NULL,NULL,NULL,NULL,NULL,NULL,NULL
dbo,SALES_HEADER,36,SOH_SOLD_TO_ADDRESS_3,varchar(30),1,0,0,NULL,NULL,NULL,NULL,NULL,NULL,NULL
dbo,SALES_HEADER,37,SOH_SOLD_TO_CITY,varchar(30),1,0,0,NULL,NULL,NULL,NULL,NULL,NULL,NULL
dbo,SALES_HEADER,38,SOH_SOLD_TO_STATE,varchar(2),1,0,0,NULL,NULL,NULL,NULL,NULL,NULL,NULL
dbo,SALES_HEADER,39,SOH_SOLD_TO_ZIP,varchar(10),1,0,0,NULL,NULL,NULL,NULL,NULL,NULL,NULL
dbo,SALES_HEADER,40,SOH_SOLD_TO_PHONE,varchar(50),1,0,0,NULL,NULL,NULL,NULL,NULL,NULL,NULL
dbo,SALES_HEADER,41,SOH_SOLD_TO_PHONE2,varchar(50),1,0,0,NULL,NULL,NULL,NULL,NULL,NULL,NULL
dbo,SALES_HEADER,42,SOH_LOCATION_CODE,int,1,0,0,NULL,NULL,NULL,NULL,NULL,NULL,NULL
dbo,SALES_HEADER,43,SOH_LOCATION_NAME,varchar(30),1,0,0,NULL,NULL,NULL,NULL,NULL,NULL,NULL
dbo,SALES_HEADER,44,SOH_SHIP_TO_TYPE,int,1,0,0,NULL,NULL,NULL,NULL,NULL,NULL,NULL
dbo,SALES_HEADER,45,SOH_SHIP_TO_NAME,varchar(30),1,0,0,NULL,NULL,NULL,NULL,NULL,NULL,NULL
dbo,SALES_HEADER,46,SOH_SHIP_TO_ADDRESS_1,varchar(30),1,0,0,NULL,NULL,NULL,NULL,NULL,NULL,NULL
dbo,SALES_HEADER,47,SOH_SHIP_TO_ADDRESS_2,varchar(30),1,0,0,NULL,NULL,NULL,NULL,NULL,NULL,NULL
dbo,SALES_HEADER,48,SOH_SHIP_TO_ADDRESS_3,varchar(30),1,0,0,NULL,NULL,NULL,NULL,NULL,NULL,NULL
dbo,SALES_HEADER,49,SOH_SHIP_TO_CITY,varchar(30),1,0,0,NULL,NULL,NULL,NULL,NULL,NULL,NULL
dbo,SALES_HEADER,50,SOH_SHIP_TO_STATE,varchar(2),1,0,0,NULL,NULL,NULL,NULL,NULL,NULL,NULL
dbo,SALES_HEADER,51,SOH_SHIP_TO_ZIP,varchar(10),1,0,0,NULL,NULL,NULL,NULL,NULL,NULL,NULL
dbo,SALES_HEADER,52,SOH_SHIP_TO_PHONE,varchar(50),1,0,0,NULL,NULL,NULL,NULL,NULL,NULL,NULL
dbo,SALES_HEADER,53,SOH_BILLTO_CUMMAS_ID,int,1,0,0,NULL,NULL,NULL,NULL,NULL,NULL,NULL
dbo,SALES_HEADER,54,SOH_BILLTO_CUSTOMER_NUMBER,varchar(10),1,0,0,NULL,NULL,NULL,NULL,NULL,NULL,NULL
dbo,SALES_HEADER,55,SOH_BILLTO_NAME,varchar(30),1,0,0,NULL,NULL,NULL,NULL,NULL,NULL,NULL
dbo,SALES_HEADER,56,SOH_BILLTO_ADDRESS_1,varchar(30),1,0,0,NULL,NULL,NULL,NULL,NULL,NULL,NULL
dbo,SALES_HEADER,57,SOH_BILLTO_ADDRESS_2,varchar(30),1,0,0,NULL,NULL,NULL,NULL,NULL,NULL,NULL
dbo,SALES_HEADER,58,SOH_BILLTO_ADDRESS_3,varchar(30),1,0,0,NULL,NULL,NULL,NULL,NULL,NULL,NULL
dbo,SALES_HEADER,59,SOH_BILLTO_CITY,varchar(30),1,0,0,NULL,NULL,NULL,NULL,NULL,NULL,NULL
dbo,SALES_HEADER,60,SOH_BILLTO_STATE,varchar(2),1,0,0,NULL,NULL,NULL,NULL,NULL,NULL,NULL
dbo,SALES_HEADER,61,SOH_BILLTO_ZIP,varchar(10),1,0,0,NULL,NULL,NULL,NULL,NULL,NULL,NULL
dbo,SALES_HEADER,62,SOH_TAXABLE_FLAG,bit,0,0,0,NULL,NULL,NULL,NULL,NULL,NULL,NULL
dbo,SALES_HEADER,63,SOH_TAXMAS_ID,int,1,0,0,NULL,NULL,NULL,NULL,NULL,NULL,NULL
dbo,SALES_HEADER,64,SOH_TAX_RATE,real,1,0,0,NULL,NULL,NULL,NULL,NULL,NULL,NULL
dbo,SALES_HEADER,65,SOH_TAX_EXEMPTION_NUMBER,varchar(20),1,0,0,NULL,NULL,NULL,NULL,NULL,NULL,NULL
dbo,SALES_HEADER,66,SOH_TAX_EXEMPT_EXPIRATION,smalldatetime,1,0,0,NULL,NULL,NULL,NULL,NULL,NULL,NULL
dbo,SALES_HEADER,67,SOH_TAX_TYPE,varchar(1),1,0,0,NULL,NULL,NULL,NULL,NULL,NULL,NULL
dbo,SALES_HEADER,68,SOH_SHIP_VIA,varchar(15),1,0,0,NULL,NULL,NULL,NULL,NULL,NULL,NULL
dbo,SALES_HEADER,69,SOH_FOB,varchar(15),1,0,0,NULL,NULL,NULL,NULL,NULL,NULL,NULL
dbo,SALES_HEADER,70,SOH_CUSTOMER_PO,varchar(30),1,0,0,NULL,NULL,NULL,NULL,NULL,NULL,NULL
dbo,SALES_HEADER,71,SOH_JOB_NUMBER,varchar(30),1,0,0,NULL,NULL,NULL,NULL,NULL,NULL,NULL
dbo,SALES_HEADER,72,SOH_DELIVERY_STATUS_CODE,varchar(1),1,0,0,NULL,NULL,NULL,NULL,NULL,NULL,NULL
dbo,SALES_HEADER,73,SOH_DELIVERY_DATE,datetime,1,0,0,NULL,NULL,NULL,NULL,NULL,NULL,NULL
dbo,SALES_HEADER,74,SOH_CANCELED_DATE,datetime,1,0,0,NULL,NULL,NULL,NULL,NULL,NULL,NULL
dbo,SALES_HEADER,75,SOH_ORDER_EXPIRED_DATE,datetime,1,0,0,NULL,NULL,NULL,NULL,NULL,NULL,NULL
dbo,SALES_HEADER,76,SOH_QUOTE_CONVERT_DATE,datetime,1,0,0,NULL,NULL,NULL,NULL,NULL,NULL,NULL
dbo,SALES_HEADER,77,SOH_OPERATOR,varchar(15),1,0,0,NULL,NULL,NULL,NULL,NULL,NULL,NULL
dbo,SALES_HEADER,78,SOH_HOLD_ORDER_FLAG,bit,0,0,0,NULL,NULL,NULL,NULL,NULL,NULL,NULL
dbo,SALES_HEADER,79,SOH_SPECIAL_INSTRUCTIONS,ntext,1,0,0,NULL,NULL,NULL,NULL,NULL,NULL,NULL
dbo,SALES_HEADER,80,SOH_TERMS_NUMBER,int,1,0,0,NULL,NULL,NULL,NULL,NULL,NULL,NULL
dbo,SALES_HEADER,81,SOH_OPEN_LINES_FLAG,bit,0,0,0,NULL,NULL,NULL,NULL,NULL,NULL,NULL
dbo,SALES_HEADER,82,SOH_PART_INVOICED_FLAG,bit,0,0,0,NULL,NULL,NULL,NULL,NULL,NULL,NULL
dbo,SALES_HEADER,83,SOH_INVOICE_TYPE,int,1,0,0,NULL,NULL,NULL,NULL,NULL,NULL,NULL
dbo,SALES_HEADER,84,SOH_PRICE_CODE,int,1,0,0,NULL,NULL,NULL,NULL,NULL,NULL,NULL
dbo,SALES_HEADER,85,SOH_PRICE_CODE_DESC,varchar(15),1,0,0,NULL,NULL,NULL,NULL,NULL,NULL,NULL
dbo,SALES_HEADER,86,SOH_ORDER_DIVISION,int,1,0,0,NULL,NULL,NULL,NULL,NULL,NULL,NULL
dbo,SALES_HEADER,87,SOH_ORDER_TYPE_WORK,int,1,0,0,NULL,NULL,NULL,NULL,NULL,NULL,NULL
dbo,SALES_HEADER,88,SOH_CREDIT_APPROVAL_FLAG,bit,0,0,0,NULL,NULL,NULL,NULL,NULL,NULL,NULL
dbo,SALES_HEADER,89,SOH_CREDIT_AUTHORIZATION,varchar(15),1,0,0,NULL,NULL,NULL,NULL,NULL,NULL,NULL
dbo,SALES_HEADER,90,SOH_CREDIT_REQUESTED_AMT,float,1,0,0,NULL,NULL,NULL,NULL,NULL,NULL,NULL
dbo,SALES_HEADER,91,SOH_CREDIT_FINANCING_AMT,float,1,0,0,NULL,NULL,NULL,NULL,NULL,NULL,NULL
dbo,SALES_HEADER,92,SOH_CREDIT_INVOICED_AMT,float,1,0,0,NULL,NULL,NULL,NULL,NULL,NULL,NULL
dbo,SALES_HEADER,93,SOH_CREDIT_HOLD,int,1,0,0,NULL,NULL,NULL,NULL,NULL,NULL,NULL
dbo,SALES_HEADER,94,SOH_CREDIT_COD_BALANCE_DUE,float,1,0,0,NULL,NULL,NULL,NULL,NULL,NULL,NULL
dbo,SALES_HEADER,95,SOH_REVISED_TRANSFER_FLAG,bit,0,0,0,NULL,NULL,NULL,NULL,NULL,NULL,NULL
dbo,SALES_HEADER,96,SOH_ADVERTISING_CODE,int,1,0,0,NULL,NULL,NULL,NULL,NULL,NULL,NULL
dbo,SALES_HEADER,97,SOH_ESTIMATOR,int,1,0,0,NULL,NULL,NULL,NULL,NULL,NULL,NULL
dbo,SALES_HEADER,98,SOH_PROJECT_NAME,varchar(20),1,0,0,NULL,NULL,NULL,NULL,NULL,NULL,NULL
dbo,SALES_HEADER,99,SOH_BUILDING_MGR_NAME,varchar(30),1,0,0,NULL,NULL,NULL,NULL,NULL,NULL,NULL
dbo,SALES_HEADER,100,SOH_BUILDING_MGR_PHONE,varchar(30),1,0,0,NULL,NULL,NULL,NULL,NULL,NULL,NULL
dbo,SALES_HEADER,101,SOH_LANDLORD_NAME,varchar(30),1,0,0,NULL,NULL,NULL,NULL,NULL,NULL,NULL
dbo,SALES_HEADER,102,SOH_LANDLORD_PHONE,varchar(30),1,0,0,NULL,NULL,NULL,NULL,NULL,NULL,NULL
dbo,SALES_HEADER,103,SOH_SAMPLE_TYPE,int,1,0,0,NULL,NULL,NULL,NULL,NULL,NULL,NULL
dbo,SALES_HEADER,104,SOH_SAMPLE_DUE_DATE,smalldatetime,1,0,0,NULL,NULL,NULL,NULL,NULL,NULL,NULL
dbo,SALES_HEADER,105,SOH_SOHFIL_ID,int,0,1,0,NULL,NULL,NULL,NULL,NULL,NULL,NULL
dbo,SALES_HEADER,106,SOH_CONTRACT_AMOUNT,money,1,0,0,NULL,NULL,NULL,NULL,NULL,NULL,NULL
dbo,SALES_HEADER,107,SOH_ESTIMATED_COST,money,1,0,0,NULL,NULL,NULL,NULL,NULL,NULL,NULL
dbo,SALES_HEADER,108,TimeStamp,timestamp,0,0,0,NULL,NULL,NULL,NULL,NULL,NULL,NULL
dbo,SALES_HEADER,109,Id,uniqueidentifier,0,0,0,(newid()),NULL,NULL,NULL,NULL,NULL,NULL
dbo,SALES_HEADER,110,SOH_CANCELCOMMENT,varchar(200),1,0,0,NULL,NULL,NULL,NULL,NULL,NULL,NULL
dbo,SALES_HEADER,111,SOH_BUILDER_ALLOWANCE,money,1,0,0,NULL,NULL,NULL,NULL,NULL,NULL,NULL
dbo,SALES_HEADER,112,SOH_FREIGHT_MANUALLY_OVERRIDEN_FLAG,bit,0,0,0,NULL,NULL,NULL,NULL,NULL,NULL,NULL
dbo,SALES_HEADER,113,SOH_APARTMENT_ID,int,1,0,0,NULL,NULL,NULL,NULL,NULL,NULL,NULL
dbo,SALES_HEADER,114,SOH_MOVING_DATE,smalldatetime,1,0,0,NULL,NULL,NULL,NULL,NULL,NULL,NULL
dbo,SALES_HEADER,115,SOH_MERIDIAN_TIME,nchar(2),1,0,0,NULL,NULL,NULL,NULL,NULL,NULL,NULL
dbo,SALES_HEADER,116,SOH_ORDERED_BY,nvarchar(30),1,0,0,NULL,NULL,NULL,NULL,NULL,NULL,NULL
dbo,SALES_HEADER,117,soh_job_type,int,1,0,0,NULL,NULL,NULL,NULL,NULL,NULL,NULL
dbo,SALES_HEADER,118,PDA_RETURN_FLAG,bit,0,0,0,0,NULL,NULL,NULL,NULL,NULL,NULL
dbo,SALES_HEADER,119,SOH_DBA,varchar(2),0,0,0,(''),NULL,NULL,NULL,NULL,NULL,NULL
dbo,SALES_HEADER,120,SOH_USaved_Amount,"decimal(12,2)",0,0,0,((0)),NULL,NULL,NULL,NULL,NULL,NULL
dbo,SALES_HEADER,121,SOH_FINANCE_ACCOUNT,int,1,0,0,NULL,NULL,NULL,NULL,NULL,NULL,NULL
dbo,SALES_HEADER,122,SOH_FINANCE_AMOUNT,float,1,0,0,NULL,NULL,NULL,NULL,NULL,NULL,NULL
dbo,SALES_HEADER,123,SOH_DEBIT_ACCOUNT,int,1,0,0,NULL,NULL,NULL,NULL,NULL,NULL,NULL
dbo,SALES_HEADER,124,SOH_DEBIT_AMOUNT,float,1,0,0,NULL,NULL,NULL,NULL,NULL,NULL,NULL
dbo,SALES_HEADER,125,SOH_JOB_STATUS,varchar(2),0,0,0,('1'),NULL,NULL,NULL,NULL,NULL,NULL
dbo,SALES_JOB_TYPE,1,SJT_COMPANY_ID,int,0,0,0,NULL,NULL,NULL,NULL,NULL,NULL,NULL
dbo,SALES_JOB_TYPE,2,SJT_JOB_TYPE_NUMBER,int,0,0,0,NULL,NULL,NULL,NULL,NULL,NULL,NULL
dbo,SALES_JOB_TYPE,3,SJT_JOB_TYPE_NAME,varchar(30),1,0,0,NULL,NULL,NULL,NULL,NULL,NULL,NULL
dbo,SALES_JOB_TYPE,4,SJT_DISCONTINUED,bit,0,0,0,NULL,NULL,NULL,NULL,NULL,NULL,NULL
dbo,SALES_JOB_TYPE,5,SJT_INUSE,bit,0,0,0,NULL,NULL,NULL,NULL,NULL,NULL,NULL
dbo,SALES_JOB_TYPE,6,SJT_DEFAULT,bit,0,0,0,NULL,NULL,NULL,NULL,NULL,NULL,NULL
dbo,SALES_JOB_TYPE,7,Id,int,0,1,0,NULL,NULL,NULL,NULL,NULL,NULL,NULL
dbo,SALES_ORDER_DEPOSITS,1,SOD_COMPANY_ID,int,0,0,0,NULL,1,NULL,NULL,NULL,NULL,NULL
dbo,SALES_ORDER_DEPOSITS,2,SOD_WAREHOUSE_ID,int,0,0,0,NULL,2,NULL,NULL,NULL,NULL,NULL
dbo,SALES_ORDER_DEPOSITS,3,SOD_SALES_ORDER_NUMBER,int,0,0,0,NULL,3,NULL,NULL,NULL,NULL,NULL
dbo,SALES_ORDER_DEPOSITS,4,SOD_TRANSACTION_DATE,datetime,0,0,0,NULL,4,NULL,NULL,NULL,NULL,NULL
dbo,SALES_ORDER_DEPOSITS,5,SOD_TRANSACTION_TIME,datetime,0,0,0,NULL,5,NULL,NULL,NULL,NULL,NULL
dbo,SALES_ORDER_DEPOSITS,6,SOD_PAYMENT_AMOUNT,float,1,0,0,NULL,NULL,NULL,NULL,NULL,NULL,NULL
dbo,SALES_ORDER_DEPOSITS,7,SOD_CASH_AMOUNT,float,1,0,0,NULL,NULL,NULL,NULL,NULL,NULL,NULL
dbo,SALES_ORDER_DEPOSITS,8,SOD_CHECK_NUMBER,int,1,0,0,NULL,NULL,NULL,NULL,NULL,NULL,NULL
dbo,SALES_ORDER_DEPOSITS,9,SOD_CHECK_DL,varchar(50),1,0,0,NULL,NULL,NULL,NULL,NULL,NULL,NULL
dbo,SALES_ORDER_DEPOSITS,10,SOD_CHECK_AUTH,varchar(10),1,0,0,NULL,NULL,NULL,NULL,NULL,NULL,NULL
dbo,SALES_ORDER_DEPOSITS,11,SOD_CHECK_AMOUNT,float,1,0,0,NULL,NULL,NULL,NULL,NULL,NULL,NULL
dbo,SALES_ORDER_DEPOSITS,12,SOD_CHARGE_AMOUNT,float,1,0,0,NULL,NULL,NULL,NULL,NULL,NULL,NULL
dbo,SALES_ORDER_DEPOSITS,13,SOD_CHARGE_NUMBER,varchar(50),1,0,0,NULL,NULL,NULL,NULL,NULL,NULL,NULL
dbo,SALES_ORDER_DEPOSITS,14,SOD_CHARGE_TYPE,varchar(4),1,0,0,NULL,NULL,NULL,NULL,NULL,NULL,NULL
dbo,SALES_ORDER_DEPOSITS,15,SOD_CHARGE_EXPIRATION_DT,datetime,1,0,0,NULL,NULL,NULL,NULL,NULL,NULL,NULL
dbo,SALES_ORDER_DEPOSITS,16,SOD_CHARGE_AUTH_NUMBER,varchar(10),1,0,0,NULL,NULL,NULL,NULL,NULL,NULL,NULL
dbo,SALES_ORDER_DEPOSITS,17,SOD_CHARGE_ACCOUNT,int,1,0,0,NULL,NULL,NULL,NULL,NULL,NULL,NULL
dbo,SALES_ORDER_DEPOSITS,18,SOD_CREDIT_AMOUNT,float,1,0,0,NULL,NULL,NULL,NULL,NULL,NULL,NULL
dbo,SALES_ORDER_DEPOSITS,19,SOD_CREDIT_NUMBER,int,1,0,0,NULL,NULL,NULL,NULL,NULL,NULL,NULL
dbo,SALES_ORDER_DEPOSITS,20,SOD_CREDIT_TYPE,varchar(1),1,0,0,NULL,NULL,NULL,NULL,NULL,NULL,NULL
dbo,SALES_ORDER_DEPOSITS,21,SOD_CASH_BAL,float,1,0,0,NULL,NULL,NULL,NULL,NULL,NULL,NULL
dbo,SALES_ORDER_DEPOSITS,22,SOD_CHECK_BAL,float,1,0,0,NULL,NULL,NULL,NULL,NULL,NULL,NULL
dbo,SALES_ORDER_DEPOSITS,23,SOD_CHARGE_BAL,float,1,0,0,NULL,NULL,NULL,NULL,NULL,NULL,NULL
dbo,SALES_ORDER_DEPOSITS,24,SOD_CREDIT_BAL,float,1,0,0,NULL,NULL,NULL,NULL,NULL,NULL,NULL
dbo,SALES_ORDER_DEPOSITS,25,SOD_DEPOSIT_ID,int,0,1,0,NULL,NULL,NULL,NULL,NULL,NULL,NULL
dbo,SALES_ORDER_DEPOSITS,26,SOD_PAYMENT_WAREHOUSE_NUMBER,int,1,0,0,NULL,NULL,NULL,NULL,NULL,NULL,NULL
dbo,SALES_ORDER_DEPOSITS,27,SOD_DEBIT_CARD_AMOUNT,float,1,0,0,NULL,NULL,NULL,NULL,NULL,NULL,NULL
dbo,SALES_ORDER_DEPOSITS,28,SOD_FINANCE_AMOUNT,float,1,0,0,NULL,NULL,NULL,NULL,NULL,NULL,NULL
dbo,SALES_ORDER_DEPOSITS,29,SOD_DEBIT_CARD_ACCOUNT,int,1,0,0,NULL,NULL,NULL,NULL,NULL,NULL,NULL
dbo,SALES_ORDER_DEPOSITS,30,SOD_FINANCE_ACCOUNT,int,1,0,0,NULL,NULL,NULL,NULL,NULL,NULL,NULL
dbo,SALES_ORDER_DEPOSITS_HISTORY,1,SOD_COMPANY_ID,int,0,0,0,NULL,NULL,NULL,NULL,NULL,NULL,NULL
dbo,SALES_ORDER_DEPOSITS_HISTORY,2,SOD_WAREHOUSE_ID,int,0,0,0,NULL,NULL,NULL,NULL,NULL,NULL,NULL
dbo,SALES_ORDER_DEPOSITS_HISTORY,3,SOD_SALES_ORDER_NUMBER,int,0,0,0,NULL,NULL,NULL,NULL,NULL,NULL,NULL
dbo,SALES_ORDER_DEPOSITS_HISTORY,4,SOD_TRANSACTION_DATE,datetime,0,0,0,NULL,NULL,NULL,NULL,NULL,NULL,NULL
dbo,SALES_ORDER_DEPOSITS_HISTORY,5,SOD_TRANSACTION_TIME,datetime,0,0,0,NULL,NULL,NULL,NULL,NULL,NULL,NULL
dbo,SALES_ORDER_DEPOSITS_HISTORY,6,SOD_PAYMENT_AMOUNT,float,1,0,0,NULL,NULL,NULL,NULL,NULL,NULL,NULL
dbo,SALES_ORDER_DEPOSITS_HISTORY,7,SOD_CASH_AMOUNT,float,1,0,0,NULL,NULL,NULL,NULL,NULL,NULL,NULL
dbo,SALES_ORDER_DEPOSITS_HISTORY,8,SOD_CHECK_NUMBER,int,1,0,0,NULL,NULL,NULL,NULL,NULL,NULL,NULL
dbo,SALES_ORDER_DEPOSITS_HISTORY,9,SOD_CHECK_DL,varchar(50),1,0,0,NULL,NULL,NULL,NULL,NULL,NULL,NULL
dbo,SALES_ORDER_DEPOSITS_HISTORY,10,SOD_CHECK_AUTH,varchar(10),1,0,0,NULL,NULL,NULL,NULL,NULL,NULL,NULL
dbo,SALES_ORDER_DEPOSITS_HISTORY,11,SOD_CHECK_AMOUNT,float,1,0,0,NULL,NULL,NULL,NULL,NULL,NULL,NULL
dbo,SALES_ORDER_DEPOSITS_HISTORY,12,SOD_CHARGE_AMOUNT,float,1,0,0,NULL,NULL,NULL,NULL,NULL,NULL,NULL
dbo,SALES_ORDER_DEPOSITS_HISTORY,13,SOD_CHARGE_NUMBER,varchar(50),1,0,0,NULL,NULL,NULL,NULL,NULL,NULL,NULL
dbo,SALES_ORDER_DEPOSITS_HISTORY,14,SOD_CHARGE_TYPE,varchar(4),1,0,0,NULL,NULL,NULL,NULL,NULL,NULL,NULL
dbo,SALES_ORDER_DEPOSITS_HISTORY,15,SOD_CHARGE_EXPIRATION_DT,datetime,1,0,0,NULL,NULL,NULL,NULL,NULL,NULL,NULL
dbo,SALES_ORDER_DEPOSITS_HISTORY,16,SOD_CHARGE_AUTH_NUMBER,varchar(10),1,0,0,NULL,NULL,NULL,NULL,NULL,NULL,NULL
dbo,SALES_ORDER_DEPOSITS_HISTORY,17,SOD_CHARGE_ACCOUNT,int,1,0,0,NULL,NULL,NULL,NULL,NULL,NULL,NULL
dbo,SALES_ORDER_DEPOSITS_HISTORY,18,SOD_CREDIT_AMOUNT,float,1,0,0,NULL,NULL,NULL,NULL,NULL,NULL,NULL
dbo,SALES_ORDER_DEPOSITS_HISTORY,19,SOD_CREDIT_NUMBER,int,1,0,0,NULL,NULL,NULL,NULL,NULL,NULL,NULL
dbo,SALES_ORDER_DEPOSITS_HISTORY,20,SOD_CREDIT_TYPE,varchar(1),1,0,0,NULL,NULL,NULL,NULL,NULL,NULL,NULL
dbo,SALES_ORDER_DEPOSITS_HISTORY,21,SOD_CASH_BAL,float,1,0,0,NULL,NULL,NULL,NULL,NULL,NULL,NULL
dbo,SALES_ORDER_DEPOSITS_HISTORY,22,SOD_CHECK_BAL,float,1,0,0,NULL,NULL,NULL,NULL,NULL,NULL,NULL
dbo,SALES_ORDER_DEPOSITS_HISTORY,23,SOD_CHARGE_BAL,float,1,0,0,NULL,NULL,NULL,NULL,NULL,NULL,NULL
dbo,SALES_ORDER_DEPOSITS_HISTORY,24,SOD_CREDIT_BAL,float,1,0,0,NULL,NULL,NULL,NULL,NULL,NULL,NULL
dbo,SALES_ORDER_DEPOSITS_HISTORY,25,SOD_DEPOSIT_ID,int,0,1,0,NULL,NULL,NULL,NULL,NULL,NULL,NULL
dbo,SALES_ORDER_DEPOSITS_HISTORY,26,SOD_PAYMENT_WAREHOUSE_NUMBER,int,1,0,0,NULL,NULL,NULL,NULL,NULL,NULL,NULL
dbo,SALES_ORDER_DEPOSITS_HISTORY,27,SOD_DEBIT_CARD_AMOUNT,float,1,0,0,NULL,NULL,NULL,NULL,NULL,NULL,NULL
dbo,SALES_ORDER_DEPOSITS_HISTORY,28,SOD_FINANCE_AMOUNT,float,1,0,0,NULL,NULL,NULL,NULL,NULL,NULL,NULL
dbo,SALES_ORDER_DEPOSITS_HISTORY,29,SOD_DEBIT_CARD_ACCOUNT,int,1,0,0,NULL,NULL,NULL,NULL,NULL,NULL,NULL
dbo,SALES_ORDER_DEPOSITS_HISTORY,30,SOD_FINANCE_ACCOUNT,int,1,0,0,NULL,NULL,NULL,NULL,NULL,NULL,NULL
dbo,SALES_ORDER_INVOICES,1,SOI_ID,int,0,1,0,NULL,NULL,NULL,NULL,NULL,NULL,NULL
dbo,SALES_ORDER_INVOICES,2,SOI_COMPANY_ID,int,0,0,0,NULL,1,NULL,NULL,NULL,NULL,NULL
dbo,SALES_ORDER_INVOICES,3,SOI_WAREHOUSE_ID,int,0,0,0,NULL,2,NULL,NULL,NULL,NULL,NULL
dbo,SALES_ORDER_INVOICES,4,SOI_SALES_NUMBER,int,0,0,0,NULL,3,NULL,NULL,NULL,NULL,NULL
dbo,SALES_ORDER_INVOICES,5,SOI_RELEASE_DATE,datetime,0,0,0,NULL,4,NULL,NULL,NULL,NULL,NULL
dbo,SALES_ORDER_INVOICES,6,SOI_INVOICE_TYPE,int,0,0,0,NULL,NULL,NULL,NULL,NULL,NULL,NULL
dbo,SALES_ORDER_INVOICES,7,SOI_PROGRESS_INVOICE_TYPE,int,0,0,0,NULL,NULL,NULL,NULL,NULL,NULL,NULL
dbo,SALES_ORDER_INVOICES,8,SOI_INVOICE_PERCENT,"numeric(18,2)",0,0,0,NULL,NULL,NULL,NULL,NULL,NULL,NULL
dbo,SALES_ORDER_INVOICES,9,SOI_INVOICE_AMOUNT,"numeric(18,2)",0,0,0,NULL,NULL,NULL,NULL,NULL,NULL,NULL
dbo,SALES_ORDER_INVOICES,10,SOI_RETAINAGE_TYPE,int,0,0,0,NULL,NULL,NULL,NULL,NULL,NULL,NULL
dbo,SALES_ORDER_INVOICES,11,SOI_RETAINAGE_PERCENT,"numeric(18,2)",0,0,0,NULL,NULL,NULL,NULL,NULL,NULL,NULL
dbo,SALES_ORDER_INVOICES,12,SOI_RETAINAGE_AMOUNT,"numeric(18,2)",0,0,0,NULL,NULL,NULL,NULL,NULL,NULL,NULL
dbo,SALES_ORDER_INVOICES,13,SOI_NARRATIVE,text,0,0,0,NULL,NULL,NULL,NULL,NULL,NULL,NULL
dbo,SALES_ORDER_INVOICES,14,SOI_SYSTEM_DATE,datetime,0,0,0,(getdate()),NULL,NULL,NULL,NULL,NULL,NULL
dbo,SALES_ORDER_INVOICES,15,SOI_INVOICE_NUMBER,int,0,0,0,NULL,NULL,NULL,NULL,NULL,NULL,NULL
dbo,SALES_ORDER_INVOICES,16,SOI_TAX_AMOUNT,"numeric(18,2)",0,0,0,NULL,NULL,NULL,NULL,NULL,NULL,NULL
dbo,SALES_ORDER_INVOICES,17,SOI_FREIGHT_AMOUNT,"numeric(18,2)",0,0,0,NULL,NULL,NULL,NULL,NULL,NULL,NULL
dbo,SALES_ORDER_INVOICES,18,SOI_OVER_INVOICED_TAXES,"numeric(18,2)",0,0,0,NULL,NULL,NULL,NULL,NULL,NULL,NULL
dbo,SALES_ORDER_INVOICES,19,SOI_OVER_INVOICED_FREIGHT,"numeric(18,2)",0,0,0,NULL,NULL,NULL,NULL,NULL,NULL,NULL
dbo,SALES_ORDER_INVOICES,20,soi_gst_tax_amount,smallmoney,1,0,0,NULL,NULL,NULL,NULL,NULL,NULL,NULL
dbo,SALES_ORDER_INVOICES,21,soi_over_invoiced_gst_taxes,smallmoney,1,0,0,NULL,NULL,NULL,NULL,NULL,NULL,NULL
dbo,SALES_ORDER_LOG,1,SOL_COMPANY_ID,int,0,0,0,NULL,NULL,NULL,NULL,NULL,NULL,NULL
dbo,SALES_ORDER_LOG,2,SOL_WHSMAS_ID,int,0,0,0,NULL,NULL,NULL,NULL,NULL,NULL,NULL
dbo,SALES_ORDER_LOG,3,SOL_NUMBER,int,0,0,0,NULL,NULL,NULL,NULL,NULL,NULL,NULL
dbo,SALES_ORDER_LOG,4,SOL_DATE,datetime,0,0,0,NULL,NULL,NULL,NULL,NULL,NULL,NULL
dbo,SALES_ORDER_LOG,5,SOL_DESC,varchar(100),1,0,0,NULL,NULL,NULL,NULL,NULL,NULL,NULL
dbo,SALES_ORDER_LOG,6,SOL_BEG_BAL,float,1,0,0,NULL,NULL,NULL,NULL,NULL,NULL,NULL
dbo,SALES_ORDER_LOG,7,SOL_CASH,float,1,0,0,NULL,NULL,NULL,NULL,NULL,NULL,NULL
dbo,SALES_ORDER_LOG,8,SOL_CHECK,float,1,0,0,NULL,NULL,NULL,NULL,NULL,NULL,NULL
dbo,SALES_ORDER_LOG,9,SOL_CHARGE,float,1,0,0,NULL,NULL,NULL,NULL,NULL,NULL,NULL
dbo,SALES_ORDER_LOG,10,SOL_TOTAL_PAID,float,1,0,0,NULL,NULL,NULL,NULL,NULL,NULL,NULL
dbo,SALES_ORDER_LOG,11,SOL_BAL_CHANGE,float,1,0,0,NULL,NULL,NULL,NULL,NULL,NULL,NULL
dbo,SALES_ORDER_LOG,12,SOL_END_BAL,float,1,0,0,NULL,NULL,NULL,NULL,NULL,NULL,NULL
dbo,SALES_ORDER_LOG,13,SOL_ID,int,0,1,0,NULL,NULL,NULL,NULL,NULL,NULL,NULL
dbo,SALES_ORDER_LOG,14,SOL_USER_ID,int,0,0,0,NULL,NULL,NULL,NULL,NULL,NULL,NULL
dbo,SALES_ORDER_LOG,15,SOL_DEBIT_CARD,float,1,0,0,NULL,NULL,NULL,NULL,NULL,NULL,NULL
dbo,SALES_ORDER_LOG,16,SOL_FINANCE,float,1,0,0,NULL,NULL,NULL,NULL,NULL,NULL,NULL
dbo,SALES_ORDER_STATUS,1,SOS_STATUS_ID,varchar(1),1,0,0,NULL,NULL,NULL,NULL,NULL,NULL,NULL
dbo,SALES_ORDER_STATUS,2,SOS_STATUS_NAME,varchar(40),1,0,0,NULL,NULL,NULL,NULL,NULL,NULL,NULL
dbo,SALES_PAYMENT_TERMS,1,SPT_COMPANY_ID,int,0,0,0,NULL,1,NULL,NULL,NULL,NULL,NULL
dbo,SALES_PAYMENT_TERMS,2,SPT_TERMS_NUMBER,int,0,0,0,NULL,2,NULL,NULL,NULL,NULL,NULL
dbo,SALES_PAYMENT_TERMS,3,SPT_TERMS_DESCRIPTION,varchar(30),1,0,0,NULL,NULL,NULL,NULL,NULL,NULL,NULL
dbo,SALES_PAYMENT_TERMS,4,SPT_TERMS_DUE_DAYS,int,1,0,0,NULL,NULL,NULL,NULL,NULL,NULL,NULL
dbo,SALES_PAYMENT_TERMS,5,SPT_TERMS_CR_APPROV_FLAG,bit,0,0,0,NULL,NULL,NULL,NULL,NULL,NULL,NULL
dbo,SALES_PAYMENT_TERMS,6,SPT_TERMS_FIN_CHARGE_FLAG,bit,0,0,0,NULL,NULL,NULL,NULL,NULL,NULL,NULL
dbo,SALES_PAYMENT_TERMS,7,SPT_TERMS_FINANCE_PCT,float,1,0,0,NULL,NULL,NULL,NULL,NULL,NULL,NULL
dbo,SALES_PAYMENT_TERMS,8,SPT_EXTERNAL_APPROVAL_REQUIRED,bit,0,0,0,NULL,NULL,NULL,NULL,NULL,NULL,NULL
dbo,SALES_PAYMENT_TERMS,9,SPT_MINIMUM_DEPOSIT_PERCENT,int,1,0,0,NULL,NULL,NULL,NULL,NULL,NULL,NULL
dbo,SALES_PAYMENT_TERMS,10,SPT_DISCOUNT_ALLOWED,bit,0,0,0,NULL,NULL,NULL,NULL,NULL,NULL,NULL
dbo,SALES_PAYMENT_TERMS,11,SPT_DISCOUNT_DAYS,int,1,0,0,NULL,NULL,NULL,NULL,NULL,NULL,NULL
dbo,SALES_PAYMENT_TERMS,12,SPT_DISCOUNT_AMOUNT,float,1,0,0,NULL,NULL,NULL,NULL,NULL,NULL,NULL
dbo,SALES_PAYMENT_TERMS,13,SPT_TERMS_START_DAY,int,1,0,0,NULL,NULL,NULL,NULL,NULL,NULL,NULL
dbo,SALES_PAYMENT_TERMS,14,SPT_DAYS_PRIOR_TO_START,int,1,0,0,NULL,NULL,NULL,NULL,NULL,NULL,NULL
dbo,SALES_PAYMENT_TERMS,15,SPT_USE_START_DAY,bit,0,0,0,0,NULL,NULL,NULL,NULL,NULL,NULL
dbo,SALES_PROGRESS_INVOICES,1,SPI_COMPANY_ID,int,0,0,0,NULL,1,NULL,NULL,NULL,NULL,NULL
dbo,SALES_PROGRESS_INVOICES,2,SPI_WAREHOUSE_ID,int,0,0,0,NULL,2,NULL,NULL,NULL,NULL,NULL
dbo,SALES_PROGRESS_INVOICES,3,SPI_SALES_NUMBER,int,0,0,0,NULL,3,NULL,NULL,NULL,NULL,NULL
dbo,SALES_PROGRESS_INVOICES,4,SPI_INVOICE_NUMBER,int,0,0,0,NULL,4,NULL,NULL,NULL,NULL,NULL
dbo,SALES_PROGRESS_INVOICES,5,SPI_LINE_NUMBER,int,0,0,0,NULL,5,NULL,NULL,NULL,NULL,NULL
dbo,SALES_PROGRESS_INVOICES,6,SPI_PERCENT_INVOICED,"numeric(18,2)",0,0,0,NULL,NULL,NULL,NULL,NULL,NULL,NULL
dbo,SALES_PROGRESS_INVOICES,7,SPI_PRICE_INVOICED,"numeric(18,2)",0,0,0,NULL,NULL,NULL,NULL,NULL,NULL,NULL
dbo,SALES_PROGRESS_INVOICES,8,SPI_COST_INVOICED,"numeric(18,2)",0,0,0,NULL,NULL,NULL,NULL,NULL,NULL,NULL
dbo,SALES_PROGRESS_INVOICES,9,spi_use_tax_amount_invoiced,money,1,0,0,NULL,NULL,NULL,NULL,NULL,NULL,NULL
dbo,SALES_SURVEY,1,SYS_ID,int,0,1,0,NULL,NULL,NULL,NULL,NULL,NULL,NULL
dbo,SALES_SURVEY,2,SALES_ID,int,0,0,0,NULL,NULL,NULL,NULL,NULL,NULL,NULL
dbo,SALES_SURVEY,3,SALES_NAME,varchar(50),1,0,0,NULL,NULL,NULL,NULL,NULL,NULL,NULL
dbo,SALES_SURVEY,4,ORDER_ID,int,0,0,0,NULL,1,NULL,NULL,NULL,NULL,NULL
dbo,SALES_SURVEY,5,COMPANY_SHIRTS,int,1,0,0,NULL,NULL,NULL,NULL,NULL,NULL,NULL
dbo,SALES_SURVEY,6,ORDER_TYPE,varchar(50),1,0,0,NULL,NULL,NULL,NULL,NULL,NULL,NULL
dbo,SALES_SURVEY,7,RATING,int,1,0,0,NULL,NULL,NULL,NULL,NULL,NULL,NULL
dbo,SALES_SURVEY,8,CLEANLINESS_OF_UNIT,int,1,0,0,NULL,NULL,NULL,NULL,NULL,NULL,NULL
dbo,SALES_SURVEY,9,SEAMS,int,1,0,0,NULL,NULL,NULL,NULL,NULL,NULL,NULL
dbo,SALES_SURVEY,10,PAD_CHECK,int,1,0,0,NULL,NULL,NULL,NULL,NULL,NULL,NULL
dbo,SALES_SURVEY,11,METAL_OR_ZBAR,int,1,0,0,NULL,NULL,NULL,NULL,NULL,NULL,NULL
dbo,SALES_SURVEY,12,REPAIRS_OR_CLEANING,int,1,0,0,NULL,NULL,NULL,NULL,NULL,NULL,NULL
dbo,SALES_SURVEY,13,CAULKING,int,1,0,0,NULL,NULL,NULL,NULL,NULL,NULL,NULL
dbo,SALES_SURVEY,14,APPLIANCES_OR_TOILETS,int,1,0,0,NULL,NULL,NULL,NULL,NULL,NULL,NULL
dbo,SALES_SURVEY,15,SURVEY_DESC,varchar(100),1,0,0,NULL,NULL,NULL,NULL,NULL,NULL,NULL
dbo,SALES_SURVEY,16,IMAGE_URL,varchar(50),1,0,0,NULL,NULL,NULL,NULL,NULL,NULL,NULL
dbo,SALES_SURVEY,17,LATITUDE,nvarchar(100),1,0,0,NULL,NULL,NULL,NULL,NULL,NULL,NULL
dbo,SALES_SURVEY,18,LONGITUDE,nvarchar(500),1,0,0,NULL,NULL,NULL,NULL,NULL,NULL,NULL
dbo,SALES_SURVEY,19,ARRIVAL_TIME,datetime,1,0,0,NULL,NULL,NULL,NULL,NULL,NULL,NULL
dbo,SALES_SURVEY,20,ARRIVE_LOC,nvarchar(200),1,0,0,NULL,NULL,NULL,NULL,NULL,NULL,NULL
dbo,SALES_SURVEY,21,DEPART_LOC,nvarchar(200),1,0,0,NULL,NULL,NULL,NULL,NULL,NULL,NULL
dbo,SALES_SURVEY,22,DEPART_TIME,datetime,1,0,0,NULL,NULL,NULL,NULL,NULL,NULL,NULL
dbo,SALES_SURVEY,23,DEPART_LATITUDE,nvarchar(100),1,0,0,NULL,NULL,NULL,NULL,NULL,NULL,NULL
dbo,SALES_SURVEY,24,DEPART_LONGITUDE,nvarchar(100),1,0,0,NULL,NULL,NULL,NULL,NULL,NULL,NULL
dbo,SALES_SURVEY,25,COMP_SIGN_FLG,int,1,0,0,NULL,NULL,NULL,NULL,NULL,NULL,NULL
dbo,SALES_SURVEY,26,SIGN_LINK,nvarchar(100),1,0,0,NULL,NULL,NULL,NULL,NULL,NULL,NULL
dbo,SALES_SURVEY,27,SIGN_CONTENT,nvarchar(500),1,0,0,NULL,NULL,NULL,NULL,NULL,NULL,NULL
dbo,SALES_SURVEY,28,SURVEY_DATE,datetime,1,0,0,NULL,NULL,NULL,NULL,NULL,NULL,NULL
dbo,SALES_SURVEY,29,USERNAME,varchar(50),1,0,0,NULL,NULL,NULL,NULL,NULL,NULL,NULL
dbo,SALES_SURVEY,30,INSTALLERNAME,varchar(50),1,0,0,NULL,NULL,NULL,NULL,NULL,NULL,NULL
dbo,SALES_SURVEY,31,ROLE_ID,int,1,0,0,NULL,NULL,NULL,NULL,NULL,NULL,NULL
dbo,SALES_SURVEY_IMAGE,1,SYS_ID,int,0,1,0,NULL,1,NULL,NULL,NULL,NULL,NULL
dbo,SALES_SURVEY_IMAGE,2,ORDER_ID,int,1,0,0,NULL,NULL,NULL,NULL,NULL,NULL,NULL
dbo,SALES_SURVEY_IMAGE,3,SALES_ID,int,0,0,0,NULL,NULL,NULL,NULL,NULL,NULL,NULL
dbo,SALES_SURVEY_IMAGE,4,PICTURE_LINK,nvarchar(100),1,0,0,NULL,NULL,NULL,NULL,NULL,NULL,NULL
dbo,SALES_SURVEY_IMAGE,5,PICTURE_CONTENT,nvarchar(100),1,0,0,NULL,NULL,NULL,NULL,NULL,NULL,NULL
dbo,SALES_SURVEY_IMAGE,6,PICTURE_DESC,nvarchar(500),1,0,0,NULL,NULL,NULL,NULL,NULL,NULL,NULL
dbo,SALES_TYPE_OF_WORK,1,STW_COMPANY_ID,int,0,0,0,NULL,NULL,NULL,NULL,NULL,NULL,NULL
dbo,SALES_TYPE_OF_WORK,2,STW_TYPE_OF_WORK_NUMBER,int,0,0,0,NULL,NULL,NULL,NULL,NULL,NULL,NULL
dbo,SALES_TYPE_OF_WORK,3,STW_TYPE_OF_WORK_NAME,varchar(30),1,0,0,NULL,NULL,NULL,NULL,NULL,NULL,NULL
dbo,SALES_TYPE_OF_WORK,4,STW_DISCONTINUED,bit,0,0,0,NULL,NULL,NULL,NULL,NULL,NULL,NULL
dbo,SALES_TYPE_OF_WORK,5,STW_INUSE,bit,0,0,0,NULL,NULL,NULL,NULL,NULL,NULL,NULL
dbo,SALES_TYPE_OF_WORK,6,STW_DEFAULT,bit,0,0,0,NULL,NULL,NULL,NULL,NULL,NULL,NULL
dbo,SALES_TYPE_OF_WORK,7,Id,int,0,1,0,NULL,1,NULL,NULL,NULL,NULL,NULL
dbo,SalesDetailAllocations,1,Id,int,0,1,0,NULL,1,NULL,NULL,NULL,NULL,NULL
dbo,SalesDetailAllocations,2,SalesDetail_Id,int,0,0,0,NULL,NULL,FK_SalesDetailAllocations_SALES_DETAIL,dbo,SALES_DETAIL,SDT_RECORD_NUMBER,NULL
dbo,SalesDetailAllocations,3,RollLot,varchar(15),1,0,0,NULL,NULL,NULL,NULL,NULL,NULL,NULL
dbo,SalesDetailAllocations,4,UseInTransit,bit,0,0,0,0,NULL,NULL,NULL,NULL,NULL,NULL
dbo,SalesDetailAllocations,5,InventoryWarehouse,int,0,0,0,NULL,NULL,NULL,NULL,NULL,NULL,NULL
dbo,SalesDetailAllocations,6,OrderUOM,char(3),1,0,0,NULL,NULL,NULL,NULL,NULL,NULL,NULL
dbo,SalesDetailAllocations,7,StockUOM,char(3),1,0,0,NULL,NULL,NULL,NULL,NULL,NULL,NULL
dbo,SalesDetailAllocations,8,PriceUOM,char(3),1,0,0,NULL,NULL,NULL,NULL,NULL,NULL,NULL
dbo,SalesDetailAllocations,9,OrderQtyOrder,float,0,0,0,NULL,NULL,NULL,NULL,NULL,NULL,NULL
dbo,SalesDetailAllocations,10,OrderQtyStock,float,0,0,0,NULL,NULL,NULL,NULL,NULL,NULL,NULL
dbo,SalesDetailAllocations,11,OrderQtyPrice,float,0,0,0,NULL,NULL,NULL,NULL,NULL,NULL,NULL
dbo,SalesDetailAllocations,12,ShipQtyOrder,float,0,0,0,NULL,NULL,NULL,NULL,NULL,NULL,NULL
dbo,SalesDetailAllocations,13,ShipQtyStock,float,0,0,0,NULL,NULL,NULL,NULL,NULL,NULL,NULL
dbo,SalesDetailAllocations,14,ShipQtyPrice,float,0,0,0,NULL,NULL,NULL,NULL,NULL,NULL,NULL
dbo,SalesDetailAllocations,15,BOQtyOrder,float,0,0,0,NULL,NULL,NULL,NULL,NULL,NULL,NULL
dbo,SalesDetailAllocations,16,BOQtyStock,float,0,0,0,NULL,NULL,NULL,NULL,NULL,NULL,NULL
dbo,SalesDetailAllocations,17,BOQtyPrice,float,0,0,0,NULL,NULL,NULL,NULL,NULL,NULL,NULL
dbo,SalesDetailAllocations,18,QtyCost,float,0,0,0,NULL,NULL,NULL,NULL,NULL,NULL,NULL
dbo,SalesDetailAllocations,19,UnitCost,money,0,0,0,NULL,NULL,NULL,NULL,NULL,NULL,NULL
dbo,SalesDetailAllocations,20,UnitCostUOM,char(2),0,0,0,NULL,NULL,NULL,NULL,NULL,NULL,NULL
dbo,SalesDetailAllocations,21,ExtendedCost,money,0,0,0,NULL,NULL,NULL,NULL,NULL,NULL,NULL
dbo,SalesDetailAllocations,22,ExtendedPrice,money,0,0,0,NULL,NULL,NULL,NULL,NULL,NULL,NULL
dbo,SalesDetailAllocations,23,Comment,varchar(255),1,0,0,NULL,NULL,NULL,NULL,NULL,NULL,NULL
dbo,SalesDetailAllocations,24,TransferBO,bit,0,0,0,NULL,NULL,NULL,NULL,NULL,NULL,NULL
dbo,SalesDetailAllocations,25,TransferWarehouse,int,1,0,0,NULL,NULL,NULL,NULL,NULL,NULL,NULL
dbo,SalesDetailAllocations,26,TransferSONumber,int,1,0,0,NULL,NULL,NULL,NULL,NULL,NULL,NULL
dbo,SalesDetailAllocations,27,Timestamp,timestamp,1,0,0,NULL,NULL,NULL,NULL,NULL,NULL,NULL
dbo,SalesDetailAllocations,28,PDAAllocatedYn,bit,1,0,0,0,NULL,NULL,NULL,NULL,NULL,NULL
dbo,SalesDetailAllocations,29,PDAReadyToConfirmYn,bit,1,0,0,0,NULL,NULL,NULL,NULL,NULL,NULL
dbo,SalesHistoryData,1,SHD_COMPANY_ID,int,0,0,0,NULL,NULL,NULL,NULL,NULL,NULL,NULL
dbo,SalesHistoryData,2,SHD_WHSMAS_ID,int,0,0,0,NULL,NULL,NULL,NULL,NULL,NULL,NULL
dbo,SalesHistoryData,3,SHD_ITMMAS_ID_FIRST,varchar(6),0,0,0,NULL,NULL,NULL,NULL,NULL,NULL,NULL
dbo,SalesHistoryData,4,SHD_ITMMAS_ID_LAST,varchar(9),0,0,0,NULL,NULL,NULL,NULL,NULL,NULL,NULL
dbo,SalesHistoryData,5,SHD_ITM_DESCRIPTION,varchar(30),1,0,0,NULL,NULL,NULL,NULL,NULL,NULL,NULL
dbo,SalesHistoryData,6,SHD_ITM_DESCRIPTION_2,varchar(30),1,0,0,NULL,NULL,NULL,NULL,NULL,NULL,NULL
dbo,SalesHistoryData,7,SHD_ITM_DISCONTINUED_FLAG,bit,0,0,0,NULL,NULL,NULL,NULL,NULL,NULL,NULL
dbo,SalesHistoryData,8,SHD_SAVE_UOM,varchar(2),1,0,0,NULL,NULL,NULL,NULL,NULL,NULL,NULL
dbo,SalesHistoryData,9,SHD_SELLING_UM,varchar(3),1,0,0,NULL,NULL,NULL,NULL,NULL,NULL,NULL
dbo,SalesHistoryData,10,SHD_QTY_ONHAND,"decimal(12,2)",1,0,0,NULL,NULL,NULL,NULL,NULL,NULL,NULL
dbo,SalesHistoryData,11,SHD_QTY_ALLOCATED,"decimal(12,2)",1,0,0,NULL,NULL,NULL,NULL,NULL,NULL,NULL
dbo,SalesHistoryData,12,SHD_QTY_ONHOLD,"decimal(12,2)",1,0,0,NULL,NULL,NULL,NULL,NULL,NULL,NULL
dbo,SalesHistoryData,13,SHD_QTY_ONORDER,"decimal(12,2)",1,0,0,NULL,NULL,NULL,NULL,NULL,NULL,NULL
dbo,SalesHistoryData,14,SHD_QTY_BACKORDER,"decimal(12,2)",1,0,0,NULL,NULL,NULL,NULL,NULL,NULL,NULL
dbo,SalesHistoryData,15,SHD_MONTH00,"decimal(12,2)",1,0,0,NULL,NULL,NULL,NULL,NULL,NULL,NULL
dbo,SalesHistoryData,16,SHD_MONTH01,"decimal(12,2)",1,0,0,NULL,NULL,NULL,NULL,NULL,NULL,NULL
dbo,SalesHistoryData,17,SHD_MONTH02,"decimal(12,2)",1,0,0,NULL,NULL,NULL,NULL,NULL,NULL,NULL
dbo,SalesHistoryData,18,SHD_MONTH03,"decimal(12,2)",1,0,0,NULL,NULL,NULL,NULL,NULL,NULL,NULL
dbo,SalesHistoryData,19,SHD_MONTH04,"decimal(12,2)",1,0,0,NULL,NULL,NULL,NULL,NULL,NULL,NULL
dbo,SalesHistoryData,20,SHD_MONTH05,"decimal(12,2)",1,0,0,NULL,NULL,NULL,NULL,NULL,NULL,NULL
dbo,SalesHistoryData,21,SHD_MONTH06,"decimal(12,2)",1,0,0,NULL,NULL,NULL,NULL,NULL,NULL,NULL
dbo,SalesHistoryData,22,SHD_MONTH07,"decimal(12,2)",1,0,0,NULL,NULL,NULL,NULL,NULL,NULL,NULL
dbo,SalesHistoryData,23,SHD_MONTH08,"decimal(12,2)",1,0,0,NULL,NULL,NULL,NULL,NULL,NULL,NULL
dbo,SalesHistoryData,24,SHD_MONTH09,"decimal(12,2)",1,0,0,NULL,NULL,NULL,NULL,NULL,NULL,NULL
dbo,SalesHistoryData,25,SHD_MONTH10,"decimal(12,2)",1,0,0,NULL,NULL,NULL,NULL,NULL,NULL,NULL
dbo,SalesHistoryData,26,SHD_MONTH11,"decimal(12,2)",1,0,0,NULL,NULL,NULL,NULL,NULL,NULL,NULL
dbo,SalesHistoryData,27,SHD_MONTH12,"decimal(12,2)",1,0,0,NULL,NULL,NULL,NULL,NULL,NULL,NULL
dbo,SALESMAN_COMMENTS,1,SC_COMPANY_ID,int,0,0,0,NULL,1,NULL,NULL,NULL,NULL,NULL
dbo,SALESMAN_COMMENTS,2,SC_SMNMAS_ID,int,0,0,0,NULL,2,NULL,NULL,NULL,NULL,NULL
dbo,SALESMAN_COMMENTS,3,SC_COMMENT_DATE,datetime,0,0,0,NULL,3,NULL,NULL,NULL,NULL,NULL
dbo,SALESMAN_COMMENTS,4,SC_COMMENT_TYPE,varchar(8),1,0,0,NULL,NULL,NULL,NULL,NULL,NULL,NULL
dbo,SALESMAN_COMMENTS,5,SC_COMMENT_URGENT,bit,0,0,0,NULL,NULL,NULL,NULL,NULL,NULL,NULL
dbo,SALESMAN_COMMENTS,6,SC_COMMENT,text,1,0,0,NULL,NULL,NULL,NULL,NULL,NULL,NULL
dbo,Salesman_Division_Commission,1,SDC_ID,int,0,1,0,NULL,NULL,NULL,NULL,NULL,NULL,NULL
dbo,Salesman_Division_Commission,2,SDC_SDT_RECNUM,int,0,0,0,NULL,NULL,NULL,NULL,NULL,NULL,NULL
dbo,Salesman_Division_Commission,3,SDC_SALESMAN_ID,int,1,0,0,NULL,NULL,NULL,NULL,NULL,NULL,NULL
dbo,Salesman_Division_Commission,4,SDC_COMMISSION_PCT,"numeric(18,2)",0,0,0,NULL,NULL,NULL,NULL,NULL,NULL,NULL
dbo,SALESMAN_MASTER,1,SMN_COMPANY_ID,int,0,0,0,NULL,1,NULL,NULL,NULL,NULL,NULL
dbo,SALESMAN_MASTER,2,SMN_SALESMAN_NUMBER,varchar(6),1,0,0,NULL,NULL,NULL,NULL,NULL,NULL,NULL
dbo,SALESMAN_MASTER,3,SMN_SALESMAN_NAME,varchar(30),1,0,0,NULL,NULL,NULL,NULL,NULL,NULL,NULL
dbo,SALESMAN_MASTER,4,SMN_ADDRESS_1,varchar(30),1,0,0,NULL,NULL,NULL,NULL,NULL,NULL,NULL
dbo,SALESMAN_MASTER,5,SMN_ADDRESS_2,varchar(30),1,0,0,NULL,NULL,NULL,NULL,NULL,NULL,NULL
dbo,SALESMAN_MASTER,6,SMN_ADDRESS_3,varchar(30),1,0,0,NULL,NULL,NULL,NULL,NULL,NULL,NULL
dbo,SALESMAN_MASTER,7,SMN_CITY,varchar(30),1,0,0,NULL,NULL,NULL,NULL,NULL,NULL,NULL
dbo,SALESMAN_MASTER,8,SMN_STATE,varchar(2),1,0,0,NULL,NULL,NULL,NULL,NULL,NULL,NULL
dbo,SALESMAN_MASTER,9,SMN_ZIP,varchar(10),1,0,0,NULL,NULL,NULL,NULL,NULL,NULL,NULL
dbo,SALESMAN_MASTER,10,SMN_PHONE,varchar(10),1,0,0,NULL,NULL,NULL,NULL,NULL,NULL,NULL
dbo,SALESMAN_MASTER,11,SMN_COMMISSION_PCT,real,1,0,0,NULL,NULL,NULL,NULL,NULL,NULL,NULL
dbo,SALESMAN_MASTER,12,SMN_DISCONTINUED_FLAG,bit,0,0,0,NULL,NULL,NULL,NULL,NULL,NULL,NULL
dbo,SALESMAN_MASTER,13,SMN_SMNMAS_ID,int,0,1,0,NULL,2,NULL,NULL,NULL,NULL,NULL
dbo,SALESMAN_MASTER,14,SMN_GROSS_COMMISSION_TABLE_NUMBER,int,1,0,0,NULL,NULL,NULL,NULL,NULL,NULL,NULL
dbo,SalesOrderComments,1,ID,uniqueidentifier,0,0,0,(newid()),1,NULL,NULL,NULL,NULL,NULL
dbo,SalesOrderComments,2,SalesOrderID,uniqueidentifier,0,0,0,NULL,NULL,FK_SalesOrderComments_SALES_HEADER,dbo,SALES_HEADER,Id,NULL
dbo,SalesOrderComments,3,UserID,int,0,0,0,NULL,NULL,NULL,NULL,NULL,NULL,NULL
dbo,SalesOrderComments,4,DateEntered,smalldatetime,0,0,0,(getdate()),NULL,NULL,NULL,NULL,NULL,NULL
dbo,SalesOrderComments,5,Comment,text,0,0,0,NULL,NULL,NULL,NULL,NULL,NULL,NULL
dbo,SalesOrderComments,6,TimeStamp,timestamp,0,0,0,NULL,NULL,NULL,NULL,NULL,NULL,NULL
dbo,SalesOrderDocuments,1,ID,uniqueidentifier,0,0,0,(newid()),NULL,NULL,NULL,NULL,NULL,NULL
dbo,SalesOrderDocuments,2,SalesOrderID,uniqueidentifier,0,0,0,NULL,NULL,FK_SalesOrderDocuments_SALES_HEADER,dbo,SALES_HEADER,Id,NULL
dbo,SalesOrderDocuments,3,DateCreated,smalldatetime,1,0,0,NULL,NULL,NULL,NULL,NULL,NULL,NULL
dbo,SalesOrderDocuments,4,DateModified,smalldatetime,1,0,0,NULL,NULL,NULL,NULL,NULL,NULL,NULL
dbo,SalesOrderDocuments,5,Subject,varchar(255),1,0,0,NULL,NULL,NULL,NULL,NULL,NULL,NULL
dbo,SalesOrderDocuments,6,Document,image,1,0,0,NULL,NULL,NULL,NULL,NULL,NULL,NULL
dbo,SalesOrderDocuments,7,TimeStamp,timestamp,0,0,0,NULL,NULL,NULL,NULL,NULL,NULL,NULL
dbo,SalesOrderDocuments,8,FilePath,varchar(255),1,0,0,NULL,NULL,NULL,NULL,NULL,NULL,NULL
dbo,SalesSurveyRatingDetails,1,surveyRatingId,int,0,1,0,NULL,1,NULL,NULL,NULL,NULL,NULL
dbo,SalesSurveyRatingDetails,2,OrderId,int,0,0,0,NULL,NULL,NULL,NULL,NULL,NULL,NULL
dbo,SalesSurveyRatingDetails,3,QuestionId,int,0,0,0,NULL,NULL,NULL,NULL,NULL,NULL,NULL
dbo,SalesSurveyRatingDetails,4,QuestionTypeId,int,0,0,0,NULL,NULL,NULL,NULL,NULL,NULL,NULL
dbo,SalesSurveyRatingDetails,5,OptionId,int,0,0,0,NULL,NULL,NULL,NULL,NULL,NULL,NULL
dbo,SalesSurveyRatingDetails,6,SubTypeId,int,0,0,0,NULL,NULL,NULL,NULL,NULL,NULL,NULL
dbo,SalesSurveyRatingDetails,7,SubTypeRating,nvarchar(100),0,0,0,NULL,NULL,NULL,NULL,NULL,NULL,NULL
dbo,SalesSurveyRatingDetails,8,IsYesNoType,bit,0,0,0,NULL,NULL,NULL,NULL,NULL,NULL,NULL
dbo,SCHEDULED_DETAILS,1,SCHDET_COMPANY_ID,int,0,0,0,NULL,1,NULL,NULL,NULL,NULL,NULL
dbo,SCHEDULED_DETAILS,2,SCHDET_DISPATCH_CENTER,int,0,0,0,NULL,2,NULL,NULL,NULL,NULL,NULL
dbo,SCHEDULED_DETAILS,3,SCHDET_WHS_NUMBER,int,0,0,0,NULL,3,NULL,NULL,NULL,NULL,NULL
dbo,SCHEDULED_DETAILS,4,SCHDET_SDT_NUMBER,int,0,0,0,NULL,4,NULL,NULL,NULL,NULL,NULL
dbo,SCHEDULED_DETAILS,5,SCHDET_LINE_NUMBER,int,0,0,0,NULL,5,NULL,NULL,NULL,NULL,NULL
dbo,SCHEDULED_DETAILS,6,SCHDET_SEQUENCE_NUMBER,smallint,0,0,0,NULL,6,NULL,NULL,NULL,NULL,NULL
dbo,SCHEDULED_DETAILS,7,SCHDET_INSTALL_DATE,datetime,1,0,0,NULL,NULL,NULL,NULL,NULL,NULL,NULL
dbo,SCHEDULED_DETAILS,8,SCHDET_ITEM_TYPE,varchar(13),1,0,0,NULL,NULL,NULL,NULL,NULL,NULL,NULL
dbo,SCHEDULED_DETAILS,9,SCHDET_QUANTITY,float,1,0,0,NULL,NULL,NULL,NULL,NULL,NULL,NULL
dbo,SCHEDULED_DETAILS,10,SCHDET_UOM,varchar(3),1,0,0,NULL,NULL,NULL,NULL,NULL,NULL,NULL
dbo,SCHEDULED_DETAILS,11,SCHDET_INSTALLER,varchar(8),1,0,0,NULL,NULL,NULL,NULL,NULL,NULL,NULL
dbo,SCHEDULED_DETAILS,12,SCHDET_ID,int,0,1,0,NULL,NULL,NULL,NULL,NULL,NULL,NULL
dbo,SCHEDULED_DETAILS,13,SCHDET_SCHEDULED_TIME,varchar(20),1,0,0,(''),NULL,NULL,NULL,NULL,NULL,NULL
dbo,SCHEDULED_DETAILS,14,SCHDET_ESTIMATED_TIME,varchar(5),1,0,0,(''),NULL,NULL,NULL,NULL,NULL,NULL
dbo,SHIP_COSTING_DETAIL,1,SCD_COMPANY_ID,int,0,0,0,NULL,NULL,NULL,NULL,NULL,NULL,NULL
dbo,SHIP_COSTING_DETAIL,2,SCD_VENDOR_NUMBER,varchar(7),0,0,0,NULL,NULL,NULL,NULL,NULL,NULL,NULL
dbo,SHIP_COSTING_DETAIL,3,SCD_SHIPMENT_NUMBER,varchar(6),0,0,0,NULL,NULL,NULL,NULL,NULL,NULL,NULL
dbo,SHIP_COSTING_DETAIL,4,SCD_GROUP_CONTAINER,int,0,0,0,NULL,NULL,NULL,NULL,NULL,NULL,NULL
dbo,SHIP_COSTING_DETAIL,5,SCD_LINE_NUMBER,int,0,0,0,NULL,NULL,NULL,NULL,NULL,NULL,NULL
dbo,SHIP_COSTING_DETAIL,6,SCD_PURCHASE_ORDER_NUMBER,int,1,0,0,NULL,NULL,NULL,NULL,NULL,NULL,NULL
dbo,SHIP_COSTING_DETAIL,7,SCD_PURCHASE_ORDER_LINE_NO,int,1,0,0,NULL,NULL,NULL,NULL,NULL,NULL,NULL
dbo,SHIP_COSTING_DETAIL,8,SCD_PURCHASE_ORDER_WHS_NUMBER,int,1,0,0,NULL,NULL,NULL,NULL,NULL,NULL,NULL
dbo,SHIP_COSTING_DETAIL,9,SCD_ITEM_FIRST,varchar(6),1,0,0,NULL,NULL,NULL,NULL,NULL,NULL,NULL
dbo,SHIP_COSTING_DETAIL,10,SCD_ITEM_LAST,varchar(9),1,0,0,NULL,NULL,NULL,NULL,NULL,NULL,NULL
dbo,SHIP_COSTING_DETAIL,11,SCD_ROLL_LOT,varchar(15),1,0,0,NULL,NULL,NULL,NULL,NULL,NULL,NULL
dbo,SHIP_COSTING_DETAIL,12,SCD_DYE_LOT,varchar(15),1,0,0,NULL,NULL,NULL,NULL,NULL,NULL,NULL
dbo,SHIP_COSTING_DETAIL,13,SCD_MILL,varchar(15),1,0,0,NULL,NULL,NULL,NULL,NULL,NULL,NULL
dbo,SHIP_COSTING_DETAIL,14,SCD_QUANTITY_RECEIVED,float,1,0,0,NULL,NULL,NULL,NULL,NULL,NULL,NULL
dbo,SHIP_COSTING_DETAIL,15,SCD_QUANTITY_RECEIVED_UOM,varchar(3),1,0,0,NULL,NULL,NULL,NULL,NULL,NULL,NULL
dbo,SHIP_COSTING_DETAIL,16,SCD_VENDOR_PRICE,float,1,0,0,NULL,NULL,NULL,NULL,NULL,NULL,NULL
dbo,SHIP_COSTING_DETAIL,17,SCD_VENDOR_PRICE_UOM,varchar(3),1,0,0,NULL,NULL,NULL,NULL,NULL,NULL,NULL
dbo,SHIP_COSTING_DETAIL,18,SCD_DUTY_RATE,float,1,0,0,NULL,NULL,NULL,NULL,NULL,NULL,NULL
dbo,SHIP_COSTING_DETAIL,19,SCD_VENDOR_COST_PRICE,float,1,0,0,NULL,NULL,NULL,NULL,NULL,NULL,NULL
dbo,SHIP_COSTING_DETAIL,20,SCD_DUTY,float,1,0,0,NULL,NULL,NULL,NULL,NULL,NULL,NULL
dbo,SHIP_COSTING_DETAIL,21,SCD_FREIGHT,float,1,0,0,NULL,NULL,NULL,NULL,NULL,NULL,NULL
dbo,SHIP_COSTING_DETAIL,22,SCD_MISCELLANEOUS,float,1,0,0,NULL,NULL,NULL,NULL,NULL,NULL,NULL
dbo,SHIP_COSTING_DETAIL,23,SCD_INSURANCE,float,1,0,0,NULL,NULL,NULL,NULL,NULL,NULL,NULL
dbo,SHIP_COSTING_DETAIL,24,SCD_AGENT_COMMISSION,float,1,0,0,NULL,NULL,NULL,NULL,NULL,NULL,NULL
dbo,SHIP_COSTING_DETAIL,25,SCD_BROKER_FEE,float,1,0,0,NULL,NULL,NULL,NULL,NULL,NULL,NULL
dbo,SHIP_COSTING_DETAIL,26,SCD_FREIGHT_INLAND,float,1,0,0,NULL,NULL,NULL,NULL,NULL,NULL,NULL
dbo,SHIP_COSTING_DETAIL,27,SCD_FINANCE_CHARGES,float,1,0,0,NULL,NULL,NULL,NULL,NULL,NULL,NULL
dbo,SHIP_COSTING_DETAIL,28,SCD_LANDED_COST,float,1,0,0,NULL,NULL,NULL,NULL,NULL,NULL,NULL
dbo,SHIP_COSTING_DETAIL,29,SCD_VENDOR_PR_PRICE,int,1,0,0,NULL,NULL,NULL,NULL,NULL,NULL,NULL
dbo,SHIP_COSTING_DETAIL,30,SCD_DAMAGED_FLAG,bit,0,0,0,NULL,NULL,NULL,NULL,NULL,NULL,NULL
dbo,SHIP_COSTING_DETAIL,31,SCD_WEIGHT,real,1,0,0,NULL,NULL,NULL,NULL,NULL,NULL,NULL
dbo,SHIP_COSTING_DIMENSIONS,1,SCM_COMPANY_ID,int,0,0,0,NULL,NULL,NULL,NULL,NULL,NULL,NULL
dbo,SHIP_COSTING_DIMENSIONS,2,SCM_VENDOR_NUMBER,varchar(7),0,0,0,NULL,NULL,NULL,NULL,NULL,NULL,NULL
dbo,SHIP_COSTING_DIMENSIONS,3,SCM_SHIPMENT_NUMBER,varchar(6),0,0,0,NULL,NULL,NULL,NULL,NULL,NULL,NULL
dbo,SHIP_COSTING_DIMENSIONS,4,SCM_GROUP_CONTAINER,int,0,0,0,NULL,NULL,NULL,NULL,NULL,NULL,NULL
dbo,SHIP_COSTING_DIMENSIONS,5,SCM_DETAIL_LINE_NUMBER,int,0,0,0,NULL,NULL,NULL,NULL,NULL,NULL,NULL
dbo,SHIP_COSTING_DIMENSIONS,6,SCM_LINE_NUMBER,int,0,0,0,NULL,NULL,NULL,NULL,NULL,NULL,NULL
dbo,SHIP_COSTING_DIMENSIONS,7,SCM_LENGTH,int,1,0,0,NULL,NULL,NULL,NULL,NULL,NULL,NULL
dbo,SHIP_COSTING_DIMENSIONS,8,SCM_WIDTH,int,1,0,0,NULL,NULL,NULL,NULL,NULL,NULL,NULL
dbo,SHIP_COSTING_DIMENSIONS,9,SCM_DEPTH,int,1,0,0,NULL,NULL,NULL,NULL,NULL,NULL,NULL
dbo,SHIP_COSTING_DIMENSIONS,10,SCM_ROLL_LOT,varchar(15),1,0,0,NULL,NULL,NULL,NULL,NULL,NULL,NULL
dbo,SHIP_COSTING_HEADER,1,SCH_COMPANY_ID,int,0,0,0,NULL,NULL,NULL,NULL,NULL,NULL,NULL
dbo,SHIP_COSTING_HEADER,2,SCH_VENDOR_NUMBER,varchar(7),0,0,0,NULL,NULL,NULL,NULL,NULL,NULL,NULL
dbo,SHIP_COSTING_HEADER,3,SCH_SHIPMENT_NUMBER,varchar(6),0,0,0,NULL,NULL,NULL,NULL,NULL,NULL,NULL
dbo,SHIP_COSTING_HEADER,4,SCH_GROUP_CONTAINER,int,0,0,0,NULL,NULL,NULL,NULL,NULL,NULL,NULL
dbo,SHIP_COSTING_HEADER,5,SCH_COSTING_DATE,smalldatetime,0,0,0,NULL,NULL,NULL,NULL,NULL,NULL,NULL
dbo,SHIP_COSTING_HEADER,6,SCH_INVOICE_NUMBER,int,1,0,0,NULL,NULL,NULL,NULL,NULL,NULL,NULL
dbo,SHIP_COSTING_HEADER,7,SCH_DATE_RECEIVED,smalldatetime,1,0,0,NULL,NULL,NULL,NULL,NULL,NULL,NULL
dbo,SHIP_COSTING_HEADER,8,SCH_WAREHOUSE_NUMBER,int,1,0,0,NULL,NULL,NULL,NULL,NULL,NULL,NULL
dbo,SHIP_COSTING_HEADER,9,SCH_CURRENCY,varchar(2),1,0,0,NULL,NULL,NULL,NULL,NULL,NULL,NULL
dbo,SHIP_COSTING_HEADER,10,SCH_EXCHANGE_RATE,float,1,0,0,NULL,NULL,NULL,NULL,NULL,NULL,NULL
dbo,SHIP_COSTING_HEADER,11,SCH_INVENTORY_DATE,smalldatetime,1,0,0,NULL,NULL,NULL,NULL,NULL,NULL,NULL
dbo,SHIP_COSTING_HEADER,12,SCH_VESSEL,varchar(20),1,0,0,NULL,NULL,NULL,NULL,NULL,NULL,NULL
dbo,SHIP_COSTING_HEADER,13,SCH_TOTAL_FREIGHT,float,1,0,0,NULL,NULL,NULL,NULL,NULL,NULL,NULL
dbo,SHIP_COSTING_HEADER,14,SCH_TOTAL_MISCELLANEOUS,float,1,0,0,NULL,NULL,NULL,NULL,NULL,NULL,NULL
dbo,SHIP_COSTING_HEADER,15,SCH_TOTAL_FREIGHT_INLAND,float,1,0,0,NULL,NULL,NULL,NULL,NULL,NULL,NULL
dbo,SHIP_COSTING_HEADER,16,SCH_TOTAL_BROKER,float,1,0,0,NULL,NULL,NULL,NULL,NULL,NULL,NULL
dbo,SHIP_COSTING_HEADER,17,SCH_CHARGE_DISTRIBUTION_TYPE,int,1,0,0,NULL,NULL,NULL,NULL,NULL,NULL,NULL
dbo,SHIP_COSTING_HEADER,18,SCH_INSURANCE_RATE,float,1,0,0,NULL,NULL,NULL,NULL,NULL,NULL,NULL
dbo,SHIP_COSTING_HEADER,19,SCH_AGENT_COMMISSION,float,1,0,0,NULL,NULL,NULL,NULL,NULL,NULL,NULL
dbo,SHIP_COSTING_HEADER,20,SCH_FINANCE_CHARGES_RATE,float,1,0,0,NULL,NULL,NULL,NULL,NULL,NULL,NULL
dbo,SHIP_COSTING_HEADER,21,SCH_FREIGHT_CHARGES,float,1,0,0,NULL,NULL,NULL,NULL,NULL,NULL,NULL
dbo,SHIP_COSTING_HEADER,22,SCH_MISCELLANEOUS_CHARGES,float,1,0,0,NULL,NULL,NULL,NULL,NULL,NULL,NULL
dbo,SHIP_COSTING_HEADER,23,SCH_FREIGHT_INLAND,float,1,0,0,NULL,NULL,NULL,NULL,NULL,NULL,NULL
dbo,SHIP_COSTING_HEADER,24,SCH_BROKER_FEES,float,1,0,0,NULL,NULL,NULL,NULL,NULL,NULL,NULL
dbo,SHIP_COSTING_HEADER,25,SCH_FILES_UPDATED,bit,0,0,0,NULL,NULL,NULL,NULL,NULL,NULL,NULL
dbo,SHIP_COSTING_HEADER,26,SCH_TOTAL_VALUE,float,1,0,0,NULL,NULL,NULL,NULL,NULL,NULL,NULL
dbo,SHIP_COSTING_HEADER,27,SCH_TOTAL_DUTY,float,1,0,0,NULL,NULL,NULL,NULL,NULL,NULL,NULL
dbo,SHIP_COSTING_HEADER,28,SCH_TOTAL_INSURANCE,float,1,0,0,NULL,NULL,NULL,NULL,NULL,NULL,NULL
dbo,SHIP_COSTING_HEADER,29,SCH_TOTAL_AGENT_COMMISSION,float,1,0,0,NULL,NULL,NULL,NULL,NULL,NULL,NULL
dbo,SHIP_COSTING_HEADER,30,SCH_TOTAL_FINANCE_CHARGES,float,1,0,0,NULL,NULL,NULL,NULL,NULL,NULL,NULL
dbo,SHIP_COSTING_HEADER,31,SCH_BOL_NUMBER,varchar(10),1,0,0,NULL,NULL,NULL,NULL,NULL,NULL,NULL
dbo,SHIP_COSTING_HEADER,32,SCH_BOL_DATE,smalldatetime,1,0,0,NULL,NULL,NULL,NULL,NULL,NULL,NULL
dbo,SHIP_VIA,1,SVIA_COMPANY_ID,int,0,0,0,NULL,1,NULL,NULL,NULL,NULL,NULL
dbo,SHIP_VIA,2,SVIA_COMPANY,varchar(15),0,0,0,NULL,2,NULL,NULL,NULL,NULL,NULL
dbo,SHIP_VIA,3,SVIA_DEFAULT,bit,0,0,0,NULL,NULL,NULL,NULL,NULL,NULL,NULL
dbo,SHIP_VIA,4,SVIA_ID,int,0,1,0,NULL,NULL,NULL,NULL,NULL,NULL,NULL
dbo,SMTP_Options,1,SMTP_Location,"decimal(3,0)",1,0,0,NULL,NULL,NULL,NULL,NULL,NULL,NULL
dbo,SMTP_Options,2,SMTP_Server,varchar(255),1,0,0,NULL,NULL,NULL,NULL,NULL,NULL,NULL
dbo,SMTP_Options,3,SMTP_Port,"decimal(5,0)",1,0,0,NULL,NULL,NULL,NULL,NULL,NULL,NULL
dbo,SMTP_Options,4,SMTP_UserName,varchar(255),1,0,0,NULL,NULL,NULL,NULL,NULL,NULL,NULL
dbo,SMTP_Options,5,SMTP_Password,varchar(255),1,0,0,NULL,NULL,NULL,NULL,NULL,NULL,NULL
dbo,SMTP_Options,6,SMTP_USE_TLS,bit,1,0,0,NULL,NULL,NULL,NULL,NULL,NULL,NULL
dbo,SMTP_Options,7,SMTP_Auth,bit,1,0,0,NULL,NULL,NULL,NULL,NULL,NULL,NULL
dbo,SMTP_Options,8,SMTP_SendMessage,varchar(max),1,0,0,NULL,NULL,NULL,NULL,NULL,NULL,NULL
dbo,SMTP_Options,9,UseSSL,bit,0,0,0,((0)),NULL,NULL,NULL,NULL,NULL,NULL
dbo,SPECIAL_PRICE,1,SPC_COMPANY_ID,int,0,0,0,NULL,1,NULL,NULL,NULL,NULL,NULL
dbo,SPECIAL_PRICE,2,SPC_SPCFIL_ID,int,0,1,0,NULL,2,NULL,NULL,NULL,NULL,NULL
dbo,SPECIAL_PRICE,3,SPC_CUMMAS_ID,int,0,0,0,NULL,3,NULL,NULL,NULL,NULL,NULL
dbo,SPECIAL_PRICE,4,SPC_ITMMAS_ID,int,0,0,0,NULL,4,NULL,NULL,NULL,NULL,NULL
dbo,SPECIAL_PRICE,5,SPC_UNIT_PRICE,real,1,0,0,NULL,NULL,NULL,NULL,NULL,NULL,NULL
dbo,SPECIAL_PRICE,6,SPC_UNIT_OF_MEASURE,varchar(2),1,0,0,NULL,NULL,NULL,NULL,NULL,NULL,NULL
dbo,SPECIAL_PRICE,7,SPC_BEGINNING_DATE,datetime,1,0,0,NULL,NULL,NULL,NULL,NULL,NULL,NULL
dbo,SPECIAL_PRICE,8,SPC_END_DATE,datetime,1,0,0,NULL,NULL,NULL,NULL,NULL,NULL,NULL
dbo,SPECIAL_PRICE,9,SPC_QUANTITY_BRK,smallint,1,0,0,NULL,NULL,NULL,NULL,NULL,NULL,NULL
dbo,SPECIAL_PRICE,10,SPC_UNIT_PRICE_CUT,real,1,0,0,NULL,NULL,NULL,NULL,NULL,NULL,NULL
dbo,SPECIAL_PRICING,1,SP_ID,int,0,1,0,NULL,1,NULL,NULL,NULL,NULL,NULL
dbo,SPECIAL_PRICING,2,SP_Company_ID,int,0,0,0,NULL,NULL,FK_SPECIAL_PRICING_CUSTOMER_MASTER,dbo,CUSTOMER_MASTER,CUM_COMPANY_ID,NULL
dbo,SPECIAL_PRICING,2,SP_Company_ID,int,0,0,0,NULL,NULL,FK_SPECIAL_PRICING_ITEM_MASTER,dbo,ITEM_MASTER,ITM_COMPANY_ID,NULL
dbo,SPECIAL_PRICING,3,SP_Cummas_ID,varchar(10),0,0,0,NULL,NULL,FK_SPECIAL_PRICING_CUSTOMER_MASTER,dbo,CUSTOMER_MASTER,CUM_CUSTOMER_NUMBER,NULL
dbo,SPECIAL_PRICING,4,SP_Itm_First,varchar(6),0,0,0,NULL,NULL,FK_SPECIAL_PRICING_ITEM_MASTER,dbo,ITEM_MASTER,ITM_ID_FIRST,NULL
dbo,SPECIAL_PRICING,5,SP_Itm_Last,varchar(9),0,0,0,NULL,NULL,FK_SPECIAL_PRICING_ITEM_MASTER,dbo,ITEM_MASTER,ITM_ID_LAST,NULL
dbo,SPECIAL_PRICING,6,SP_Unit_Price,money,1,0,0,NULL,NULL,NULL,NULL,NULL,NULL,NULL
dbo,SPECIAL_PRICING,7,SP_Unit_Price_Cut,money,1,0,0,NULL,NULL,NULL,NULL,NULL,NULL,NULL
dbo,SPECIAL_PRICING,8,SP_Itm_Price_UOM,varchar(2),0,0,0,NULL,NULL,NULL,NULL,NULL,NULL,NULL
dbo,SPECIAL_PRICING,9,SP_Effective_Date,datetime,0,0,0,NULL,NULL,NULL,NULL,NULL,NULL,NULL
dbo,SPECIAL_PRICING,10,SP_Expiration_Date,datetime,0,0,0,NULL,NULL,NULL,NULL,NULL,NULL,NULL
dbo,STATE,1,ST_ID,int,0,1,0,NULL,NULL,NULL,NULL,NULL,NULL,NULL
dbo,STATE,2,ST_CODE,varchar(2),0,0,0,NULL,1,NULL,NULL,NULL,NULL,NULL
dbo,STATE,3,ST_NAME,varchar(20),1,0,0,NULL,NULL,NULL,NULL,NULL,NULL,NULL
dbo,STATE,4,ST_COUNTRY_ID,int,0,0,0,NULL,NULL,NULL,NULL,NULL,NULL,NULL
dbo,STATE,5,ST_FOREIGN_TAX,bit,0,0,0,NULL,NULL,NULL,NULL,NULL,NULL,NULL
dbo,Station,1,Id,smallint,0,1,0,NULL,1,NULL,NULL,NULL,NULL,NULL
dbo,Station,2,StationName,varchar(30),1,0,0,NULL,NULL,NULL,NULL,NULL,NULL,NULL
dbo,Station,3,Warehouse_Id,int,1,0,0,NULL,NULL,NULL,NULL,NULL,NULL,NULL
dbo,StationOption,1,Id,smallint,0,1,0,NULL,1,NULL,NULL,NULL,NULL,NULL
dbo,StationOption,2,Station_Id,smallint,1,0,0,NULL,NULL,NULL,NULL,NULL,NULL,NULL
dbo,StationOption,3,OptionName,varchar(30),1,0,0,NULL,NULL,NULL,NULL,NULL,NULL,NULL
dbo,StationOption,4,OptionValue,varchar(50),1,0,0,NULL,NULL,NULL,NULL,NULL,NULL,NULL
dbo,STOCK_REGISTER,1,STK_COMPANY_ID,int,0,0,0,NULL,1,NULL,NULL,NULL,NULL,NULL
dbo,STOCK_REGISTER,2,STK_WHS_ID,int,0,0,0,NULL,2,NULL,NULL,NULL,NULL,NULL
dbo,STOCK_REGISTER,3,STK_TRANSACTION_DATE,datetime,0,0,0,NULL,3,NULL,NULL,NULL,NULL,NULL
dbo,STOCK_REGISTER,4,STK_ITEM_FIRST,varchar(6),0,0,0,NULL,4,NULL,NULL,NULL,NULL,NULL
dbo,STOCK_REGISTER,5,STK_ITEM_LAST,varchar(9),0,0,0,NULL,5,NULL,NULL,NULL,NULL,NULL
dbo,STOCK_REGISTER,6,STK_ITEM_ROLL_LOT,varchar(15),0,0,0,NULL,6,NULL,NULL,NULL,NULL,NULL
dbo,STOCK_REGISTER,7,STK_TRANSACTION_TYPE,varchar(1),0,0,0,NULL,7,NULL,NULL,NULL,NULL,NULL
dbo,STOCK_REGISTER,8,STK_TRANSACTION_TIME,datetime,0,0,0,NULL,8,NULL,NULL,NULL,NULL,NULL
dbo,STOCK_REGISTER,9,STK_RECEIPT_WAREHOUSE_NUMBER,int,1,0,0,NULL,NULL,NULL,NULL,NULL,NULL,NULL
dbo,STOCK_REGISTER,10,STK_REFERENCE_NUMBER,varchar(255),0,0,0,NULL,NULL,NULL,NULL,NULL,NULL,NULL
dbo,STOCK_REGISTER,11,STK_QUANTITY,float,1,0,0,NULL,NULL,NULL,NULL,NULL,NULL,NULL
dbo,STOCK_REGISTER,12,STK_COST,float,1,0,0,NULL,NULL,NULL,NULL,NULL,NULL,NULL
dbo,STOCK_REGISTER,13,STK_ON_HAND,float,1,0,0,NULL,NULL,NULL,NULL,NULL,NULL,NULL
dbo,STOCK_REGISTER,14,STK_ON_ORDER,float,1,0,0,NULL,NULL,NULL,NULL,NULL,NULL,NULL
dbo,STOCK_REGISTER,15,STK_ALLOCATED,float,1,0,0,NULL,NULL,NULL,NULL,NULL,NULL,NULL
dbo,STOCK_REGISTER,16,STK_QUANTITY_BO,float,1,0,0,NULL,NULL,NULL,NULL,NULL,NULL,NULL
dbo,STOCK_REGISTER,17,STK_CONSIGN,float,1,0,0,NULL,NULL,NULL,NULL,NULL,NULL,NULL
dbo,STOCK_REGISTER,18,STK_ON_HOLD,float,1,0,0,NULL,NULL,NULL,NULL,NULL,NULL,NULL
dbo,STOCK_REGISTER,19,STK_MILL_DYE_LOT,varchar(15),1,0,0,NULL,NULL,NULL,NULL,NULL,NULL,NULL
dbo,STOCK_REGISTER,20,STK_BIN,varchar(6),1,0,0,NULL,NULL,NULL,NULL,NULL,NULL,NULL
dbo,STOCK_REGISTER,21,STK_SALES_ORDER_NUMBER,int,1,0,0,NULL,NULL,NULL,NULL,NULL,NULL,NULL
dbo,STOCK_REGISTER,22,STK_CUSTOMER_NUMBER,varchar(10),1,0,0,NULL,NULL,NULL,NULL,NULL,NULL,NULL
dbo,STOCK_REGISTER,23,STK_PO_NUMBER,int,1,0,0,NULL,NULL,NULL,NULL,NULL,NULL,NULL
dbo,STOCK_REGISTER,24,STK_PO_LINE_NUMBER,int,1,0,0,NULL,NULL,NULL,NULL,NULL,NULL,NULL
dbo,STOCK_REGISTER,25,STK_WIDTH,float,1,0,0,NULL,NULL,NULL,NULL,NULL,NULL,NULL
dbo,STOCK_REGISTER,26,STK_LENGTH,float,1,0,0,NULL,NULL,NULL,NULL,NULL,NULL,NULL
dbo,STOCK_REGISTER,27,STK_DEPTH,float,1,0,0,NULL,NULL,NULL,NULL,NULL,NULL,NULL
dbo,STOCK_REQUIRED,1,SRF_COMPANY_ID,int,0,0,0,NULL,NULL,NULL,NULL,NULL,NULL,NULL
dbo,STOCK_REQUIRED,2,SRF_VENDOR_NUMBER,varchar(7),0,0,0,NULL,NULL,NULL,NULL,NULL,NULL,NULL
dbo,STOCK_REQUIRED,3,SRF_SALES_ORDER_NUMBER,int,0,0,0,NULL,NULL,NULL,NULL,NULL,NULL,NULL
dbo,STOCK_REQUIRED,4,SRF_SALES_ORDER_LINE_NUMBER,smallint,0,0,0,NULL,NULL,NULL,NULL,NULL,NULL,NULL
dbo,STOCK_REQUIRED,5,SRF_WAREHOUSE_NUMBER,smallint,0,0,0,NULL,NULL,NULL,NULL,NULL,NULL,NULL
dbo,STOCK_REQUIRED,6,SRF_ITEM_ID_FIRST,varchar(6),1,0,0,NULL,NULL,NULL,NULL,NULL,NULL,NULL
dbo,STOCK_REQUIRED,7,SRF_ITEM_ID_LAST,varchar(9),1,0,0,NULL,NULL,NULL,NULL,NULL,NULL,NULL
dbo,STOCK_REQUIRED,8,SRF_SALES_ORDER_DATE,datetime,1,0,0,NULL,NULL,NULL,NULL,NULL,NULL,NULL
dbo,STOCK_REQUIRED,9,SRF_CUSTOMER_NUMBER,varchar(10),1,0,0,NULL,NULL,NULL,NULL,NULL,NULL,NULL
dbo,STOCK_REQUIRED,10,SRF_QTY_BACKORDER,real,1,0,0,NULL,NULL,NULL,NULL,NULL,NULL,NULL
dbo,STOCK_REQUIRED,11,SRF_QTY_BACKORDER_UOM,varchar(3),1,0,0,NULL,NULL,NULL,NULL,NULL,NULL,NULL
dbo,STOCK_REQUIRED,12,SRF_CUSTOMER_NAME,varchar(30),1,0,0,NULL,NULL,NULL,NULL,NULL,NULL,NULL
dbo,STOCK_REQUIRED,13,SRF_PURCHASE_ORDER_WHS,int,1,0,0,NULL,NULL,NULL,NULL,NULL,NULL,NULL
dbo,STOCK_REQUIRED,14,SRF_PURCHASE_ORDER_NUMBER,int,1,0,0,NULL,NULL,NULL,NULL,NULL,NULL,NULL
dbo,STOCK_REQUIRED,15,SRF_PURCHASE_ORDER_LINE_NUMBER,smallint,1,0,0,NULL,NULL,NULL,NULL,NULL,NULL,NULL
dbo,STOCK_REQUIRED,16,SRF_PURCHASE_ORDER_DATE_WANTED,datetime,1,0,0,NULL,NULL,NULL,NULL,NULL,NULL,NULL
dbo,STOCK_REQUIRED,17,SRF_IN_TRANSFER,varchar(1),1,0,0,NULL,NULL,NULL,NULL,NULL,NULL,NULL
dbo,STOCK_REQUIRED,18,SRF_IN_TRANSFER_FROM,varchar(3),1,0,0,NULL,NULL,NULL,NULL,NULL,NULL,NULL
dbo,STOCK_REQUIRED,19,SRF_DELIVERY_DATE,datetime,1,0,0,NULL,NULL,NULL,NULL,NULL,NULL,NULL
dbo,STOCK_REQUIRED,20,SRF_DATE_SHIPPED,datetime,1,0,0,NULL,NULL,NULL,NULL,NULL,NULL,NULL
dbo,STOCK_REQUIRED,21,SRF_TRACK_NUMBER,smallint,1,0,0,NULL,NULL,NULL,NULL,NULL,NULL,NULL
dbo,STOCK_REQUIRED,22,SRF_AUTHORIZED_FLAG,bit,0,0,0,NULL,NULL,NULL,NULL,NULL,NULL,NULL
dbo,STOCK_REQUIRED,23,SRF_REVISED_PO_FLAG,bit,0,0,0,NULL,NULL,NULL,NULL,NULL,NULL,NULL
dbo,STOCK_REQUIRED,24,SRF_AUTHORIZED_DATE,datetime,1,0,0,NULL,NULL,NULL,NULL,NULL,NULL,NULL
dbo,STOCK_REQUIRED,25,SRF_ASN_IN_TRANSFER_FLAG,bit,0,0,0,NULL,NULL,NULL,NULL,NULL,NULL,NULL
dbo,STOCK_REQUIRED,26,SRF_ASN_IN_TRANSFER_DATE,datetime,1,0,0,NULL,NULL,NULL,NULL,NULL,NULL,NULL
dbo,STOCK_REQUIRED,27,SRF_ASN_ADV_CODE,varchar(2),1,0,0,NULL,NULL,NULL,NULL,NULL,NULL,NULL
dbo,STOCK_REQUIRED,28,SRF_RUG_LENGTH,"numeric(9,2)",1,0,0,NULL,NULL,NULL,NULL,NULL,NULL,NULL
dbo,STOCK_REQUIRED,29,SRF_RUG_WIDTH,"numeric(9,2)",1,0,0,NULL,NULL,NULL,NULL,NULL,NULL,NULL
dbo,STOCK_REQUIRED,30,srf_unit_cost,money,1,0,0,NULL,NULL,NULL,NULL,NULL,NULL,NULL
dbo,STOCK_REQUIRED,31,srf_unit_cost_uom,char(3),1,0,0,NULL,NULL,NULL,NULL,NULL,NULL,NULL
dbo,STOCK_REQUIRED,32,Id,int,0,1,0,NULL,1,NULL,NULL,NULL,NULL,NULL
dbo,STOCK_REQUIRED,33,TimeStamp,timestamp,1,0,0,NULL,NULL,NULL,NULL,NULL,NULL,NULL
dbo,STOCK_REQUIRED,34,SRF_Currently_Active,bit,0,0,0,((0)),NULL,NULL,NULL,NULL,NULL,NULL
dbo,STOCK_TRANSACTION_TYPE,1,STT_CODE,varchar(1),0,0,0,NULL,NULL,NULL,NULL,NULL,NULL,NULL
dbo,STOCK_TRANSACTION_TYPE,2,STT_DESCRIPTION,varchar(30),1,0,0,NULL,NULL,NULL,NULL,NULL,NULL,NULL
dbo,STOCK_TRANSACTION_TYPE,3,STT_SHORT_DESCRIPTION,varchar(15),1,0,0,NULL,NULL,NULL,NULL,NULL,NULL,NULL
dbo,StoreTraffic,1,CompanyID,int,0,0,0,NULL,1,NULL,NULL,NULL,NULL,NULL
dbo,StoreTraffic,2,WarehouseID,int,0,0,0,NULL,2,NULL,NULL,NULL,NULL,NULL
dbo,StoreTraffic,3,LogDate,date,0,0,0,NULL,3,NULL,NULL,NULL,NULL,NULL
dbo,StoreTraffic,4,Count,int,0,0,0,NULL,NULL,NULL,NULL,NULL,NULL,NULL
dbo,StoreTraffic,5,Comment,nvarchar(max),1,0,0,NULL,NULL,NULL,NULL,NULL,NULL,NULL
dbo,SUB_QUESTION_LIST,1,SYS_ID,int,0,1,0,NULL,1,NULL,NULL,NULL,NULL,NULL
dbo,SUB_QUESTION_LIST,2,CHECK_LIST_ID,int,0,0,0,NULL,NULL,FK__SUB_QUEST__CHECK__564A9484,dbo,QUESTION_LIST,CHECK_LIST_ID,NULL
dbo,SUB_QUESTION_LIST,3,SUB_CHECK_LIST_ITEM,nvarchar(max),0,0,0,NULL,NULL,NULL,NULL,NULL,NULL,NULL
dbo,SUB_QUESTION_LIST,4,PRE_POST_FLG,bit,1,0,0,NULL,NULL,NULL,NULL,NULL,NULL,NULL
dbo,SUB_QUESTION_LIST,7,CHECK_LIST_ITEM_ES,nvarchar(max),1,0,0,NULL,NULL,NULL,NULL,NULL,NULL,NULL
dbo,Surface,1,Id,uniqueidentifier,0,0,0,NULL,1,NULL,NULL,NULL,NULL,NULL
dbo,Surface,2,Description,varchar(40),0,0,0,NULL,NULL,NULL,NULL,NULL,NULL,NULL
dbo,Surface,3,Code,char(10),0,0,0,NULL,NULL,NULL,NULL,NULL,NULL,NULL
dbo,Surface,4,TimeStamp,timestamp,0,0,0,NULL,NULL,NULL,NULL,NULL,NULL,NULL
dbo,TAX_MASTER,1,TAX_COMPANY_ID,int,0,0,0,NULL,1,NULL,NULL,NULL,NULL,NULL
dbo,TAX_MASTER,2,TAX_STATE,varchar(2),0,0,0,NULL,2,NULL,NULL,NULL,NULL,NULL
dbo,TAX_MASTER,3,TAX_COUNTY,varchar(4),0,0,0,NULL,3,NULL,NULL,NULL,NULL,NULL
dbo,TAX_MASTER,4,TAX_CITY,varchar(4),0,0,0,NULL,4,NULL,NULL,NULL,NULL,NULL
dbo,TAX_MASTER,5,TAX_NAME,varchar(30),1,0,0,NULL,NULL,NULL,NULL,NULL,NULL,NULL
dbo,TAX_MASTER,6,TAX_SALES_TAX_RATE,real,1,0,0,NULL,NULL,NULL,NULL,NULL,NULL,NULL
dbo,TAX_MASTER,7,TAX_FREIGHT_FLAG,bit,0,0,0,NULL,NULL,NULL,NULL,NULL,NULL,NULL
dbo,TAX_MASTER,8,TAX_CHARGES_FLAG,bit,0,0,0,NULL,NULL,NULL,NULL,NULL,NULL,NULL
dbo,TAX_MASTER,9,TAX_LABOR_FLAG,bit,0,0,0,NULL,NULL,NULL,NULL,NULL,NULL,NULL
dbo,TAX_MASTER,10,TAX_USE_TAX_RATE,real,1,0,0,NULL,NULL,NULL,NULL,NULL,NULL,NULL
dbo,TAX_MASTER,11,TAX_USE_TAX_PAYABLE_CODE,varchar(1),1,0,0,NULL,NULL,NULL,NULL,NULL,NULL,NULL
dbo,TAX_MASTER,12,TAX_MAX_TAX_LIABILITY_FLAG,bit,0,0,0,NULL,NULL,NULL,NULL,NULL,NULL,NULL
dbo,TAX_MASTER,14,TAX_GOOD_SERVICE_TAX_RATE,real,1,0,0,NULL,NULL,NULL,NULL,NULL,NULL,NULL
dbo,TAX_MASTER,15,TAX_GOOD_SERVICE_TAXABLE_FLAG,bit,0,0,0,NULL,NULL,NULL,NULL,NULL,NULL,NULL
dbo,TAX_MASTER,16,TAX_TAXMAS_ID,int,0,1,0,NULL,NULL,NULL,NULL,NULL,NULL,NULL
dbo,TAX_MASTER,17,TAX_EXPORT_CODE,varchar(3),1,0,0,NULL,NULL,NULL,NULL,NULL,NULL,NULL
dbo,TAX_MASTER,18,TAX_EXEMPT_EXPIRATION_DATE_FLAG,bit,1,0,0,NULL,NULL,NULL,NULL,NULL,NULL,NULL
dbo,TAX_MASTER,19,tax_good_service_freight_flag,bit,0,0,0,NULL,NULL,NULL,NULL,NULL,NULL,NULL
dbo,TAX_MASTER,20,tax_good_service_charges_flag,bit,0,0,0,NULL,NULL,NULL,NULL,NULL,NULL,NULL
dbo,TAX_MASTER,21,tax_good_service_labor_flag,bit,0,0,0,NULL,NULL,NULL,NULL,NULL,NULL,NULL
dbo,TAX_MASTER,22,tax_add_use_tax_to_invoice_total_flag,bit,0,0,0,NULL,NULL,NULL,NULL,NULL,NULL,NULL
dbo,TAX_RATE_DISTRIBUTION,1,TRD_COMPANY_ID,int,0,0,0,NULL,1,NULL,NULL,NULL,NULL,NULL
dbo,TAX_RATE_DISTRIBUTION,2,TRD_TAXMAS_ID,int,0,0,0,NULL,2,NULL,NULL,NULL,NULL,NULL
dbo,TAX_RATE_DISTRIBUTION,3,TRD_RATE_TYPE,int,0,0,0,NULL,3,NULL,NULL,NULL,NULL,NULL
dbo,TAX_RATE_DISTRIBUTION,4,TRD_DISTRIBUTION_TYPE,int,0,0,0,NULL,4,NULL,NULL,NULL,NULL,NULL
dbo,TAX_RATE_DISTRIBUTION,5,TRD_DISTRIBUTION_RATE,smallmoney,1,0,0,NULL,NULL,NULL,NULL,NULL,NULL,NULL
dbo,TAX_RATE_DISTRIBUTION,6,TRD_DISTRIBUTION_ID,int,0,1,0,NULL,NULL,NULL,NULL,NULL,NULL,NULL
dbo,TAX_RATE_DISTRIBUTION,7,trd_max_tax_liability_amount,smallmoney,1,0,0,NULL,NULL,NULL,NULL,NULL,NULL,NULL
dbo,TEMP_INSTALLER_DETAILS,1,SYS_ID,int,0,1,0,NULL,1,NULL,NULL,NULL,NULL,NULL
dbo,TEMP_INSTALLER_DETAILS,2,ORDER_ID,int,1,0,0,NULL,NULL,NULL,NULL,NULL,NULL,NULL
dbo,TEMP_INSTALLER_DETAILS,3,INSTALLER_NAME,nvarchar(100),1,0,0,NULL,NULL,NULL,NULL,NULL,NULL,NULL
dbo,TEMP_INSTALLER_DETAILS,4,INSTALLER_CODE,int,1,0,0,NULL,NULL,NULL,NULL,NULL,NULL,NULL
dbo,TEMP_INSTALLER_DETAILS,5,INSTALL_DATE,datetime,1,0,0,NULL,NULL,NULL,NULL,NULL,NULL,NULL
dbo,TEMP_QLIST,1,CHECK_LIST_ID,int,0,1,0,NULL,NULL,NULL,NULL,NULL,NULL,NULL
dbo,TEMP_QLIST,2,CHECK_LIST_ITEM,nvarchar(max),0,0,0,NULL,NULL,NULL,NULL,NULL,NULL,NULL
dbo,TEMP_QLIST,3,PRE_POST_FLG,bit,0,0,0,NULL,NULL,NULL,NULL,NULL,NULL,NULL
dbo,TEMP_QLIST,4,SPANISH,nvarchar(max),1,0,0,NULL,NULL,NULL,NULL,NULL,NULL,NULL
dbo,TEMP_QLIST,5,LANG_FLG,bit,1,0,0,NULL,NULL,NULL,NULL,NULL,NULL,NULL
dbo,TIMBERLINE_LOG,1,TLT_COMPANY_ID,int,0,0,0,NULL,NULL,NULL,NULL,NULL,NULL,NULL
dbo,TIMBERLINE_LOG,2,TLT_WHSMAS_ID,int,0,0,0,NULL,NULL,NULL,NULL,NULL,NULL,NULL
dbo,TIMBERLINE_LOG,3,TLT_SALOHD_ID,int,0,0,0,NULL,NULL,NULL,NULL,NULL,NULL,NULL
dbo,TIMBERLINE_LOG,4,TLT_ITEM_FIRST,varchar(6),1,0,0,NULL,NULL,NULL,NULL,NULL,NULL,NULL
dbo,TIMBERLINE_LOG,5,TLT_ITEM_LAST,varchar(9),1,0,0,NULL,NULL,NULL,NULL,NULL,NULL,NULL
dbo,TIMBERLINE_LOG,6,TLT_ITEM_ROLL_LOT,varchar(15),1,0,0,NULL,NULL,NULL,NULL,NULL,NULL,NULL
dbo,TIMBERLINE_LOG,7,TLT_EXTENDED_COST,float,1,0,0,NULL,NULL,NULL,NULL,NULL,NULL,NULL
dbo,TIMBERLINE_LOG,8,TLT_GL_SALES_ACCOUNT,int,1,0,0,NULL,NULL,NULL,NULL,NULL,NULL,NULL
dbo,TIMBERLINE_LOG,9,TLT_USE_TAX_AMOUNT,float,1,0,0,NULL,NULL,NULL,NULL,NULL,NULL,NULL
dbo,USER_EVENT_SETTINGS,1,UEVT_COMPANY_ID,int,0,0,0,NULL,1,NULL,NULL,NULL,NULL,NULL
dbo,USER_EVENT_SETTINGS,2,UEVT_USER_ID,int,0,0,0,NULL,2,NULL,NULL,NULL,NULL,NULL
dbo,USER_EVENT_SETTINGS,3,UEVT_EVENT_ID,int,0,0,0,NULL,3,NULL,NULL,NULL,NULL,NULL
dbo,USER_EVENT_SETTINGS,4,UEVT_NOTIFY,bit,0,0,0,NULL,NULL,NULL,NULL,NULL,NULL,NULL
dbo,USER_INFO,1,USER_FNAME,varchar(50),0,0,0,NULL,NULL,NULL,NULL,NULL,NULL,NULL
dbo,USER_INFO,2,USER_LNAME,varchar(50),0,0,0,NULL,NULL,NULL,NULL,NULL,NULL,NULL
dbo,USER_INFO,3,USER_LOGIN,varchar(15),0,0,0,NULL,NULL,NULL,NULL,NULL,NULL,NULL
dbo,USER_INFO,4,USER_PWD,varchar(10),1,0,0,NULL,NULL,NULL,NULL,NULL,NULL,NULL
dbo,USER_INFO,5,USER_NEW,bit,0,0,0,NULL,NULL,NULL,NULL,NULL,NULL,NULL
dbo,USER_INFO,6,USER_ID,int,0,1,0,NULL,1,NULL,NULL,NULL,NULL,NULL
dbo,USER_INFO,7,USER_PCCHARGE,varchar(10),1,0,0,NULL,NULL,NULL,NULL,NULL,NULL,NULL
dbo,USER_LOG,1,LOG_USER_ID,int,0,0,0,NULL,NULL,NULL,NULL,NULL,NULL,NULL
dbo,USER_LOG,2,LOG_ACTION,int,0,0,0,NULL,NULL,NULL,NULL,NULL,NULL,NULL
dbo,USER_LOG,3,LOG_DATE_TIME,datetime,0,0,0,NULL,NULL,NULL,NULL,NULL,NULL,NULL
dbo,USER_LOG,4,LOG_ID,int,0,1,0,NULL,1,NULL,NULL,NULL,NULL,NULL
dbo,USER_MENU_SETTINGS,1,UMNU_USER_ID,int,0,0,0,NULL,1,NULL,NULL,NULL,NULL,NULL
dbo,USER_MENU_SETTINGS,2,UMNU_MENU_ID,int,0,0,0,NULL,2,NULL,NULL,NULL,NULL,NULL
dbo,USER_MENU_SETTINGS,3,UMNU_SHOW_BY_DEFAULT,bit,0,0,0,NULL,NULL,NULL,NULL,NULL,NULL,NULL
dbo,USER_MESSAGES,1,MSG_COMPANY_ID,int,0,0,0,-1,NULL,NULL,NULL,NULL,NULL,NULL
dbo,USER_MESSAGES,2,MSG_USER_ID,int,0,0,0,NULL,NULL,NULL,NULL,NULL,NULL,NULL
dbo,USER_MESSAGES,3,MSG_SOURCE,varchar(20),0,0,0,NULL,NULL,NULL,NULL,NULL,NULL,NULL
dbo,USER_MESSAGES,4,MSG_SUBJECT,varchar(50),0,0,0,NULL,NULL,NULL,NULL,NULL,NULL,NULL
dbo,USER_MESSAGES,5,MSG_PRIORITY,int,0,0,0,NULL,NULL,NULL,NULL,NULL,NULL,NULL
dbo,USER_MESSAGES,6,MSG_DATE_TIME,datetime,0,0,0,NULL,NULL,NULL,NULL,NULL,NULL,NULL
dbo,USER_MESSAGES,7,MSG_TEXT,text,0,0,0,NULL,NULL,NULL,NULL,NULL,NULL,NULL
dbo,USER_MESSAGES,8,MSG_ID,int,0,1,0,NULL,1,NULL,NULL,NULL,NULL,NULL
dbo,User_Vendor_Access,1,UVA_COMPANY_ID,int,0,0,0,NULL,NULL,NULL,NULL,NULL,NULL,NULL
dbo,User_Vendor_Access,2,UVA_USER_ID,int,0,0,0,NULL,NULL,NULL,NULL,NULL,NULL,NULL
dbo,User_Vendor_Access,3,UVA_VENDOR_ID,int,0,0,0,NULL,NULL,NULL,NULL,NULL,NULL,NULL
dbo,UserWarehouseSettings,1,ID,int,0,1,0,NULL,1,NULL,NULL,NULL,NULL,NULL
dbo,UserWarehouseSettings,2,WhsId,uniqueidentifier,0,0,0,NULL,NULL,FK_UserWarehouseSettings_WAREHOUSE_MASTER,dbo,WAREHOUSE_MASTER,Id,NULL
dbo,UserWarehouseSettings,3,UserId,int,0,0,0,NULL,NULL,FK_UserWarehouseSettings_USERINFO,dbo,USER_INFO,USER_ID,NULL
dbo,UserWarehouseSettings,4,Selected,bit,0,0,0,NULL,NULL,NULL,NULL,NULL,NULL,NULL
dbo,VENDOR_COMMENTS,1,VC_COMPANY_ID,int,0,0,0,NULL,1,NULL,NULL,NULL,NULL,NULL
dbo,VENDOR_COMMENTS,2,VC_VENDOR_NUMBER,varchar(7),0,0,0,NULL,2,NULL,NULL,NULL,NULL,NULL
dbo,VENDOR_COMMENTS,3,VC_COMMENT_DATE,datetime,0,0,0,NULL,3,NULL,NULL,NULL,NULL,NULL
dbo,VENDOR_COMMENTS,4,VC_COMMENT_TYPE,varchar(8),1,0,0,NULL,NULL,NULL,NULL,NULL,NULL,NULL
dbo,VENDOR_COMMENTS,5,VC_COMMENT_URGENT,bit,0,0,0,NULL,NULL,NULL,NULL,NULL,NULL,NULL
dbo,VENDOR_COMMENTS,6,VC_COMMENT,varchar(255),0,0,0,NULL,NULL,NULL,NULL,NULL,NULL,NULL
dbo,VENDOR_INVOICES,1,VI_COMPANY_ID,int,0,0,0,NULL,NULL,NULL,NULL,NULL,NULL,NULL
dbo,VENDOR_INVOICES,2,VI_WAREHOUSE_NUMBER,int,0,0,0,NULL,NULL,NULL,NULL,NULL,NULL,NULL
dbo,VENDOR_INVOICES,3,VI_VENDOR_NUMBER,varchar(7),0,0,0,NULL,NULL,NULL,NULL,NULL,NULL,NULL
dbo,VENDOR_INVOICES,4,VI_INVOICE_NUMBER,varchar(20),0,0,0,NULL,NULL,NULL,NULL,NULL,NULL,NULL
dbo,VENDOR_INVOICES,5,VI_INVOICE_DATE,datetime,1,0,0,NULL,NULL,NULL,NULL,NULL,NULL,NULL
dbo,VENDOR_INVOICES,6,VI_INVOICE_TOTAL,float,1,0,0,NULL,NULL,NULL,NULL,NULL,NULL,NULL
dbo,VENDOR_INVOICES,7,VI_FREIGHT_TOTAL,float,1,0,0,NULL,NULL,NULL,NULL,NULL,NULL,NULL
dbo,VENDOR_INVOICES,8,VI_OTHER_CHARGES_TOTAL,float,1,0,0,NULL,NULL,NULL,NULL,NULL,NULL,NULL
dbo,VENDOR_INVOICES,9,VI_TAX_TOTAL,float,1,0,0,NULL,NULL,NULL,NULL,NULL,NULL,NULL
dbo,VENDOR_INVOICES,10,VI_USER_ID,int,1,0,0,NULL,NULL,NULL,NULL,NULL,NULL,NULL
dbo,VENDOR_INVOICES,11,VI_INVOICE_STATUS,int,1,0,0,NULL,NULL,NULL,NULL,NULL,NULL,NULL
dbo,VENDOR_INVOICES,12,VI_DUE_DAYS,int,1,0,0,NULL,NULL,NULL,NULL,NULL,NULL,NULL
dbo,VENDOR_INVOICES,13,VI_DUE_DATE,smalldatetime,1,0,0,NULL,NULL,NULL,NULL,NULL,NULL,NULL
dbo,VENDOR_INVOICES,14,VI_DISCOUNT_DAYS,int,1,0,0,NULL,NULL,NULL,NULL,NULL,NULL,NULL
dbo,VENDOR_INVOICES,15,VI_DISCOUNT_DATE,smalldatetime,1,0,0,NULL,NULL,NULL,NULL,NULL,NULL,NULL
dbo,VENDOR_INVOICES,16,VI_DISCOUNT_PERCENT,"numeric(7,4)",1,0,0,NULL,NULL,NULL,NULL,NULL,NULL,NULL
dbo,VENDOR_INVOICES,17,VI_DISCOUNT_AMOUNT,"numeric(12,2)",1,0,0,NULL,NULL,NULL,NULL,NULL,NULL,NULL
dbo,VENDOR_INVOICES,18,VI_DISCOUNT_ACCOUNT,int,1,0,0,NULL,NULL,NULL,NULL,NULL,NULL,NULL
dbo,VENDOR_INVOICES,19,vi_distribution_date,smalldatetime,0,0,0,NULL,NULL,NULL,NULL,NULL,NULL,NULL
dbo,VENDOR_INVOICES,20,VI_ID,int,0,1,0,NULL,1,NULL,NULL,NULL,NULL,NULL
dbo,VENDOR_INVOICES,21,VI_DISCOUNT_DAYS_2,int,1,0,0,NULL,NULL,NULL,NULL,NULL,NULL,NULL
dbo,VENDOR_INVOICES,22,VI_DISCOUNT_DATE_2,smalldatetime,1,0,0,NULL,NULL,NULL,NULL,NULL,NULL,NULL
dbo,VENDOR_INVOICES,23,VI_DISCOUNT_PERCENT_2,"numeric(7,4)",1,0,0,NULL,NULL,NULL,NULL,NULL,NULL,NULL
dbo,VENDOR_INVOICES,24,VI_DISCOUNT_AMOUNT_2,"numeric(12,2)",1,0,0,NULL,NULL,NULL,NULL,NULL,NULL,NULL
dbo,VENDOR_INVOICES,25,VI_DISCOUNT_ACCOUNT_2,int,1,0,0,NULL,NULL,NULL,NULL,NULL,NULL,NULL
dbo,VENDOR_INVOICES,26,VI_DISCOUNT_DAYS_3,int,1,0,0,NULL,NULL,NULL,NULL,NULL,NULL,NULL
dbo,VENDOR_INVOICES,27,VI_DISCOUNT_DATE_3,smalldatetime,1,0,0,NULL,NULL,NULL,NULL,NULL,NULL,NULL
dbo,VENDOR_INVOICES,28,VI_DISCOUNT_PERCENT_3,"numeric(7,4)",1,0,0,NULL,NULL,NULL,NULL,NULL,NULL,NULL
dbo,VENDOR_INVOICES,29,VI_DISCOUNT_AMOUNT_3,"numeric(12,2)",1,0,0,NULL,NULL,NULL,NULL,NULL,NULL,NULL
dbo,VENDOR_INVOICES,30,VI_DISCOUNT_ACCOUNT_3,int,1,0,0,NULL,NULL,NULL,NULL,NULL,NULL,NULL
dbo,VENDOR_INVOICES,31,VI_FREIGHT_VENDOR_NUMBER,varchar(7),1,0,0,NULL,NULL,NULL,NULL,NULL,NULL,NULL
dbo,VENDOR_INVOICES,32,VI_FREIGHT_INVOICE_NUMBER,varchar(20),1,0,0,NULL,NULL,NULL,NULL,NULL,NULL,NULL
dbo,VENDOR_INVOICES,33,VI_OTHER_CHARGES_VENDOR_NUMBER,varchar(7),1,0,0,NULL,NULL,NULL,NULL,NULL,NULL,NULL
dbo,VENDOR_INVOICES,34,VI_OTHER_CHARGES_INVOICE_NUMBER,varchar(20),1,0,0,NULL,NULL,NULL,NULL,NULL,NULL,NULL
dbo,VENDOR_INVOICES,35,VI_TAX_VENDOR_NUMBER,varchar(7),1,0,0,NULL,NULL,NULL,NULL,NULL,NULL,NULL
dbo,VENDOR_INVOICES,36,VI_TAX_INVOICE_NUMBER,varchar(20),1,0,0,NULL,NULL,NULL,NULL,NULL,NULL,NULL
dbo,VENDOR_INVOICES,37,VI_FREIGHT_INLAND_TOTAL,float,1,0,0,NULL,NULL,NULL,NULL,NULL,NULL,NULL
dbo,VENDOR_INVOICES,38,VI_FREIGHT_INLAND_VENDOR_NUMBER,varchar(7),1,0,0,NULL,NULL,NULL,NULL,NULL,NULL,NULL
dbo,VENDOR_INVOICES,39,VI_FREIGHT_INLAND_INVOICE_NUMBER,varchar(20),1,0,0,NULL,NULL,NULL,NULL,NULL,NULL,NULL
dbo,VENDOR_INVOICES,40,VI_BROKER_FEE_TOTAL,float,1,0,0,NULL,NULL,NULL,NULL,NULL,NULL,NULL
dbo,VENDOR_INVOICES,41,VI_BROKER_FEE_VENDOR_NUMBER,varchar(7),1,0,0,NULL,NULL,NULL,NULL,NULL,NULL,NULL
dbo,VENDOR_INVOICES,42,VI_BROKER_FEE_INVOICE_NUMBER,varchar(20),1,0,0,NULL,NULL,NULL,NULL,NULL,NULL,NULL
dbo,VENDOR_INVOICES,43,VI_INSURANCE_TOTAL,float,1,0,0,NULL,NULL,NULL,NULL,NULL,NULL,NULL
dbo,VENDOR_INVOICES,44,VI_INSURANCE_VENDOR_NUMBER,varchar(7),1,0,0,NULL,NULL,NULL,NULL,NULL,NULL,NULL
dbo,VENDOR_INVOICES,45,VI_INSURANCE_INVOICE_NUMBER,varchar(20),1,0,0,NULL,NULL,NULL,NULL,NULL,NULL,NULL
dbo,VENDOR_INVOICES,46,VI_AGENT_COMMISSION_TOTAL,float,1,0,0,NULL,NULL,NULL,NULL,NULL,NULL,NULL
dbo,VENDOR_INVOICES,47,VI_AGENT_COMMISSION_VENDOR_NUMBER,varchar(7),1,0,0,NULL,NULL,NULL,NULL,NULL,NULL,NULL
dbo,VENDOR_INVOICES,48,VI_AGENT_COMMISSION_INVOICE_NUMBER,varchar(20),1,0,0,NULL,NULL,NULL,NULL,NULL,NULL,NULL
dbo,VENDOR_INVOICES,49,VI_FINANCE_CHARGE_TOTAL,float,1,0,0,NULL,NULL,NULL,NULL,NULL,NULL,NULL
dbo,VENDOR_INVOICES,50,VI_FINANCE_CHARGE_VENDOR_NUMBER,varchar(7),1,0,0,NULL,NULL,NULL,NULL,NULL,NULL,NULL
dbo,VENDOR_INVOICES,51,VI_FINANCE_CHARGE_INVOICE_NUMBER,varchar(20),1,0,0,NULL,NULL,NULL,NULL,NULL,NULL,NULL
dbo,VENDOR_INVOICES,52,TimeStamp,timestamp,0,0,0,NULL,NULL,NULL,NULL,NULL,NULL,NULL
dbo,VENDOR_INVOICES,53,VI_GST_TOTAL,float,1,0,0,NULL,NULL,NULL,NULL,NULL,NULL,NULL
dbo,VENDOR_INVOICES,54,VI_GST_VENDOR_NUMBER,varchar(7),1,0,0,NULL,NULL,NULL,NULL,NULL,NULL,NULL
dbo,VENDOR_INVOICES,55,VI_GST_INVOICE_NUMBER,varchar(20),1,0,0,NULL,NULL,NULL,NULL,NULL,NULL,NULL
dbo,VENDOR_MASTER,1,VND_COMPANY_ID,int,0,0,0,NULL,1,NULL,NULL,NULL,NULL,NULL
dbo,VENDOR_MASTER,2,VND_VENDOR_NUMBER,varchar(7),0,0,0,NULL,2,NULL,NULL,NULL,NULL,NULL
dbo,VENDOR_MASTER,3,VND_VENDOR_NAME,varchar(30),1,0,0,NULL,NULL,NULL,NULL,NULL,NULL,NULL
dbo,VENDOR_MASTER,4,VND_ADDRESS_1,varchar(30),1,0,0,NULL,NULL,NULL,NULL,NULL,NULL,NULL
dbo,VENDOR_MASTER,5,VND_ADDRESS_2,varchar(30),1,0,0,NULL,NULL,NULL,NULL,NULL,NULL,NULL
dbo,VENDOR_MASTER,6,VND_ADDRESS_3,varchar(30),1,0,0,NULL,NULL,NULL,NULL,NULL,NULL,NULL
dbo,VENDOR_MASTER,7,VND_CITY,varchar(30),1,0,0,NULL,NULL,NULL,NULL,NULL,NULL,NULL
dbo,VENDOR_MASTER,8,VND_STATE,varchar(2),1,0,0,NULL,NULL,NULL,NULL,NULL,NULL,NULL
dbo,VENDOR_MASTER,9,VND_ZIP,varchar(10),1,0,0,NULL,NULL,NULL,NULL,NULL,NULL,NULL
dbo,VENDOR_MASTER,10,VND_DEFAULT_FOB,varchar(20),1,0,0,NULL,NULL,NULL,NULL,NULL,NULL,NULL
dbo,VENDOR_MASTER,11,VND_PHONE_NUMBER,varchar(25),1,0,0,NULL,NULL,NULL,NULL,NULL,NULL,NULL
dbo,VENDOR_MASTER,12,VND_FAX_NUMBER,varchar(25),1,0,0,NULL,NULL,NULL,NULL,NULL,NULL,NULL
dbo,VENDOR_MASTER,13,VND_MODEM_NUMBER,varchar(25),1,0,0,NULL,NULL,NULL,NULL,NULL,NULL,NULL
dbo,VENDOR_MASTER,14,VND_REFERENCE_NUMBER,varchar(20),1,0,0,NULL,NULL,NULL,NULL,NULL,NULL,NULL
dbo,VENDOR_MASTER,15,VND_E_MAIL,varchar(50),1,0,0,NULL,NULL,NULL,NULL,NULL,NULL,NULL
dbo,VENDOR_MASTER,16,VND_INTERNET_ADDRESS,varchar(30),1,0,0,NULL,NULL,NULL,NULL,NULL,NULL,NULL
dbo,VENDOR_MASTER,17,VND_CONTACT_NAME,varchar(30),1,0,0,NULL,NULL,NULL,NULL,NULL,NULL,NULL
dbo,VENDOR_MASTER,18,VND_CONTACT_NAME_2,varchar(30),1,0,0,NULL,NULL,NULL,NULL,NULL,NULL,NULL
dbo,VENDOR_MASTER,19,VND_LAST_ACTIVITY_DATE,datetime,1,0,0,NULL,NULL,NULL,NULL,NULL,NULL,NULL
dbo,VENDOR_MASTER,20,VND_DISCOUNT_RATE_1,real,1,0,0,NULL,NULL,NULL,NULL,NULL,NULL,NULL
dbo,VENDOR_MASTER,21,VND_DISCOUNT_RATE_2,real,1,0,0,NULL,NULL,NULL,NULL,NULL,NULL,NULL
dbo,VENDOR_MASTER,22,VND_DISCOUNT_RATE_3,real,1,0,0,NULL,NULL,NULL,NULL,NULL,NULL,NULL
dbo,VENDOR_MASTER,23,VND_LEAD_DAYS,smallint,1,0,0,NULL,NULL,NULL,NULL,NULL,NULL,NULL
dbo,VENDOR_MASTER,24,VND_SERVICE_CHARGE,real,1,0,0,NULL,NULL,NULL,NULL,NULL,NULL,NULL
dbo,VENDOR_MASTER,25,VND_ASN_FLAG,bit,0,0,0,NULL,NULL,NULL,NULL,NULL,NULL,NULL
dbo,VENDOR_MASTER,26,VND_EDI_FLAG,bit,0,0,0,NULL,NULL,NULL,NULL,NULL,NULL,NULL
dbo,VENDOR_MASTER,27,VND_APTERM_ID,int,1,0,0,NULL,NULL,NULL,NULL,NULL,NULL,NULL
dbo,VENDOR_MASTER,28,VND_FEDERAL_ID_TYPE,int,1,0,0,NULL,NULL,NULL,NULL,NULL,NULL,NULL
dbo,VENDOR_MASTER,29,VND_FEDERAL_ID_NUMBER,varchar(9),1,0,0,NULL,NULL,NULL,NULL,NULL,NULL,NULL
dbo,VENDOR_MASTER,30,VND_TERMS_TYPE,int,1,0,0,NULL,NULL,NULL,NULL,NULL,NULL,NULL
dbo,VENDOR_MASTER,31,VND_TERMS_TYPE_2,int,1,0,0,NULL,NULL,NULL,NULL,NULL,NULL,NULL
dbo,VENDOR_MASTER,32,VND_TERMS_TYPE_3,int,1,0,0,NULL,NULL,NULL,NULL,NULL,NULL,NULL
dbo,VENDOR_MASTER,33,VND_TERMS_DESCRIPTION,varchar(30),1,0,0,NULL,NULL,NULL,NULL,NULL,NULL,NULL
dbo,VENDOR_MASTER,34,VND_TERMS_DESCRIPTION_2,varchar(30),1,0,0,NULL,NULL,NULL,NULL,NULL,NULL,NULL
dbo,VENDOR_MASTER,35,VND_TERMS_DESCRIPTION_3,varchar(30),1,0,0,NULL,NULL,NULL,NULL,NULL,NULL,NULL
dbo,VENDOR_MASTER,36,VND_TERMS_DUE_DAYS,int,1,0,0,NULL,NULL,NULL,NULL,NULL,NULL,NULL
dbo,VENDOR_MASTER,37,VND_TERMS_DUE_DAYS_2,int,1,0,0,NULL,NULL,NULL,NULL,NULL,NULL,NULL
dbo,VENDOR_MASTER,38,VND_TERMS_DUE_DAYS_3,int,1,0,0,NULL,NULL,NULL,NULL,NULL,NULL,NULL
dbo,VENDOR_MASTER,39,VND_TERMS_DISCOUNT_DAYS,int,1,0,0,NULL,NULL,NULL,NULL,NULL,NULL,NULL
dbo,VENDOR_MASTER,40,VND_TERMS_DISCOUNT_DAYS_2,int,1,0,0,NULL,NULL,NULL,NULL,NULL,NULL,NULL
dbo,VENDOR_MASTER,41,VND_TERMS_DISCOUNT_DAYS_3,int,1,0,0,NULL,NULL,NULL,NULL,NULL,NULL,NULL
dbo,VENDOR_MASTER,42,VND_TERMS_DISCOUNT_PCT,real,1,0,0,NULL,NULL,NULL,NULL,NULL,NULL,NULL
dbo,VENDOR_MASTER,43,VND_TERMS_DISCOUNT_PCT_2,real,1,0,0,NULL,NULL,NULL,NULL,NULL,NULL,NULL
dbo,VENDOR_MASTER,44,VND_TERMS_DISCOUNT_PCT_3,real,1,0,0,NULL,NULL,NULL,NULL,NULL,NULL,NULL
dbo,VENDOR_MASTER,45,VND_LAST_PURCHASE_DATE,datetime,1,0,0,NULL,NULL,NULL,NULL,NULL,NULL,NULL
dbo,VENDOR_MASTER,46,VND_PURCHASES_YR_TO_DATE,float,1,0,0,NULL,NULL,NULL,NULL,NULL,NULL,NULL
dbo,VENDOR_MASTER,47,VND_DISCOUNTS_YR_TO_DATE,float,1,0,0,NULL,NULL,NULL,NULL,NULL,NULL,NULL
dbo,VENDOR_MASTER,48,VND_PURCHASE_LAST_YR_TO_DATE,float,1,0,0,NULL,NULL,NULL,NULL,NULL,NULL,NULL
dbo,VENDOR_MASTER,49,VND_DISCOUNT_LAST_YR_TO_DATE,float,1,0,0,NULL,NULL,NULL,NULL,NULL,NULL,NULL
dbo,VENDOR_MASTER,50,VND_DEFAULT_AP_ACCOUNT,int,1,0,0,NULL,NULL,NULL,NULL,NULL,NULL,NULL
dbo,VENDOR_MASTER,51,VND_DEFAULT_DISCOUNT_ACCOUNT,int,1,0,0,NULL,NULL,NULL,NULL,NULL,NULL,NULL
dbo,VENDOR_MASTER,52,VND_DEFAULT_DISTRIBUTION_ACT,int,1,0,0,NULL,NULL,NULL,NULL,NULL,NULL,NULL
dbo,VENDOR_MASTER,53,VND_1099_REQUIRED_FLAG,bit,0,0,0,NULL,NULL,NULL,NULL,NULL,NULL,NULL
dbo,VENDOR_MASTER,54,VND_1099_PAYMENTS_THIS_YEAR,float,1,0,0,NULL,NULL,NULL,NULL,NULL,NULL,NULL
dbo,VENDOR_MASTER,55,VND_VENDOR_TYPE,varchar(5),1,0,0,NULL,NULL,NULL,NULL,NULL,NULL,NULL
dbo,VENDOR_MASTER,56,VND_CUT_OFF_DATE,datetime,1,0,0,NULL,NULL,NULL,NULL,NULL,NULL,NULL
dbo,VENDOR_MASTER,57,VND_PAYMENT_GROUP,varchar(15),1,0,0,NULL,NULL,NULL,NULL,NULL,NULL,NULL
dbo,VENDOR_MASTER,58,VND_VNDMAS_ID,int,0,1,0,NULL,NULL,NULL,NULL,NULL,NULL,NULL
dbo,VENDOR_MASTER,59,VND_BYPASS_PO_SIDEMARK_FLAG,bit,0,0,0,0,NULL,NULL,NULL,NULL,NULL,NULL
dbo,VENDOR_MASTER,60,VND_ORDER_FREQUENCY,int,1,0,0,NULL,NULL,NULL,NULL,NULL,NULL,NULL
dbo,VENDOR_MASTER,61,vnd_freight_charge_per_pound,money,1,0,0,NULL,NULL,NULL,NULL,NULL,NULL,NULL
dbo,VENDOR_MASTER,62,vnd_handling_charge,money,1,0,0,NULL,NULL,NULL,NULL,NULL,NULL,NULL
dbo,VENDOR_MASTER,63,VND_PAYTO_ADDRESS,varchar(30),1,0,0,NULL,NULL,NULL,NULL,NULL,NULL,NULL
dbo,VENDOR_MASTER,64,VND_PAYTO_ADDRESS2,varchar(30),1,0,0,NULL,NULL,NULL,NULL,NULL,NULL,NULL
dbo,VENDOR_MASTER,65,VND_PAYTO_ADDRESS3,varchar(30),1,0,0,NULL,NULL,NULL,NULL,NULL,NULL,NULL
dbo,VENDOR_MASTER,66,VND_PAYTO_CITY,varchar(30),1,0,0,NULL,NULL,NULL,NULL,NULL,NULL,NULL
dbo,VENDOR_MASTER,67,VND_PAYTO_STATE,varchar(2),1,0,0,NULL,NULL,NULL,NULL,NULL,NULL,NULL
dbo,VENDOR_MASTER,68,VND_PAYTO_ZIP,varchar(10),1,0,0,NULL,NULL,NULL,NULL,NULL,NULL,NULL
dbo,VENDOR_MASTER,69,VND_PAYTO_PHONE_NUMBER,varchar(25),1,0,0,NULL,NULL,NULL,NULL,NULL,NULL,NULL
dbo,VENDOR_MASTER,70,VND_PAYTO_FAX_NUMBER,varchar(25),1,0,0,NULL,NULL,NULL,NULL,NULL,NULL,NULL
dbo,VENDOR_MASTER,71,VND_PAYTO_CONTACT_NAME,varchar(30),1,0,0,NULL,NULL,NULL,NULL,NULL,NULL,NULL
dbo,VENDOR_MASTER,72,VND_INVOICE_NUMBER,int,0,0,0,0,NULL,NULL,NULL,NULL,NULL,NULL
dbo,VENDOR_MASTER,73,VND_PAYTO_NAME,varchar(30),1,0,0,NULL,NULL,NULL,NULL,NULL,NULL,NULL
dbo,VENDOR_MASTER,74,vnd_Foreign_Address,bit,0,0,0,NULL,NULL,NULL,NULL,NULL,NULL,NULL
dbo,VENDOR_MASTER,75,VND_PRINT_PO_SIGNATURE,bit,1,0,0,NULL,NULL,NULL,NULL,NULL,NULL,NULL
dbo,VENDOR_MASTER,76,VND_DEFAULT_SHIP_VIA,varchar(15),1,0,0,NULL,NULL,NULL,NULL,NULL,NULL,NULL
dbo,VENDOR_MASTER,77,VND_FOB_SHIPPING_INSTRUCTIONS,text,1,0,0,NULL,NULL,NULL,NULL,NULL,NULL,NULL
dbo,VENDOR_MASTER,78,VND_BYPASS_PACKING_FACTORS,bit,1,0,0,NULL,NULL,NULL,NULL,NULL,NULL,NULL
dbo,VendorItemPromotion,1,Vendor_Id,int,1,0,0,NULL,NULL,NULL,NULL,NULL,NULL,NULL
dbo,VendorItemPromotion,2,Style,varchar(6),1,0,0,NULL,NULL,NULL,NULL,NULL,NULL,NULL
dbo,VendorItemPromotion,3,PromotionalStart,smalldatetime,1,0,0,NULL,NULL,NULL,NULL,NULL,NULL,NULL
dbo,VendorItemPromotion,4,PromotionalEnd,smalldatetime,1,0,0,NULL,NULL,NULL,NULL,NULL,NULL,NULL
dbo,VendorItemPromotion,5,UnitPrice,money,1,0,0,NULL,NULL,NULL,NULL,NULL,NULL,NULL
dbo,VendorItemPromotion,6,UnitPriceCut,money,1,0,0,NULL,NULL,NULL,NULL,NULL,NULL,NULL
dbo,VendorItemUpdate,1,Vendor_id,int,1,0,0,NULL,NULL,NULL,NULL,NULL,NULL,NULL
dbo,VendorItemUpdate,2,Style,varchar(6),1,0,0,NULL,NULL,NULL,NULL,NULL,NULL,NULL
dbo,VendorItemUpdate,3,EffectiveDate,smalldatetime,1,0,0,NULL,NULL,NULL,NULL,NULL,NULL,NULL
dbo,VendorItemUpdate,4,UnitPrice,money,1,0,0,NULL,NULL,NULL,NULL,NULL,NULL,NULL
dbo,VendorItemUpdate,5,UnitPriceCut,money,1,0,0,NULL,NULL,NULL,NULL,NULL,NULL,NULL
dbo,WAREHOUSE_ITEM,1,WHI_COMPANY_ID,int,0,0,0,NULL,1,NULL,NULL,NULL,NULL,NULL
dbo,WAREHOUSE_ITEM,2,WHI_WHSMAS_ID,int,0,0,0,NULL,2,NULL,NULL,NULL,NULL,NULL
dbo,WAREHOUSE_ITEM,3,WHI_ITMMAS_ID_FIRST,varchar(6),0,0,0,NULL,3,NULL,NULL,NULL,NULL,NULL
dbo,WAREHOUSE_ITEM,4,WHI_ITMMAS_ID_LAST,varchar(9),0,0,0,NULL,4,NULL,NULL,NULL,NULL,NULL
dbo,WAREHOUSE_ITEM,5,WHI_ROLL_LOT,varchar(18),0,0,0,NULL,5,NULL,NULL,NULL,NULL,NULL
dbo,WAREHOUSE_ITEM,6,WHI_BIN_LOCATION,varchar(6),1,0,0,NULL,NULL,NULL,NULL,NULL,NULL,NULL
dbo,WAREHOUSE_ITEM,7,WHI_ITM_DESCRIPTION_1,varchar(30),1,0,0,NULL,NULL,NULL,NULL,NULL,NULL,NULL
dbo,WAREHOUSE_ITEM,8,WHI_ITM_DESCRIPTION_2,varchar(30),1,0,0,NULL,NULL,NULL,NULL,NULL,NULL,NULL
dbo,WAREHOUSE_ITEM,9,WHI_ITM_PRIVATE_LABEL,varchar(30),1,0,0,NULL,NULL,NULL,NULL,NULL,NULL,NULL
dbo,WAREHOUSE_ITEM,10,WHI_ITM_PRIVATE_LABEL_2,varchar(30),1,0,0,NULL,NULL,NULL,NULL,NULL,NULL,NULL
dbo,WAREHOUSE_ITEM,11,WHI_QUANTITY_ON_HAND,float,1,0,0,NULL,NULL,NULL,NULL,NULL,NULL,NULL
dbo,WAREHOUSE_ITEM,12,WHI_QUANTITY_ALLOCATED,float,1,0,0,NULL,NULL,NULL,NULL,NULL,NULL,NULL
dbo,WAREHOUSE_ITEM,13,WHI_QUANTITY_ON_HOLD,float,1,0,0,NULL,NULL,NULL,NULL,NULL,NULL,NULL
dbo,WAREHOUSE_ITEM,14,WHI_QUANTITY_ON_ORDER,float,1,0,0,NULL,NULL,NULL,NULL,NULL,NULL,NULL
dbo,WAREHOUSE_ITEM,15,WHI_QUANTITY_BACKORDER,float,1,0,0,NULL,NULL,NULL,NULL,NULL,NULL,NULL
dbo,WAREHOUSE_ITEM,16,WHI_QUANTITY_IN_TRANSIT,float,1,0,0,NULL,NULL,NULL,NULL,NULL,NULL,NULL
dbo,WAREHOUSE_ITEM,17,WHI_QTY_ON_CONSIGNMENT,float,1,0,0,NULL,NULL,NULL,NULL,NULL,NULL,NULL
dbo,WAREHOUSE_ITEM,18,WHI_QTY_TRANSFER_FROM,float,1,0,0,NULL,NULL,NULL,NULL,NULL,NULL,NULL
dbo,WAREHOUSE_ITEM,19,WHI_AVERAGE_COST,float,1,0,0,NULL,NULL,NULL,NULL,NULL,NULL,NULL
dbo,WAREHOUSE_ITEM,20,WHI_AVERAGE_VENDOR_COST,float,1,0,0,NULL,NULL,NULL,NULL,NULL,NULL,NULL
dbo,WAREHOUSE_ITEM,21,WHI_AVERAGE_LANDED_CHARGES,float,1,0,0,NULL,NULL,NULL,NULL,NULL,NULL,NULL
dbo,WAREHOUSE_ITEM,22,WHI_LAST_COST,float,1,0,0,NULL,NULL,NULL,NULL,NULL,NULL,NULL
dbo,WAREHOUSE_ITEM,23,WHI_TRANSFER_COST,float,1,0,0,NULL,NULL,NULL,NULL,NULL,NULL,NULL
dbo,WAREHOUSE_ITEM,24,WHI_BEGINNING_MONTH_BAL,float,1,0,0,NULL,NULL,NULL,NULL,NULL,NULL,NULL
dbo,WAREHOUSE_ITEM,25,WHI_BEGINNING_YEAR_BALANCE,float,1,0,0,NULL,NULL,NULL,NULL,NULL,NULL,NULL
dbo,WAREHOUSE_ITEM,26,WHI_LAST_SALE_DATE,datetime,1,0,0,NULL,NULL,NULL,NULL,NULL,NULL,NULL
dbo,WAREHOUSE_ITEM,27,WHI_LAST_ACTIVITY_DATE,datetime,1,0,0,NULL,NULL,NULL,NULL,NULL,NULL,NULL
dbo,WAREHOUSE_ITEM,28,WHI_LAST_RECEIPT_DATE,datetime,1,0,0,NULL,NULL,NULL,NULL,NULL,NULL,NULL
dbo,WAREHOUSE_ITEM,29,WHI_NEXT_DATE_WANTED,datetime,1,0,0,NULL,NULL,NULL,NULL,NULL,NULL,NULL
dbo,WAREHOUSE_ITEM,30,WHI_MTD_RECEIPTS,float,1,0,0,NULL,NULL,NULL,NULL,NULL,NULL,NULL
dbo,WAREHOUSE_ITEM,31,WHI_MTD_SALES,float,1,0,0,NULL,NULL,NULL,NULL,NULL,NULL,NULL
dbo,WAREHOUSE_ITEM,32,WHI_MTD_ADJUSTMENTS,float,1,0,0,NULL,NULL,NULL,NULL,NULL,NULL,NULL
dbo,WAREHOUSE_ITEM,33,WHI_MTD_TRANSFERS,float,1,0,0,NULL,NULL,NULL,NULL,NULL,NULL,NULL
dbo,WAREHOUSE_ITEM,34,WHI_MTD_ON_ORDER,float,1,0,0,NULL,NULL,NULL,NULL,NULL,NULL,NULL
dbo,WAREHOUSE_ITEM,35,WHI_MTD_BACK_ORDER,float,1,0,0,NULL,NULL,NULL,NULL,NULL,NULL,NULL
dbo,WAREHOUSE_ITEM,36,WHI_MILL_ROLL_NUMBER,varchar(15),1,0,0,NULL,NULL,NULL,NULL,NULL,NULL,NULL
dbo,WAREHOUSE_ITEM,37,WHI_MILL_DYE_LOT,varchar(15),1,0,0,NULL,NULL,NULL,NULL,NULL,NULL,NULL
dbo,WAREHOUSE_ITEM,38,WHI_REMNANT_WIDTH,float,1,0,0,NULL,NULL,NULL,NULL,NULL,NULL,NULL
dbo,WAREHOUSE_ITEM,39,WHI_REMNANT_LENGTH,float,1,0,0,NULL,NULL,NULL,NULL,NULL,NULL,NULL
dbo,WAREHOUSE_ITEM,40,WHI_REMNANT_PRICE,float,1,0,0,NULL,NULL,NULL,NULL,NULL,NULL,NULL
dbo,WAREHOUSE_ITEM,41,WHI_FREIGHT_COST,float,1,0,0,NULL,NULL,NULL,NULL,NULL,NULL,NULL
dbo,WAREHOUSE_ITEM,42,WHI_DEMO_COUNT,int,1,0,0,NULL,NULL,NULL,NULL,NULL,NULL,NULL
dbo,WAREHOUSE_ITEM,43,WHI_IGC_CODE,varchar(2),1,0,0,NULL,NULL,NULL,NULL,NULL,NULL,NULL
dbo,WAREHOUSE_ITEM,44,WHI_TYPE,varchar(1),1,0,0,NULL,NULL,NULL,NULL,NULL,NULL,NULL
dbo,WAREHOUSE_ITEM,45,WHI_LENGTH,float,1,0,0,NULL,NULL,NULL,NULL,NULL,NULL,NULL
dbo,WAREHOUSE_ITEM,46,WHI_WIDTH,float,1,0,0,NULL,NULL,NULL,NULL,NULL,NULL,NULL
dbo,WAREHOUSE_ITEM,47,WHI_DEPTH,float,1,0,0,NULL,NULL,NULL,NULL,NULL,NULL,NULL
dbo,WAREHOUSE_ITEM,48,WHI_WEIGHT,float,1,0,0,NULL,NULL,NULL,NULL,NULL,NULL,NULL
dbo,WAREHOUSE_ITEM,49,WHI_VENDOR_UM,varchar(3),1,0,0,NULL,NULL,NULL,NULL,NULL,NULL,NULL
dbo,WAREHOUSE_ITEM,50,WHI_CARTON_PALLET,int,1,0,0,NULL,NULL,NULL,NULL,NULL,NULL,NULL
dbo,WAREHOUSE_ITEM,51,WHI_UNITS_PER_CARTON,float,1,0,0,NULL,NULL,NULL,NULL,NULL,NULL,NULL
dbo,WAREHOUSE_ITEM,52,WHI_PIECES_PER_CARTON,int,1,0,0,NULL,NULL,NULL,NULL,NULL,NULL,NULL
dbo,WAREHOUSE_ITEM,53,WHI_FREEZE_DATE,datetime,1,0,0,NULL,NULL,NULL,NULL,NULL,NULL,NULL
dbo,WAREHOUSE_ITEM,54,WHI_DAMAGED_FLAG,bit,0,0,0,NULL,NULL,NULL,NULL,NULL,NULL,NULL
dbo,WAREHOUSE_ITEM,55,WHI_PRINT_BAR_CODE,bit,0,0,0,0,NULL,NULL,NULL,NULL,NULL,NULL
dbo,WAREHOUSE_ITEM,56,TimeStamp,timestamp,1,0,0,NULL,NULL,NULL,NULL,NULL,NULL,NULL
dbo,WAREHOUSE_ITEM,57,WHI_SPECIAL_CUT_FLAG,bit,0,0,0,0,NULL,NULL,NULL,NULL,NULL,NULL
dbo,WAREHOUSE_ITEM,58,WHI_SPECIAL_CUT_FROM_WHSITEM_COLOR,varchar(9),1,0,0,NULL,NULL,NULL,NULL,NULL,NULL,NULL
dbo,WAREHOUSE_ITEM,59,WHI_SPECIAL_CUT_FROM_WHSITEM_ROLLLOT,varchar(18),1,0,0,NULL,NULL,NULL,NULL,NULL,NULL,NULL
dbo,WAREHOUSE_ITEM,60,WHI_UNit_Price,"decimal(10,2)",1,0,0,NULL,NULL,NULL,NULL,NULL,NULL,NULL
dbo,WAREHOUSE_ITEM,61,WHI_Compare_Price,"decimal(10,2)",1,0,0,NULL,NULL,NULL,NULL,NULL,NULL,NULL
dbo,WAREHOUSE_ITEM,62,WHI_Invoice_Number,varchar(15),1,0,0,NULL,NULL,NULL,NULL,NULL,NULL,NULL
dbo,WAREHOUSE_ITEM,63,WHI_Vendor_Number,varchar(7),1,0,0,NULL,NULL,NULL,NULL,NULL,NULL,NULL
dbo,WAREHOUSE_ITEM,64,WHI_Standard_Price,"decimal(10,2)",1,0,0,NULL,NULL,NULL,NULL,NULL,NULL,NULL
dbo,WAREHOUSE_ITEM,65,WHI_CLASSIFICATION,varchar(2),1,0,0,NULL,NULL,NULL,NULL,NULL,NULL,NULL
dbo,WAREHOUSE_MASTER,1,WHS_COMPANY_ID,int,0,0,0,NULL,NULL,NULL,NULL,NULL,NULL,NULL
dbo,WAREHOUSE_MASTER,2,WHS_WAREHOUSE_NUMBER,int,0,0,0,NULL,NULL,NULL,NULL,NULL,NULL,NULL
dbo,WAREHOUSE_MASTER,3,WHS_WAREHOUSE_NAME,varchar(30),1,0,0,NULL,NULL,NULL,NULL,NULL,NULL,NULL
dbo,WAREHOUSE_MASTER,4,WHS_ADDRESS_1,varchar(30),1,0,0,NULL,NULL,NULL,NULL,NULL,NULL,NULL
dbo,WAREHOUSE_MASTER,5,WHS_ADDRESS_2,varchar(30),1,0,0,NULL,NULL,NULL,NULL,NULL,NULL,NULL
dbo,WAREHOUSE_MASTER,6,WHS_ADDRESS_3,varchar(30),1,0,0,NULL,NULL,NULL,NULL,NULL,NULL,NULL
dbo,WAREHOUSE_MASTER,7,WHS_CITY,varchar(20),1,0,0,NULL,NULL,NULL,NULL,NULL,NULL,NULL
dbo,WAREHOUSE_MASTER,8,WHS_STATE,varchar(2),1,0,0,NULL,NULL,NULL,NULL,NULL,NULL,NULL
dbo,WAREHOUSE_MASTER,9,WHS_ZIP,varchar(10),1,0,0,NULL,NULL,NULL,NULL,NULL,NULL,NULL
dbo,WAREHOUSE_MASTER,10,WHS_NEXT_ORDER_NUMBER,int,1,0,0,NULL,NULL,NULL,NULL,NULL,NULL,NULL
dbo,WAREHOUSE_MASTER,11,WHS_NEXT_INVOICE_NUMBER,int,1,0,0,NULL,NULL,NULL,NULL,NULL,NULL,NULL
dbo,WAREHOUSE_MASTER,12,WHS_NEXT_TRANSFER_NUMBER,int,1,0,0,NULL,NULL,NULL,NULL,NULL,NULL,NULL
dbo,WAREHOUSE_MASTER,13,WHS_AUTO_PO_NUMBER_FLAG,bit,0,0,0,NULL,NULL,NULL,NULL,NULL,NULL,NULL
dbo,WAREHOUSE_MASTER,14,WHS_NEXT_PO_NUMBER,int,1,0,0,NULL,NULL,NULL,NULL,NULL,NULL,NULL
dbo,WAREHOUSE_MASTER,15,WHS_AUTO_ROLL_NUMBER_CODE,varchar(1),1,0,0,NULL,NULL,NULL,NULL,NULL,NULL,NULL
dbo,WAREHOUSE_MASTER,16,WHS_NEXT_ROLL_NUMBER,bigint,1,0,0,NULL,NULL,NULL,NULL,NULL,NULL,NULL
dbo,WAREHOUSE_MASTER,17,WHS_NEXT_CLAIM_NUMBER,smallint,1,0,0,NULL,NULL,NULL,NULL,NULL,NULL,NULL
dbo,WAREHOUSE_MASTER,18,WHS_NEXT_RETURN_NUMBER,smallint,1,0,0,NULL,NULL,NULL,NULL,NULL,NULL,NULL
dbo,WAREHOUSE_MASTER,19,WHS_NEXT_CREDIT_NUMBER,smallint,1,0,0,NULL,NULL,NULL,NULL,NULL,NULL,NULL
dbo,WAREHOUSE_MASTER,20,WHS_FREIGHT_AMOUNT,"decimal(7,4)",1,0,0,NULL,NULL,NULL,NULL,NULL,NULL,NULL
dbo,WAREHOUSE_MASTER,21,WHS_ADMIN_COST_PERCENT,"decimal(5,2)",1,0,0,NULL,NULL,NULL,NULL,NULL,NULL,NULL
dbo,WAREHOUSE_MASTER,22,WHS_WAREHOUSE_FEES_PERCENT,"decimal(5,2)",1,0,0,NULL,NULL,NULL,NULL,NULL,NULL,NULL
dbo,WAREHOUSE_MASTER,23,WHS_LABOR_FEES_PERCENT,"decimal(5,2)",1,0,0,NULL,NULL,NULL,NULL,NULL,NULL,NULL
dbo,WAREHOUSE_MASTER,24,WHS_TAXMAS_ID,int,1,0,0,NULL,NULL,NULL,NULL,NULL,NULL,NULL
dbo,WAREHOUSE_MASTER,25,WHS_USE_TAX_FLAG,bit,0,0,0,NULL,NULL,NULL,NULL,NULL,NULL,NULL
dbo,WAREHOUSE_MASTER,26,WHS_RECEIVING_WAREHOUSE,smallint,1,0,0,NULL,NULL,NULL,NULL,NULL,NULL,NULL
dbo,WAREHOUSE_MASTER,27,WHS_DROP_SHIP_WAREHOUSE,smallint,1,0,0,NULL,NULL,NULL,NULL,NULL,NULL,NULL
dbo,WAREHOUSE_MASTER,28,WHS_CT_PC_FLAG,bit,0,0,0,NULL,NULL,NULL,NULL,NULL,NULL,NULL
dbo,WAREHOUSE_MASTER,29,WHS_PO_PRICE_CHANGE_FLAG,bit,0,0,0,NULL,NULL,NULL,NULL,NULL,NULL,NULL
dbo,WAREHOUSE_MASTER,30,WHS_STOCKING_WHS_FLAG,bit,0,0,0,NULL,NULL,NULL,NULL,NULL,NULL,NULL
dbo,WAREHOUSE_MASTER,31,WHS_CENTRAL_INSTALL_FLAG,bit,0,0,0,NULL,NULL,NULL,NULL,NULL,NULL,NULL
dbo,WAREHOUSE_MASTER,32,WHS_DEFAULT_TYPE_CODE,varchar(1),1,0,0,NULL,NULL,NULL,NULL,NULL,NULL,NULL
dbo,WAREHOUSE_MASTER,33,WHS_DEFAULT_TERMS_CODE,varchar(2),1,0,0,NULL,NULL,NULL,NULL,NULL,NULL,NULL
dbo,WAREHOUSE_MASTER,34,WHS_DEFAULT_CREDIT_LIMIT,int,1,0,0,NULL,NULL,NULL,NULL,NULL,NULL,NULL
dbo,WAREHOUSE_MASTER,35,WHS_DEFAULT_PRICE_CLASS,varchar(2),1,0,0,NULL,NULL,NULL,NULL,NULL,NULL,NULL
dbo,WAREHOUSE_MASTER,36,WHS_DEFAULT_CASH_ACCOUNT,int,1,0,0,NULL,NULL,NULL,NULL,NULL,NULL,NULL
dbo,WAREHOUSE_MASTER,37,WHS_CORPORATE_FLAG,bit,0,0,0,NULL,NULL,NULL,NULL,NULL,NULL,NULL
dbo,WAREHOUSE_MASTER,38,WHS_INSTALL_CENTER_FLAG,bit,0,0,0,NULL,NULL,NULL,NULL,NULL,NULL,NULL
dbo,WAREHOUSE_MASTER,39,WHS_INSTALL_CENTER_NUMBER,int,1,0,0,NULL,NULL,NULL,NULL,NULL,NULL,NULL
dbo,WAREHOUSE_MASTER,40,WHS_DAY_CAPACITY_CARPET,int,1,0,0,NULL,NULL,NULL,NULL,NULL,NULL,NULL
dbo,WAREHOUSE_MASTER,41,WHS_DAY_CAPACITY_CARPET_UM,varchar(3),1,0,0,NULL,NULL,NULL,NULL,NULL,NULL,NULL
dbo,WAREHOUSE_MASTER,42,WHS_DAY_CAPACITY_VINYL,int,1,0,0,NULL,NULL,NULL,NULL,NULL,NULL,NULL
dbo,WAREHOUSE_MASTER,43,WHS_DAY_CAPACITY_VINYL_UM,varchar(3),1,0,0,NULL,NULL,NULL,NULL,NULL,NULL,NULL
dbo,WAREHOUSE_MASTER,44,WHS_DAY_CAPACITY_TILE,int,1,0,0,NULL,NULL,NULL,NULL,NULL,NULL,NULL
dbo,WAREHOUSE_MASTER,45,WHS_DAY_CAPACITY_TILE_UM,varchar(3),1,0,0,NULL,NULL,NULL,NULL,NULL,NULL,NULL
dbo,WAREHOUSE_MASTER,46,WHS_DAY_CAPACITY_WOOD,int,1,0,0,NULL,NULL,NULL,NULL,NULL,NULL,NULL
dbo,WAREHOUSE_MASTER,47,WHS_DAY_CAPACITY_WOOD_UM,varchar(3),1,0,0,NULL,NULL,NULL,NULL,NULL,NULL,NULL
dbo,WAREHOUSE_MASTER,48,WHS_USE_DEFAULT_INSTALLER,bit,0,0,0,NULL,NULL,NULL,NULL,NULL,NULL,NULL
dbo,WAREHOUSE_MASTER,49,WHS_DEFAULT_INSTALLER,varchar(8),1,0,0,NULL,NULL,NULL,NULL,NULL,NULL,NULL
dbo,WAREHOUSE_MASTER,50,WHS_DEFAULT_ITEM_TYPE,varchar(1),1,0,0,NULL,NULL,NULL,NULL,NULL,NULL,NULL
dbo,WAREHOUSE_MASTER,51,WHS_LAST_PURGE_DATE,smalldatetime,1,0,0,NULL,NULL,NULL,NULL,NULL,NULL,NULL
dbo,WAREHOUSE_MASTER,52,WHS_ACTUAL_PURGE_DATE,smalldatetime,1,0,0,NULL,NULL,NULL,NULL,NULL,NULL,NULL
dbo,WAREHOUSE_MASTER,53,WHS_WHSMAS_ID,int,0,1,0,NULL,1,NULL,NULL,NULL,NULL,NULL
dbo,WAREHOUSE_MASTER,54,Id,uniqueidentifier,0,0,0,(newid()),NULL,NULL,NULL,NULL,NULL,NULL
dbo,WAREHOUSE_MASTER,55,TimeStamp,timestamp,0,0,0,NULL,NULL,NULL,NULL,NULL,NULL,NULL
dbo,WAREHOUSE_MASTER,56,WHS_PRINT_WAREHOUSE_ADDRESS_FLAG,int,0,0,0,NULL,NULL,NULL,NULL,NULL,NULL,NULL
dbo,WAREHOUSE_MASTER,57,WHS_DEFAULT_TAX_TYPE,varchar(1),1,0,0,('1'),NULL,NULL,NULL,NULL,NULL,NULL
dbo,WAREHOUSE_MASTER,58,whs_default_sales_order_type,varchar(1),1,0,0,NULL,NULL,NULL,NULL,NULL,NULL,NULL
dbo,WAREHOUSE_MASTER,59,WHS_DEFAULT_SALES_ORDER_DELIVERY_STATUS,smallint,1,0,0,NULL,NULL,NULL,NULL,NULL,NULL,NULL
dbo,WAREHOUSE_MASTER,60,WHS_CUT_CHARGES_BELOW_QTY,real,1,0,0,NULL,NULL,NULL,NULL,NULL,NULL,NULL
dbo,WAREHOUSE_MASTER,61,WHS_CUT_CHARGES_AMOUNT,smallmoney,1,0,0,NULL,NULL,NULL,NULL,NULL,NULL,NULL
dbo,WAREHOUSE_MASTER,62,WHS_CUT_CHARGES_ACCOUNT_NUMBER,int,1,0,0,NULL,NULL,NULL,NULL,NULL,NULL,NULL
dbo,WAREHOUSE_MASTER,63,whs_print_option_on_PO_Tickets_And_AR_Statements,int,1,0,0,NULL,NULL,NULL,NULL,NULL,NULL,NULL
dbo,WAREHOUSE_MASTER,64,whs_next_sub_contract_number,int,1,0,0,-1,NULL,NULL,NULL,NULL,NULL,NULL
dbo,WAREHOUSE_MASTER,65,whs_payment_server_path,varchar(200),1,0,0,NULL,NULL,NULL,NULL,NULL,NULL,NULL
dbo,WAREHOUSE_MASTER,66,whs_debit_card_company,varchar(10),1,0,0,NULL,NULL,NULL,NULL,NULL,NULL,NULL
dbo,WAREHOUSE_MASTER,67,whs_debit_card_tid,varchar(30),1,0,0,NULL,NULL,NULL,NULL,NULL,NULL,NULL
dbo,WAREHOUSE_MASTER,68,whs_check_company,varchar(10),1,0,0,NULL,NULL,NULL,NULL,NULL,NULL,NULL
dbo,WAREHOUSE_MASTER,69,whs_check_tid,varchar(30),1,0,0,NULL,NULL,NULL,NULL,NULL,NULL,NULL
dbo,WAREHOUSE_MASTER,70,whs_credit_card_company,varchar(30),1,0,0,NULL,NULL,NULL,NULL,NULL,NULL,NULL
dbo,WAREHOUSE_MASTER,71,whs_credit_card_tid,varchar(10),1,0,0,NULL,NULL,NULL,NULL,NULL,NULL,NULL
dbo,WAREHOUSE_MASTER,72,whs_next_complaint_number,int,1,0,0,NULL,NULL,NULL,NULL,NULL,NULL,NULL
dbo,WAREHOUSE_MASTER,73,whs_use_free_address,bit,1,0,0,NULL,NULL,NULL,NULL,NULL,NULL,NULL
dbo,WAREHOUSE_MASTER,74,WHS_DEFAULT_BANK_ACCOUNT,int,1,0,0,NULL,NULL,NULL,NULL,NULL,NULL,NULL
dbo,WAREHOUSE_MASTER,75,WHS_PHONE_NUMBER,varchar(13),1,0,0,NULL,NULL,NULL,NULL,NULL,NULL,NULL
dbo,WAREHOUSE_MASTER,76,WHS_FAX_NUMBER,varchar(13),1,0,0,NULL,NULL,NULL,NULL,NULL,NULL,NULL
dbo,WAREHOUSE_MASTER,77,WHS_EMAIL_ADDRESS,varchar(30),1,0,0,NULL,NULL,NULL,NULL,NULL,NULL,NULL
dbo,WAREHOUSE_MASTER,78,WHS_DEBIT_CARD_ACCOUNT,int,1,0,0,NULL,NULL,NULL,NULL,NULL,NULL,NULL
dbo,WAREHOUSE_MASTER,79,WHS_ENABLE_PAYWARE,bit,1,0,0,((0)),NULL,NULL,NULL,NULL,NULL,NULL
dbo,WAREHOUSE_MASTER,81,WHS_EXCLUDED_FROM_MULTIPLE_SELECTION_FLAG,bit,0,0,0,((0)),NULL,NULL,NULL,NULL,NULL,NULL
dbo,WAREHOUSE_MASTER,82,WHS_ENTER_SLAB_NUMBER_FLAG,bit,0,0,0,((0)),NULL,NULL,NULL,NULL,NULL,NULL
dbo,WAREHOUSE_MASTER,83,WHS_AUTO_SLAB_LOT_NUMBER_FLAG,bit,0,0,0,((0)),NULL,NULL,NULL,NULL,NULL,NULL
dbo,WAREHOUSE_MASTER,84,WHS_NEXT_SLAB_LOT_NUMBER,int,1,0,0,NULL,NULL,NULL,NULL,NULL,NULL,NULL
dbo,WAREHOUSE_MASTER,85,WHS_SHIP_TO_TYPE,int,0,0,0,((0)),NULL,NULL,NULL,NULL,NULL,NULL
dbo,WEAR_RATING,1,WR_COMPANY_ID,int,0,0,0,NULL,1,NULL,NULL,NULL,NULL,NULL
dbo,WEAR_RATING,2,WR_CODE,varchar(2),0,0,0,NULL,2,NULL,NULL,NULL,NULL,NULL
dbo,WEAR_RATING,3,WR_DESCRIPTION,varchar(30),1,0,0,NULL,NULL,NULL,NULL,NULL,NULL,NULL
dbo,WEAR_RATING,4,WR_ID,int,0,1,0,NULL,NULL,NULL,NULL,NULL,NULL,NULL
dbo,WORK_ORDER_ADD_MATERIAL,1,SYS_ID,int,0,1,0,NULL,1,NULL,NULL,NULL,NULL,NULL
dbo,WORK_ORDER_ADD_MATERIAL,2,SOH_NUMBER,int,1,0,0,NULL,NULL,NULL,NULL,NULL,NULL,NULL
dbo,WORK_ORDER_ADD_MATERIAL,3,ITM_DESCRIPTION,nvarchar(100),1,0,0,NULL,NULL,NULL,NULL,NULL,NULL,NULL
dbo,WORK_ORDER_ADD_MATERIAL,4,ITM_DESCRIPTION_2,nvarchar(100),1,0,0,NULL,NULL,NULL,NULL,NULL,NULL,NULL
dbo,WORK_ORDER_ADD_MATERIAL,5,QUANTITY,float,1,0,0,NULL,NULL,NULL,NULL,NULL,NULL,NULL
dbo,WORK_ORDER_ADD_MATERIAL,6,INSTALLER_ID,int,1,0,0,NULL,NULL,NULL,NULL,NULL,NULL,NULL
dbo,WORK_ORDER_ADD_MATERIAL,7,ADD_QUANTITY,float,1,0,0,NULL,NULL,NULL,NULL,NULL,NULL,NULL
dbo,WORK_ORDER_ADD_MATERIAL,8,ORDER_UOM,nvarchar(10),1,0,0,NULL,NULL,NULL,NULL,NULL,NULL,NULL
dbo,WORK_ORDER_ADD_MATERIAL,9,ORDER_TYPE,nvarchar(10),1,0,0,NULL,NULL,NULL,NULL,NULL,NULL,NULL
dbo,WORK_ORDER_ADD_MATERIAL,10,ITM_ID_LAST,nvarchar(10),1,0,0,NULL,NULL,NULL,NULL,NULL,NULL,NULL
dbo,WORK_ORDER_ADD_MATERIAL,11,NEW_ADD_QUANTITY,float,1,0,0,NULL,NULL,NULL,NULL,NULL,NULL,NULL
dbo,WORK_ORDER_ADD_MATERIAL,12,ORIGINAL_UOM,varchar(50),1,0,0,NULL,NULL,NULL,NULL,NULL,NULL,NULL
dbo,WORK_ORDER_ADD_MATERIAL,13,ORIGINAL_QTY,float,1,0,0,NULL,NULL,NULL,NULL,NULL,NULL,NULL
dbo,WORK_ORDER_FLOORREPAIR,1,SYS_ID,int,0,1,0,NULL,1,NULL,NULL,NULL,NULL,NULL
dbo,WORK_ORDER_FLOORREPAIR,2,SOH_NUMBER,int,1,0,0,NULL,NULL,NULL,NULL,NULL,NULL,NULL
dbo,WORK_ORDER_FLOORREPAIR,3,PICTURE_LINK,nvarchar(100),1,0,0,NULL,NULL,NULL,NULL,NULL,NULL,NULL
dbo,WORK_ORDER_FLOORREPAIR,4,PICTURE_CONTENT,nvarchar(100),1,0,0,NULL,NULL,NULL,NULL,NULL,NULL,NULL
dbo,WORK_ORDER_FLOORREPAIR,5,PICTURE_DESC,nvarchar(50),1,0,0,NULL,NULL,NULL,NULL,NULL,NULL,NULL
dbo,WORK_ORDER_FLOORREPAIR_PICTUREQC,1,SYS_ID,int,0,1,0,NULL,1,NULL,NULL,NULL,NULL,NULL
dbo,WORK_ORDER_FLOORREPAIR_PICTUREQC,2,SOH_NUMBER,int,1,0,0,NULL,NULL,NULL,NULL,NULL,NULL,NULL
dbo,WORK_ORDER_FLOORREPAIR_PICTUREQC,3,PICTURE_LINK,nvarchar(100),1,0,0,NULL,NULL,NULL,NULL,NULL,NULL,NULL
dbo,WORK_ORDER_FLOORREPAIR_PICTUREQC,4,PICTURE_CONTENT,nvarchar(100),1,0,0,NULL,NULL,NULL,NULL,NULL,NULL,NULL
dbo,WORK_ORDER_FLOORREPAIR_PICTUREQC,5,PICTURE_DESC,nvarchar(50),1,0,0,NULL,NULL,NULL,NULL,NULL,NULL,NULL
dbo,WORK_ORDER_MULTIPLE_RECEPIENTS,1,SYS_ID,int,0,1,0,NULL,1,NULL,NULL,NULL,NULL,NULL
dbo,WORK_ORDER_MULTIPLE_RECEPIENTS,2,RECEIPIENT_NAME,nvarchar(max),1,0,0,NULL,NULL,NULL,NULL,NULL,NULL,NULL
dbo,WORK_ORDER_MULTIPLE_RECEPIENTS,3,RECEPIENTS_EMAIL_ADDRESS,nvarchar(max),1,0,0,NULL,NULL,NULL,NULL,NULL,NULL,NULL
dbo,WORK_ORDER_MULTIPLE_RECEPIENTS,4,TYPE,nvarchar(max),1,0,0,NULL,NULL,NULL,NULL,NULL,NULL,NULL
dbo,WORK_ORDER_MULTIPLE_RECEPIENTS,5,SALES_REP_ERP_ID,int,1,0,0,NULL,NULL,NULL,NULL,NULL,NULL,NULL
dbo,Work_Order_Picture_Assessor,1,SYS_ID,int,0,1,0,NULL,1,NULL,NULL,NULL,NULL,NULL
dbo,Work_Order_Picture_Assessor,2,SOH_NUMBER,int,1,0,0,NULL,NULL,NULL,NULL,NULL,NULL,NULL
dbo,Work_Order_Picture_Assessor,3,PICTURE_LINK,nvarchar(max),1,0,0,NULL,NULL,NULL,NULL,NULL,NULL,NULL
dbo,Work_Order_Picture_Assessor,4,PICTURE_CONTENT,nvarchar(max),1,0,0,NULL,NULL,NULL,NULL,NULL,NULL,NULL
dbo,Work_Order_Picture_Assessor,5,PICTURE_DESC,nvarchar(500),1,0,0,NULL,NULL,NULL,NULL,NULL,NULL,NULL
dbo,WORK_ORDER_PICTURES,1,SYS_ID,int,0,1,0,NULL,1,NULL,NULL,NULL,NULL,NULL
dbo,WORK_ORDER_PICTURES,2,SOH_NUMBER,int,1,0,0,NULL,NULL,NULL,NULL,NULL,NULL,NULL
dbo,WORK_ORDER_PICTURES,3,PICTURE_LINK,nvarchar(max),1,0,0,NULL,NULL,NULL,NULL,NULL,NULL,NULL
dbo,WORK_ORDER_PICTURES,4,PICTURE_CONTENT,nvarchar(100),1,0,0,NULL,NULL,NULL,NULL,NULL,NULL,NULL
dbo,WORK_ORDER_PICTURES,5,PICTURE_DESC,nvarchar(500),1,0,0,NULL,NULL,NULL,NULL,NULL,NULL,NULL
dbo,WORK_ORDER_PICTURES,6,ORDER_IMAGE,varbinary(max),1,0,0,NULL,NULL,NULL,NULL,NULL,NULL,NULL
dbo,WORK_ORDER_SALES_PICTURES,1,SYS_ID,int,0,1,0,NULL,1,NULL,NULL,NULL,NULL,NULL
dbo,WORK_ORDER_SALES_PICTURES,2,SOH_NUMBER,int,1,0,0,NULL,NULL,NULL,NULL,NULL,NULL,NULL
dbo,WORK_ORDER_SALES_PICTURES,3,PICTURE_LINK,nvarchar(100),1,0,0,NULL,NULL,NULL,NULL,NULL,NULL,NULL
dbo,WORK_ORDER_SALES_PICTURES,4,PICTURE_CONTENT,nvarchar(100),1,0,0,NULL,NULL,NULL,NULL,NULL,NULL,NULL
dbo,WORK_ORDER_SALES_PICTURES,5,PICTURE_DESC,nvarchar(500),1,0,0,NULL,NULL,NULL,NULL,NULL,NULL,NULL
dbo,WORK_ORDER_SALES_PICTURES,6,ORDER_IMAGE,varbinary(max),1,0,0,NULL,NULL,NULL,NULL,NULL,NULL,NULL
dbo,WORK_ORDER_SALES_PICTURES,7,ROLE_ID,int,1,0,0,NULL,NULL,NULL,NULL,NULL,NULL,NULL
dbo,WORK_ORDER_SALES_PICTURES,8,SALES_MAN_ID,int,1,0,0,NULL,NULL,NULL,NULL,NULL,NULL,NULL
dbo,WORK_ORDER_SALES_PICTURES,9,SALES_MAN_NAME,varchar(60),1,0,0,NULL,NULL,NULL,NULL,NULL,NULL,NULL
dbo,WORK_ORDER_SEQUENCE,1,SYS_ID,int,0,1,0,NULL,1,NULL,NULL,NULL,NULL,NULL
dbo,WORK_ORDER_SEQUENCE,2,SOH_NUMBER,int,1,0,0,NULL,NULL,NULL,NULL,NULL,NULL,NULL
dbo,WORK_ORDER_SEQUENCE,3,PROPERTY_NAME,nvarchar(100),1,0,0,NULL,NULL,NULL,NULL,NULL,NULL,NULL
dbo,WORK_ORDER_SEQUENCE,4,INSTALLER_NAME,nvarchar(100),1,0,0,NULL,NULL,NULL,NULL,NULL,NULL,NULL
dbo,WORK_ORDER_SEQUENCE,5,ORDER_SEQUENCE,int,1,0,0,NULL,NULL,NULL,NULL,NULL,NULL,NULL
dbo,WORK_ORDER_SEQUENCE,6,ORDERSEQ_DATE,datetime,1,0,0,NULL,NULL,NULL,NULL,NULL,NULL,NULL
dbo,WORK_ORDER_SEQUENCE,7,INSTALLER_CODE,int,1,0,0,NULL,NULL,NULL,NULL,NULL,NULL,NULL
dbo,WORK_ORDER_STATUS,1,SYS_ID,int,0,1,0,NULL,1,NULL,NULL,NULL,NULL,NULL
dbo,WORK_ORDER_STATUS,2,SOH_NUMBER,int,1,0,0,NULL,NULL,NULL,NULL,NULL,NULL,NULL
dbo,WORK_ORDER_STATUS,3,LATITUDE,nvarchar(100),1,0,0,NULL,NULL,NULL,NULL,NULL,NULL,NULL
dbo,WORK_ORDER_STATUS,4,LONGITUDE,nvarchar(500),1,0,0,NULL,NULL,NULL,NULL,NULL,NULL,NULL
dbo,WORK_ORDER_STATUS,5,ARRIVAL_TIME,datetime,1,0,0,NULL,NULL,NULL,NULL,NULL,NULL,NULL
dbo,WORK_ORDER_STATUS,6,CANCEL_NOTES,nvarchar(500),1,0,0,NULL,NULL,NULL,NULL,NULL,NULL,NULL
dbo,WORK_ORDER_STATUS,7,CANCEL_TIME,datetime,1,0,0,NULL,NULL,NULL,NULL,NULL,NULL,NULL
dbo,WORK_ORDER_STATUS,8,COMPLETE_TIME,datetime,1,0,0,NULL,NULL,NULL,NULL,NULL,NULL,NULL
dbo,WORK_ORDER_STATUS,9,DEPART_TIME,datetime,1,0,0,NULL,NULL,NULL,NULL,NULL,NULL,NULL
dbo,WORK_ORDER_STATUS,10,DEPART_LATITUDE,nvarchar(100),1,0,0,NULL,NULL,NULL,NULL,NULL,NULL,NULL
dbo,WORK_ORDER_STATUS,11,DEPART_LONGITUDE,nvarchar(100),1,0,0,NULL,NULL,NULL,NULL,NULL,NULL,NULL
dbo,WORK_ORDER_STATUS,12,INSTALLER_ID,int,1,0,0,NULL,NULL,NULL,NULL,NULL,NULL,NULL
dbo,WORK_ORDER_STATUS,13,SIGN_LINK,nvarchar(100),1,0,0,NULL,NULL,NULL,NULL,NULL,NULL,NULL
dbo,WORK_ORDER_STATUS,14,SIGN_CONTENT,nvarchar(100),1,0,0,NULL,NULL,NULL,NULL,NULL,NULL,NULL
dbo,WORK_ORDER_STATUS,15,FLR_RPR_QTY,float,1,0,0,NULL,NULL,NULL,NULL,NULL,NULL,NULL
dbo,WORK_ORDER_STATUS,16,FLR_RPR_NOTES,nvarchar(1000),1,0,0,NULL,NULL,NULL,NULL,NULL,NULL,NULL
dbo,WORK_ORDER_STATUS,17,FLR_RPR_STATUS,int,1,0,0,NULL,NULL,NULL,NULL,NULL,NULL,NULL
dbo,WORK_ORDER_STATUS,18,ARRIVE_LOC,nvarchar(200),1,0,0,NULL,NULL,NULL,NULL,NULL,NULL,NULL
dbo,WORK_ORDER_STATUS,19,DEPART_LOC,nvarchar(200),1,0,0,NULL,NULL,NULL,NULL,NULL,NULL,NULL
dbo,WORK_ORDER_STATUS,20,FLR_RPR_COMMENTS,nvarchar(100),1,0,0,NULL,NULL,NULL,NULL,NULL,NULL,NULL
dbo,WORK_ORDER_STATUS,21,FLR_RPR_SIGN_LINK,nvarchar(100),1,0,0,NULL,NULL,NULL,NULL,NULL,NULL,NULL
dbo,WORK_ORDER_STATUS,22,FLR_RPR_SIGN_CONTENT,nvarchar(100),1,0,0,NULL,NULL,NULL,NULL,NULL,NULL,NULL
dbo,WORK_ORDER_STATUS,23,FLR_RPR_CUST_EMAIL,nvarchar(100),1,0,0,NULL,NULL,NULL,NULL,NULL,NULL,NULL
dbo,WORK_ORDER_STATUS,24,COMP_SIGN_FLG,int,1,0,0,NULL,NULL,NULL,NULL,NULL,NULL,NULL
dbo,WORK_ORDER_STATUS,25,RESCHEDULE_DATE,datetime,1,0,0,NULL,NULL,NULL,NULL,NULL,NULL,NULL
dbo,WORK_ORDER_STATUS,26,RESCHEDULED_DATE,datetime,1,0,0,NULL,NULL,NULL,NULL,NULL,NULL,NULL
dbo,WORK_ORDER_STATUS,27,RESCHEDULE_NOTES,nvarchar(500),1,0,0,NULL,NULL,NULL,NULL,NULL,NULL,NULL
dbo,WORK_ORDER_STATUS,28,RESCHEDULE_FLG_DATE,datetime,1,0,0,NULL,NULL,NULL,NULL,NULL,NULL,NULL
dbo,WORK_ORDER_STATUS,29,CUSTOMER_NAME,nvarchar(500),1,0,0,NULL,NULL,NULL,NULL,NULL,NULL,NULL
dbo,WORK_ORDER_STATUS,30,FLR_SIGN_NAME,nvarchar(500),1,0,0,NULL,NULL,NULL,NULL,NULL,NULL,NULL
dbo,WORK_ORDER_STATUS,31,APPROVE_FLG,bit,0,0,0,('FALSE'),NULL,NULL,NULL,NULL,NULL,NULL
dbo,WORK_ORDER_STATUS,32,FLR_RPR_EDIT_NOTES,varchar(50),1,0,0,NULL,NULL,NULL,NULL,NULL,NULL,NULL
dbo,WORK_ORDER_STATUS,33,FLR_RPR_EDIT_BY,varchar(50),1,0,0,NULL,NULL,NULL,NULL,NULL,NULL,NULL
dbo,WORK_ORDER_STATUS,34,FLR_RPR_OLD_QTY,varchar(50),1,0,0,NULL,NULL,NULL,NULL,NULL,NULL,NULL
dbo,WORK_ORDER_STATUS,35,MATERIAL_STATUS,int,1,0,0,NULL,NULL,NULL,NULL,NULL,NULL,NULL
dbo,WORK_ORDER_STATUS,36,FLR_Unit,varchar(50),1,0,0,NULL,NULL,NULL,NULL,NULL,NULL,NULL
dbo,WORK_ORDER_STATUS,37,Floor_Repair,int,1,0,0,NULL,NULL,NULL,NULL,NULL,NULL,NULL
dbo,WORK_ORDER_STATUS,38,TakeUp_Demo,int,1,0,0,NULL,NULL,NULL,NULL,NULL,NULL,NULL
dbo,WORK_ORDER_STATUS,39,Material,varchar(50),1,0,0,NULL,NULL,NULL,NULL,NULL,NULL,NULL
dbo,WORK_ORDER_STATUS,40,Sub_Floor_Repair,int,1,0,0,NULL,NULL,NULL,NULL,NULL,NULL,NULL
dbo,WORK_ORDER_STATUS,41,Self_Leveling,int,1,0,0,NULL,NULL,NULL,NULL,NULL,NULL,NULL
dbo,WORK_ORDER_STATUS,42,Bags_Qty,varchar(50),1,0,0,NULL,NULL,NULL,NULL,NULL,NULL,NULL
dbo,WORK_ORDER_STATUS,43,Primer_Qty,varchar(50),1,0,0,NULL,NULL,NULL,NULL,NULL,NULL,NULL
dbo,WORK_ORDER_STATUS,44,Plywood,int,1,0,0,NULL,NULL,NULL,NULL,NULL,NULL,NULL
dbo,WORK_ORDER_STATUS,45,Sheets_Qty,varchar(50),1,0,0,NULL,NULL,NULL,NULL,NULL,NULL,NULL
dbo,WORK_ORDER_STATUS,46,Sheet_Size,varchar(50),1,0,0,NULL,NULL,NULL,NULL,NULL,NULL,NULL
dbo,WORK_ORDER_STATUS,47,Grinding,int,1,0,0,NULL,NULL,NULL,NULL,NULL,NULL,NULL
dbo,WORK_ORDER_STATUS,48,Quantity_by_Hours,varchar(50),1,0,0,NULL,NULL,NULL,NULL,NULL,NULL,NULL
dbo,WORK_ORDER_STATUS,49,Other,int,1,0,0,NULL,NULL,NULL,NULL,NULL,NULL,NULL
dbo,WORK_ORDER_STATUS,50,FLR_RPR_STATUS_UpdatedBy,int,1,0,0,NULL,NULL,NULL,NULL,NULL,NULL,NULL
dbo,WORK_ORDER_STATUS,51,FLR_RPR_STATUS_UpdatedDate,datetime,1,0,0,NULL,NULL,NULL,NULL,NULL,NULL,NULL
dbo,WORK_ORDER_STATUS,52,COMPLETE_LATITUDE,nvarchar(100),1,0,0,NULL,NULL,NULL,NULL,NULL,NULL,NULL
dbo,WORK_ORDER_STATUS,53,COMPLETE_LONGITUDE,nvarchar(500),1,0,0,NULL,NULL,NULL,NULL,NULL,NULL,NULL
dbo,WORK_ORDER_STATUS,54,COMPLETE_LOCATION,nvarchar(200),1,0,0,NULL,NULL,NULL,NULL,NULL,NULL,NULL
dbo,WORK_ORDER_STATUS,55,RoleID,int,0,0,0,((1)),NULL,NULL,NULL,NULL,NULL,NULL
dbo,WORK_ORDER_STATUS_ASSESSOR,1,SYS_ID,int,0,1,0,NULL,1,NULL,NULL,NULL,NULL,NULL
dbo,WORK_ORDER_STATUS_ASSESSOR,2,SOH_NUMBER,int,1,0,0,NULL,NULL,NULL,NULL,NULL,NULL,NULL
dbo,WORK_ORDER_STATUS_ASSESSOR,3,LATITUDE,nvarchar(max),1,0,0,NULL,NULL,NULL,NULL,NULL,NULL,NULL
dbo,WORK_ORDER_STATUS_ASSESSOR,4,LONGITUDE,nvarchar(max),1,0,0,NULL,NULL,NULL,NULL,NULL,NULL,NULL
dbo,WORK_ORDER_STATUS_ASSESSOR,5,ARRIVAL_TIME,datetime,1,0,0,NULL,NULL,NULL,NULL,NULL,NULL,NULL
dbo,WORK_ORDER_STATUS_ASSESSOR,6,COMPLETE_TIME,datetime,1,0,0,NULL,NULL,NULL,NULL,NULL,NULL,NULL
dbo,WORK_ORDER_STATUS_ASSESSOR,7,DEPART_TIME,datetime,1,0,0,NULL,NULL,NULL,NULL,NULL,NULL,NULL
dbo,WORK_ORDER_STATUS_ASSESSOR,8,DEPART_LATITUDE,nvarchar(max),1,0,0,NULL,NULL,NULL,NULL,NULL,NULL,NULL
dbo,WORK_ORDER_STATUS_ASSESSOR,9,DEPART_LONGITUDE,nvarchar(max),1,0,0,NULL,NULL,NULL,NULL,NULL,NULL,NULL
dbo,WORK_ORDER_STATUS_ASSESSOR,10,INSTALLER_ID,int,1,0,0,NULL,NULL,NULL,NULL,NULL,NULL,NULL
dbo,WORK_ORDER_STATUS_ASSESSOR,11,COMP_SIGN_FLG,int,1,0,0,NULL,NULL,NULL,NULL,NULL,NULL,NULL
dbo,WORK_ORDER_STATUS_ASSESSOR,12,SIGN_LINK,nvarchar(max),1,0,0,NULL,NULL,NULL,NULL,NULL,NULL,NULL
dbo,WORK_ORDER_STATUS_ASSESSOR,13,SIGN_CONTENT,nvarchar(max),1,0,0,NULL,NULL,NULL,NULL,NULL,NULL,NULL
dbo,WORK_ORDER_STATUS_ASSESSOR,14,ARRIVE_LOC,nvarchar(max),1,0,0,NULL,NULL,NULL,NULL,NULL,NULL,NULL
dbo,WORK_ORDER_STATUS_ASSESSOR,15,DEPART_LOC,nvarchar(max),1,0,0,NULL,NULL,NULL,NULL,NULL,NULL,NULL
dbo,WORK_ORDER_STATUS_ASSESSOR,16,COMPLETE_LATITUDE,nvarchar(max),1,0,0,NULL,NULL,NULL,NULL,NULL,NULL,NULL
dbo,WORK_ORDER_STATUS_ASSESSOR,17,COMPLETE_LONGITUDE,nvarchar(max),1,0,0,NULL,NULL,NULL,NULL,NULL,NULL,NULL
dbo,WORK_ORDER_STATUS_ASSESSOR,18,COMPLETE_LOCATION,nvarchar(max),1,0,0,NULL,NULL,NULL,NULL,NULL,NULL,NULL
dbo,WORK_ORDER_STATUS_ASSESSOR,19,MATERIAL_STATUS,int,1,0,0,NULL,NULL,NULL,NULL,NULL,NULL,NULL
dbo,WORK_ORDER_STATUS_ASSESSOR,20,CUSTOMER_NAME,nvarchar(max),1,0,0,NULL,NULL,NULL,NULL,NULL,NULL,NULL
dbo,WORK_ORDER_STATUS_ASSESSOR,21,RoleID,int,1,0,0,NULL,NULL,NULL,NULL,NULL,NULL,NULL
dbo,WORK_ORDER_STATUS_QC,1,SYS_ID,int,0,1,0,NULL,1,NULL,NULL,NULL,NULL,NULL
dbo,WORK_ORDER_STATUS_QC,2,SOH_NUMBER,int,1,0,0,NULL,NULL,NULL,NULL,NULL,NULL,NULL
dbo,WORK_ORDER_STATUS_QC,3,LATITUDE,nvarchar(100),1,0,0,NULL,NULL,NULL,NULL,NULL,NULL,NULL
dbo,WORK_ORDER_STATUS_QC,4,LONGITUDE,nvarchar(500),1,0,0,NULL,NULL,NULL,NULL,NULL,NULL,NULL
dbo,WORK_ORDER_STATUS_QC,5,ARRIVAL_TIME,datetime,1,0,0,NULL,NULL,NULL,NULL,NULL,NULL,NULL
dbo,WORK_ORDER_STATUS_QC,6,COMPLETE_TIME,datetime,1,0,0,NULL,NULL,NULL,NULL,NULL,NULL,NULL
dbo,WORK_ORDER_STATUS_QC,7,DEPART_TIME,datetime,1,0,0,NULL,NULL,NULL,NULL,NULL,NULL,NULL
dbo,WORK_ORDER_STATUS_QC,8,DEPART_LATITUDE,nvarchar(100),1,0,0,NULL,NULL,NULL,NULL,NULL,NULL,NULL
dbo,WORK_ORDER_STATUS_QC,9,DEPART_LONGITUDE,nvarchar(100),1,0,0,NULL,NULL,NULL,NULL,NULL,NULL,NULL
dbo,WORK_ORDER_STATUS_QC,10,SALES_ID,int,1,0,0,NULL,NULL,NULL,NULL,NULL,NULL,NULL
dbo,WORK_ORDER_STATUS_QC,11,FLR_RPR_STATUS,int,1,0,0,NULL,NULL,NULL,NULL,NULL,NULL,NULL
dbo,WORK_ORDER_STATUS_QC,12,FLR_RPR_QTY,float,1,0,0,NULL,NULL,NULL,NULL,NULL,NULL,NULL
dbo,WORK_ORDER_STATUS_QC,13,FLR_RPR_NOTES,nvarchar(1000),1,0,0,NULL,NULL,NULL,NULL,NULL,NULL,NULL
dbo,WORK_ORDER_STATUS_QC,14,ARRIVE_LOC,nvarchar(200),1,0,0,NULL,NULL,NULL,NULL,NULL,NULL,NULL
dbo,WORK_ORDER_STATUS_QC,15,DEPART_LOC,nvarchar(200),1,0,0,NULL,NULL,NULL,NULL,NULL,NULL,NULL
dbo,WORK_ORDER_STATUS_QC,16,FLR_RPR_COMMENTS,nvarchar(100),1,0,0,NULL,NULL,NULL,NULL,NULL,NULL,NULL
dbo,WORK_ORDER_STATUS_QC,17,FLR_RPR_SIGN_LINK,nvarchar(100),1,0,0,NULL,NULL,NULL,NULL,NULL,NULL,NULL
dbo,WORK_ORDER_STATUS_QC,18,FLR_RPR_SIGN_CONTENT,nvarchar(100),1,0,0,NULL,NULL,NULL,NULL,NULL,NULL,NULL
dbo,WORK_ORDER_STATUS_QC,19,FLR_RPR_CUST_EMAIL,nvarchar(100),1,0,0,NULL,NULL,NULL,NULL,NULL,NULL,NULL
dbo,WORK_ORDER_STATUS_QC,20,COMP_SIGN_FLG,int,1,0,0,NULL,NULL,NULL,NULL,NULL,NULL,NULL
dbo,WORK_ORDER_STATUS_QC,21,RESCHEDULE_DATE,datetime,1,0,0,NULL,NULL,NULL,NULL,NULL,NULL,NULL
dbo,WORK_ORDER_STATUS_QC,22,RESCHEDULED_DATE,datetime,1,0,0,NULL,NULL,NULL,NULL,NULL,NULL,NULL
dbo,WORK_ORDER_STATUS_QC,23,RESCHEDULE_NOTES,nvarchar(500),1,0,0,NULL,NULL,NULL,NULL,NULL,NULL,NULL
dbo,WORK_ORDER_STATUS_QC,24,RESCHEDULE_FLG_DATE,datetime,1,0,0,NULL,NULL,NULL,NULL,NULL,NULL,NULL
dbo,WORK_ORDER_STATUS_QC,25,CUSTOMER_NAME,nvarchar(500),1,0,0,NULL,NULL,NULL,NULL,NULL,NULL,NULL
dbo,WORK_ORDER_STATUS_QC,26,FLR_SIGN_NAME,nvarchar(500),1,0,0,NULL,NULL,NULL,NULL,NULL,NULL,NULL
dbo,WORK_ORDER_STATUS_QC,27,APPROVE_FLG,bit,0,0,0,NULL,NULL,NULL,NULL,NULL,NULL,NULL
dbo,WORK_ORDER_STATUS_QC,28,FLR_RPR_EDIT_NOTES,varchar(50),1,0,0,NULL,NULL,NULL,NULL,NULL,NULL,NULL
dbo,WORK_ORDER_STATUS_QC,29,FLR_RPR_EDIT_BY,varchar(50),1,0,0,NULL,NULL,NULL,NULL,NULL,NULL,NULL
dbo,WORK_ORDER_STATUS_QC,30,FLR_RPR_OLD_QTY,varchar(50),1,0,0,NULL,NULL,NULL,NULL,NULL,NULL,NULL
dbo,WORK_ORDER_STATUS_QC,31,MATERIAL_STATUS,int,1,0,0,NULL,NULL,NULL,NULL,NULL,NULL,NULL
dbo,WORK_ORDER_STATUS_QC,32,FLR_Unit,varchar(50),1,0,0,NULL,NULL,NULL,NULL,NULL,NULL,NULL
dbo,WORK_ORDER_STATUS_QC,33,Floor_Repair,int,1,0,0,NULL,NULL,NULL,NULL,NULL,NULL,NULL
dbo,WORK_ORDER_STATUS_QC,34,TakeUp_Demo,int,1,0,0,NULL,NULL,NULL,NULL,NULL,NULL,NULL
dbo,WORK_ORDER_STATUS_QC,35,Material,varchar(50),1,0,0,NULL,NULL,NULL,NULL,NULL,NULL,NULL
dbo,WORK_ORDER_STATUS_QC,36,Sub_Floor_Repair,int,1,0,0,NULL,NULL,NULL,NULL,NULL,NULL,NULL
dbo,WORK_ORDER_STATUS_QC,37,Self_Leveling,int,1,0,0,NULL,NULL,NULL,NULL,NULL,NULL,NULL
dbo,WORK_ORDER_STATUS_QC,38,Bags_Qty,varchar(50),1,0,0,NULL,NULL,NULL,NULL,NULL,NULL,NULL
dbo,WORK_ORDER_STATUS_QC,39,Primer_Qty,varchar(50),1,0,0,NULL,NULL,NULL,NULL,NULL,NULL,NULL
dbo,WORK_ORDER_STATUS_QC,40,Plywood,int,1,0,0,NULL,NULL,NULL,NULL,NULL,NULL,NULL
dbo,WORK_ORDER_STATUS_QC,41,Sheets_Qty,varchar(50),1,0,0,NULL,NULL,NULL,NULL,NULL,NULL,NULL
dbo,WORK_ORDER_STATUS_QC,42,Sheet_Size,varchar(50),1,0,0,NULL,NULL,NULL,NULL,NULL,NULL,NULL
dbo,WORK_ORDER_STATUS_QC,43,Grinding,int,1,0,0,NULL,NULL,NULL,NULL,NULL,NULL,NULL
dbo,WORK_ORDER_STATUS_QC,44,Quantity_by_Hours,varchar(50),1,0,0,NULL,NULL,NULL,NULL,NULL,NULL,NULL
dbo,WORK_ORDER_STATUS_QC,45,Other,int,1,0,0,NULL,NULL,NULL,NULL,NULL,NULL,NULL
dbo,WORK_ORDER_STATUS_QC,46,FLR_RPR_STATUS_UpdatedBy,int,1,0,0,NULL,NULL,NULL,NULL,NULL,NULL,NULL
dbo,WORK_ORDER_STATUS_QC,47,FLR_RPR_STATUS_UpdatedDate,datetime,1,0,0,NULL,NULL,NULL,NULL,NULL,NULL,NULL
dbo,WORK_ORDER_STATUS_QC,48,COMPLETE_LATITUDE,nvarchar(100),1,0,0,NULL,NULL,NULL,NULL,NULL,NULL,NULL
dbo,WORK_ORDER_STATUS_QC,49,COMPLETE_LONGITUDE,nvarchar(500),1,0,0,NULL,NULL,NULL,NULL,NULL,NULL,NULL
dbo,WORK_ORDER_STATUS_QC,50,COMPLETE_LOCATION,nvarchar(200),1,0,0,NULL,NULL,NULL,NULL,NULL,NULL,NULL
dbo,WORK_ORDER_STATUS_QC,51,RoleID,int,0,0,0,((9)),NULL,NULL,NULL,NULL,NULL,NULL
dbo,YardiData,1,YardiCode,nvarchar(255),1,0,0,NULL,NULL,NULL,NULL,NULL,NULL,NULL
dbo,YardiData,2,PropertyName,nvarchar(255),1,0,0,NULL,NULL,NULL,NULL,NULL,NULL,NULL
dbo,YardiData,3,AccountingStatus,nvarchar(50),1,0,0,NULL,NULL,NULL,NULL,NULL,NULL,NULL
dbo,YardiData,4,MasterID,nvarchar(50),1,0,0,NULL,NULL,NULL,NULL,NULL,NULL,NULL
dbo,YardiData,5,StartDate,date,1,0,0,NULL,NULL,NULL,NULL,NULL,NULL,NULL
dbo,YardiData,6,EndDate,date,1,0,0,NULL,NULL,NULL,NULL,NULL,NULL,NULL
dbo,YardiData,7,Territory,nvarchar(50),1,0,0,NULL,NULL,NULL,NULL,NULL,NULL,NULL
dbo,YardiData,8,Division,nvarchar(50),1,0,0,NULL,NULL,NULL,NULL,NULL,NULL,NULL
dbo,YardiData,9,Region,nvarchar(50),1,0,0,NULL,NULL,NULL,NULL,NULL,NULL,NULL
dbo,YardiData,10,ResidentialUnits,int,1,0,0,NULL,NULL,NULL,NULL,NULL,NULL,NULL
dbo,YardiData,11,Address,nvarchar(255),1,0,0,NULL,NULL,NULL,NULL,NULL,NULL,NULL
dbo,YardiData,12,City,nvarchar(100),1,0,0,NULL,NULL,NULL,NULL,NULL,NULL,NULL
dbo,YardiData,13,State,nvarchar(50),1,0,0,NULL,NULL,NULL,NULL,NULL,NULL,NULL
dbo,YardiData,14,MSA,nvarchar(50),1,0,0,NULL,NULL,NULL,NULL,NULL,NULL,NULL
dbo,YardiData,15,RPM,nvarchar(100),1,0,0,NULL,NULL,NULL,NULL,NULL,NULL,NULL
dbo,YardiData,16,Client,nvarchar(100),1,0,0,NULL,NULL,NULL,NULL,NULL,NULL,NULL
dbo,YardiData,17,PropertyManager,nvarchar(100),1,0,0,NULL,NULL,NULL,NULL,NULL,NULL,NULL
dbo,YardiData,18,AssetClass,nvarchar(50),1,0,0,NULL,NULL,NULL,NULL,NULL,NULL,NULL
dbo,YardiData,19,BuildingType,nvarchar(50),1,0,0,NULL,NULL,NULL,NULL,NULL,NULL,NULL
dbo,YardiData,20,RegionalMaintenanceManager,nvarchar(100),1,0,0,NULL,NULL,NULL,NULL,NULL,NULL,NULL
dbo,YardiData,21,LegalName,nvarchar(255),1,0,0,NULL,NULL,NULL,NULL,NULL,NULL,NULL
dbo,YardiData,22,Latitude,nvarchar(100),1,0,0,NULL,NULL,NULL,NULL,NULL,NULL,NULL
dbo,YardiData,23,Longitude,nvarchar(100),1,0,0,NULL,NULL,NULL,NULL,NULL,NULL,NULL
dbo,YDTDEFINITIONS,1,Id,smallint,0,1,0,NULL,1,NULL,NULL,NULL,NULL,NULL
dbo,YDTDEFINITIONS,2,Description,nvarchar(30),1,0,0,NULL,NULL,NULL,NULL,NULL,NULL,NULL
dbo,YDTDEFINITIONS,3,TimeStamp,timestamp,1,0,0,NULL,NULL,NULL,NULL,NULL,NULL,NULL
Payware,Device,1,DeviceID,int,0,1,0,NULL,1,NULL,NULL,NULL,NULL,NULL
Payware,Device,2,DeviceTypeID,int,0,0,0,NULL,NULL,NULL,NULL,NULL,NULL,NULL
Payware,Device,3,Name,varchar(50),0,0,0,NULL,NULL,NULL,NULL,NULL,NULL,NULL
Payware,Device,4,MxCommSetting,int,0,0,0,((0)),NULL,NULL,NULL,NULL,NULL,Communication setting for Payware devices .  0 - serial connection || 1 - IP.  
Payware,Device,5,ComPort,int,0,0,0,((9)),NULL,NULL,NULL,NULL,NULL,Com port for communication.
Payware,Device,6,ComBaud,int,0,0,0,((57600)),NULL,NULL,NULL,NULL,NULL,NULL
Payware,Device,7,ComDataBits,int,0,0,0,((8)),NULL,NULL,NULL,NULL,NULL,NULL
Payware,Device,8,ComParity,nchar(1),0,0,0,('N'),NULL,NULL,NULL,NULL,NULL,"Com port parity mode. 'N' = None, 'O' = Odd, 'E' = Even"
Payware,Device,9,IPAddress,varchar(15),1,0,0,NULL,NULL,NULL,NULL,NULL,NULL,IP address of the Payware device.  This address is 4-bytes packed with the byte of the MSB representing the first octet of the IP addy.
Payware,Device,10,IPPort,int,1,0,0,NULL,NULL,NULL,NULL,NULL,NULL,NULL
Payware,Device,11,EnableSSL,bit,1,0,0,((0)),NULL,NULL,NULL,NULL,NULL,NULL
Payware,Device,12,SSLCertName,varchar(50),1,0,0,NULL,NULL,NULL,NULL,NULL,NULL,NULL
Payware,Device,13,SwipeTimeout,int,0,0,0,((120)),NULL,NULL,NULL,NULL,NULL,Timeout value of card swpe. 
Payware,Device,14,LoggingLevel,int,0,0,0,((3)),NULL,NULL,NULL,NULL,NULL,The logging level of the device
Payware,Device,15,MaxLogSize,int,0,0,0,((3)),NULL,NULL,NULL,NULL,NULL,The maximum size of the logfile in MB's on disk.
Payware,Device,16,CashBackLimit,"decimal(18,2)",0,0,0,((100.00)),NULL,NULL,NULL,NULL,NULL,NULL
Payware,Device,17,UsbCardReaderIndex,int,0,0,0,((-1)),NULL,NULL,NULL,NULL,NULL,NULL
Payware,Device,18,SupportsCreditCards,bit,0,0,0,((1)),NULL,NULL,NULL,NULL,NULL,NULL
Payware,Device,19,SupportsDebitCards,bit,0,0,0,((1)),NULL,NULL,NULL,NULL,NULL,NULL
Payware,Device,20,SupportsEBTCards,bit,1,0,0,((0)),NULL,NULL,NULL,NULL,NULL,NULL
Payware,Device,21,SupportsGiftCards,bit,1,0,0,((0)),NULL,NULL,NULL,NULL,NULL,NULL
Payware,Device,22,PromptForTipAmount,bit,0,0,0,((0)),NULL,NULL,NULL,NULL,NULL,NULL
Payware,Device,23,PromptForCashback,bit,0,0,0,((0)),NULL,NULL,NULL,NULL,NULL,NULL
Payware,Device,24,PromptForSurcharge,bit,0,0,0,((0)),NULL,NULL,NULL,NULL,NULL,NULL
Payware,Device,25,PromptForSignature,bit,0,0,0,((0)),NULL,NULL,NULL,NULL,NULL,NULL
Payware,Device,26,PromptForAmountConfirmation,bit,0,0,0,((1)),NULL,NULL,NULL,NULL,NULL,NULL
Payware,Device,27,PromptForZip,bit,0,0,0,((0)),NULL,NULL,NULL,NULL,NULL,NULL
Payware,Device,28,PromptForCardVerification,bit,0,0,0,((0)),NULL,NULL,NULL,NULL,NULL,NULL
Payware,Device,29,PromptForPaymentType,bit,0,0,0,((0)),NULL,NULL,NULL,NULL,NULL,NULL
Payware,Device,30,AllowManualCardEntry,bit,0,0,0,((0)),NULL,NULL,NULL,NULL,NULL,NULL
Payware,Device,31,ReverseFailedSignature,bit,0,0,0,((0)),NULL,NULL,NULL,NULL,NULL,NULL
Payware,Device,32,SupressManualEntryRollover,bit,0,0,0,((0)),NULL,NULL,NULL,NULL,NULL,NULL
Payware,Device,33,UseUsbCardReader,bit,0,0,0,((0)),NULL,NULL,NULL,NULL,NULL,NULL
Payware,Device,34,EmulateUsbCardReader,bit,0,0,0,((1)),NULL,NULL,NULL,NULL,NULL,NULL
Payware,Device,35,Created,datetime,0,0,0,(getdate()),NULL,NULL,NULL,NULL,NULL,NULL
Payware,Device,36,Modified,datetime,0,0,0,(getdate()),NULL,NULL,NULL,NULL,NULL,NULL
Payware,DeviceType,1,DeviceTypeID,int,0,0,0,NULL,1,NULL,NULL,NULL,NULL,Primary key for DeviceType records.
Payware,DeviceType,2,Name,varchar(50),0,0,0,NULL,NULL,NULL,NULL,NULL,NULL,"Types of payment methods stored in the Device table.  Examples include VeriFone Mx850, VeriFone Pin Pad 1000, and VeriFone Vx110. "
Payware,Merchant,1,MerchantID,int,0,1,0,NULL,1,NULL,NULL,NULL,NULL,NULL
Payware,Merchant,2,Name,varchar(50),0,0,0,NULL,NULL,NULL,NULL,NULL,NULL,NULL
Payware,Merchant,3,PaymentEngineID,int,0,0,0,NULL,NULL,FK_Merchant_MerchantPaymentEngine,Payware,MerchantPaymentEngine,MerchantPaymentEngineID,NULL
Payware,Merchant,4,UserID,varchar(50),0,0,0,NULL,NULL,NULL,NULL,NULL,NULL,NULL
Payware,Merchant,5,Password,varchar(20),1,0,0,NULL,NULL,NULL,NULL,NULL,NULL,NULL
Payware,Merchant,6,ProcessorID,int,1,0,0,NULL,NULL,FK_Merchant_MerchantProcessor,Payware,MerchantProcessor,ProcessorID,NULL
Payware,Merchant,7,MerchantNumber,varchar(50),1,0,0,NULL,NULL,NULL,NULL,NULL,NULL,NULL
Payware,Merchant,8,ClientID,varchar(50),1,0,0,NULL,NULL,NULL,NULL,NULL,NULL,NULL
Payware,Merchant,9,MerchantKey,varchar(500),1,0,0,NULL,NULL,NULL,NULL,NULL,NULL,NULL
Payware,Merchant,10,DeviceKey,varchar(50),1,0,0,NULL,NULL,NULL,NULL,NULL,NULL,NULL
Payware,Merchant,11,IPAddress,varchar(15),1,0,0,NULL,NULL,NULL,NULL,NULL,NULL,NULL
Payware,Merchant,12,IPPort,int,1,0,0,NULL,NULL,NULL,NULL,NULL,NULL,NULL
Payware,Merchant,13,EnableSSL,bit,0,0,0,((0)),NULL,NULL,NULL,NULL,NULL,NULL
Payware,Merchant,14,SSLCertName,varchar(50),1,0,0,NULL,NULL,NULL,NULL,NULL,NULL,NULL
Payware,Merchant,15,Timeout,int,0,0,0,((60)),NULL,NULL,NULL,NULL,NULL,NULL
Payware,Merchant,16,HttpPostURL,varchar(500),0,0,0,(''),NULL,NULL,NULL,NULL,NULL,NULL
Payware,Merchant,17,HttpPostURL2,varchar(500),1,0,0,NULL,NULL,NULL,NULL,NULL,NULL,NULL
Payware,Merchant,18,HttpPostURL3,varchar(500),1,0,0,NULL,NULL,NULL,NULL,NULL,NULL,NULL
Payware,Merchant,19,Created,datetime,0,0,0,(getdate()),NULL,NULL,NULL,NULL,NULL,NULL
Payware,Merchant,20,Modified,datetime,0,0,0,(getdate()),NULL,NULL,NULL,NULL,NULL,NULL
Payware,MerchantPaymentEngine,1,MerchantPaymentEngineID,int,0,0,0,NULL,1,NULL,NULL,NULL,NULL,NULL
Payware,MerchantPaymentEngine,2,Description,varchar(50),0,0,0,NULL,NULL,NULL,NULL,NULL,NULL,NULL
Payware,MerchantProcessor,1,ProcessorID,int,0,0,0,NULL,1,NULL,NULL,NULL,NULL,NULL
Payware,MerchantProcessor,2,Description,nvarchar(15),0,0,0,NULL,NULL,NULL,NULL,NULL,NULL,NULL
Payware,PaywareInterface,1,CompanyID,int,0,0,0,NULL,1,FK_PaywareInterface_Company_Information_Coin_Company_Number_CompanyID,dbo,COMPANY_INFORMATION,COIN_COMPANY_NUMBER,NULL
Payware,PaywareInterface,2,WarehouseID,int,0,0,0,NULL,2,FK_PaywareInterface_WAREHOUSE_MASTER,dbo,WAREHOUSE_MASTER,WHS_WHSMAS_ID,NULL
Payware,PaywareInterface,3,DeviceID,int,0,0,0,NULL,3,FK_PaywareInterface_Device_DeviceID_Device_ID,Payware,Device,DeviceID,NULL
Payware,PaywareInterface,4,MerchantID,int,0,0,0,NULL,4,FK_PaywareInterface_Merchant_MerchantID_MerchantID,Payware,Merchant,MerchantID,NULL
Payware,PaywareInterface,5,ComputerName,varchar(50),0,0,0,NULL,5,NULL,NULL,NULL,NULL,NULL
Payware,PaywareInterface,6,Alias,varchar(50),0,0,0,NULL,6,NULL,NULL,NULL,NULL,NULL
Payware,PaywareTransaction,1,TransactionID,int,0,1,0,NULL,1,NULL,NULL,NULL,NULL,Primary key for Payware.Transaction table.
Payware,PaywareTransaction,2,CompanyID,int,0,0,0,NULL,2,NULL,NULL,NULL,NULL,CompUFloor company id.
Payware,PaywareTransaction,3,WarehouseID,int,0,0,0,NULL,3,NULL,NULL,NULL,NULL,CompUFloor warehouse id.
Payware,PaywareTransaction,4,TicketNumber,int,0,0,0,NULL,4,NULL,NULL,NULL,NULL,Number representing either a Sales Order or Invoice Number in CompUFloor
Payware,PaywareTransaction,5,TicketType,varchar(3),1,0,0,((0)),NULL,NULL,NULL,NULL,NULL,"Number indicating the type of reference number being used.  0 - Sales Order, 1 - Accounts Receivable"
Payware,PaywareTransaction,6,Amount,"decimal(18,2)",1,0,0,NULL,NULL,NULL,NULL,NULL,NULL,NULL
Payware,PaywareTransaction,7,CardExpirationDate,varchar(5),1,0,0,NULL,NULL,NULL,NULL,NULL,NULL,NULL
Payware,PaywareTransaction,8,AuthorizationCode,varchar(15),1,0,0,NULL,NULL,NULL,NULL,NULL,NULL,Merchant provided authorization code of the transaction.
Payware,PaywareTransaction,9,BatchNumber,varchar(15),1,0,0,NULL,NULL,NULL,NULL,NULL,NULL,NULL
Payware,PaywareTransaction,10,CTroutD,varchar(15),1,0,0,NULL,NULL,NULL,NULL,NULL,NULL,NULL
Payware,PaywareTransaction,11,PaymentMediaType,varchar(7),1,0,0,NULL,NULL,NULL,NULL,NULL,NULL,NULL
Payware,PaywareTransaction,12,Result,varchar(50),1,0,0,NULL,NULL,NULL,NULL,NULL,NULL,NULL
Payware,PaywareTransaction,13,TroutD,int,1,0,0,NULL,NULL,NULL,NULL,NULL,NULL,Merchant provided tranaction routing identifier for the transaction.
Payware,PaywareTransaction,14,IsApproved,bit,0,0,0,((0)),NULL,NULL,NULL,NULL,NULL,NULL
Payware,PaywareTransaction,15,Timestamp,datetime,0,0,0,(getdate()),NULL,NULL,NULL,NULL,NULL,Date and time of the transaction.
Payware,PaywareTransaction,16,CardEnding,varchar(4),1,0,0,NULL,NULL,NULL,NULL,NULL,NULL,NULL
